1787040631566672128,1.32621,3.00829,-0.24052,0.86684,-0.43128,0.15639,-0.19527,0.96779,1.35340,-0.03957,
1787040631633337856,1.37002,3.06918,-0.22540,0.87299,-0.43096,0.14011,-0.18036,0.83256,1.33729,0.16258,
1787040631700006912,1.42453,3.16802,-0.21089,0.87890,-0.42857,0.12601,-0.16730,0.77985,1.40862,0.28374,
1787040631766673152,1.46615,3.24762,-0.19309,0.87622,-0.44096,0.12059,-0.15248,0.73362,1.43781,0.18780,
1787040631833338880,1.51292,3.34214,-0.19126,0.87016,-0.45708,0.11559,-0.14333,0.71635,1.43651,-0.06405,
1787040631900006144,1.56685,3.44812,-0.20833,0.86545,-0.46900,0.11120,-0.13664,0.77839,1.51507,-0.30014,
1787040631966672896,1.62162,3.55701,-0.23723,0.85466,-0.48882,0.11285,-0.13369,0.77475,1.55905,-0.40419,
1787040632033339136,1.67401,3.66508,-0.26384,0.85095,-0.49488,0.11204,-0.13577,0.74853,1.59165,-0.29184,
1787040632100006144,1.72678,3.78154,-0.27632,0.85419,-0.48823,0.10825,-0.14238,0.77558,1.63421,-0.07548,
1787040632166671872,1.77745,3.88593,-0.27369,0.85348,-0.48511,0.11746,-0.14980,0.81127,1.60330,0.09217,
1787040632233338112,1.82370,3.98125,-0.25867,0.85466,-0.48211,0.11952,-0.15113,0.79770,1.50918,0.24440,
1787040632300005888,1.86888,4.07139,-0.23797,0.85272,-0.48523,0.12784,-0.14519,0.82289,1.42505,0.21047,
1787040632366671104,1.91947,4.16115,-0.22752,0.85359,-0.48268,0.13711,-0.14005,0.76585,1.37021,0.01772,
1787040632433339136,1.96414,4.24664,-0.22989,0.85995,-0.47170,0.13648,-0.13914,0.71768,1.39211,-0.17213,
1787040632500005120,2.00021,4.32457,-0.24368,0.86871,-0.45827,0.12771,-0.13796,0.73034,1.43472,-0.29100,
1787040632566673152,2.04559,4.41679,-0.26347,0.87654,-0.44662,0.11811,-0.13509,0.77220,1.48213,-0.23375,
1787040632633338880,2.08993,4.50732,-0.27501,0.88051,-0.44440,0.10683,-0.12572,0.77864,1.53833,-0.13534,
1787040632700005888,2.13246,4.60335,-0.27734,0.88443,-0.44357,0.09146,-0.11259,0.69793,1.57793,0.02701,
1787040632766673152,2.16972,4.70283,-0.26629,0.88585,-0.44721,0.07433,-0.09871,0.59221,1.61350,0.27933,
1787040632833338112,2.20597,4.81103,-0.24742,0.87851,-0.46483,0.07136,-0.08409,0.56679,1.66880,0.29638,
1787040632900006144,2.24218,4.92636,-0.23803,0.86770,-0.48607,0.07167,-0.07548,0.51266,1.60800,0.04908,
1787040632966671872,2.27481,5.03630,-0.24481,0.86879,-0.48673,0.05650,-0.07146,0.50088,1.60258,-0.19396,
1787040633033339136,2.30910,5.14764,-0.26479,0.87351,-0.48097,0.04214,-0.06216,0.54866,1.65378,-0.35380,
1787040633100007168,2.34383,5.26026,-0.28706,0.88036,-0.47050,0.03464,-0.04890,0.55525,1.73140,-0.27911,
1787040633166671872,2.37856,5.37610,-0.29879,0.88137,-0.46949,0.03677,-0.03765,0.55951,1.78586,-0.05490,
1787040633233339136,2.41357,5.49001,-0.29373,0.88326,-0.46570,0.04384,-0.03254,0.58528,1.77064,0.18216,
1787040633300005888,2.45455,5.60694,-0.28040,0.88012,-0.47076,0.05237,-0.03207,0.62003,1.70202,0.27356,
1787040633366672128,2.49922,5.72187,-0.26128,0.87455,-0.47965,0.06428,-0.03117,0.71494,1.68781,0.26835,
1787040633433339136,2.54306,5.82883,-0.25315,0.86635,-0.49153,0.08263,-0.03178,0.70980,1.68170,0.04971,
1787040633500005888,2.58619,5.92932,-0.26220,0.85890,-0.50142,0.09730,-0.03758,0.73210,1.69069,-0.20241,
1787040633566673152,2.63201,6.03737,-0.28464,0.84964,-0.51330,0.11159,-0.04668,0.74715,1.72227,-0.33306,
1787040633633338880,2.67404,6.13291,-0.30816,0.84810,-0.51384,0.11736,-0.05396,0.73625,1.69226,-0.27783,
1787040633700005888,2.71854,6.24128,-0.32402,0.84519,-0.51847,0.11621,-0.05779,0.71147,1.68828,-0.15058,
1787040633766673152,2.76407,6.35423,-0.32887,0.84645,-0.51799,0.10748,-0.06041,0.66418,1.77805,0.00700,
1787040633833338112,2.79719,6.45056,-0.32450,0.84166,-0.52712,0.10270,-0.05668,0.52673,1.70121,0.24431,
1787040633900006912,2.83122,6.56607,-0.30378,0.83835,-0.53311,0.10101,-0.05249,0.45863,1.68823,0.30780,
1787040633966672896,2.85135,6.64983,-0.28987,0.83908,-0.53294,0.09736,-0.04934,0.36429,1.57819,0.12311,
1787040634033339136,2.87511,6.75208,-0.28931,0.84850,-0.52016,0.08206,-0.05245,0.37296,1.61525,-0.12264,
1787040634100007168,2.90064,6.85374,-0.30249,0.85762,-0.50632,0.07304,-0.05282,0.42128,1.62381,-0.29243,
1787040634166671872,2.92291,6.94194,-0.32170,0.86784,-0.48897,0.06972,-0.05392,0.42830,1.69608,-0.26071,
1787040634233338112,2.95136,7.04881,-0.33531,0.86981,-0.48472,0.07450,-0.05419,0.43797,1.74534,-0.08081,
1787040634300004864,2.97797,7.14614,-0.33669,0.86890,-0.48438,0.08423,-0.05737,0.45309,1.69936,0.08185,
1787040634366672128,3.01155,7.26013,-0.32715,0.86672,-0.48560,0.09724,-0.05943,0.48775,1.61564,0.21081,
1787040634433339136,3.04626,7.36949,-0.31188,0.86743,-0.48373,0.10222,-0.05579,0.52353,1.66119,0.29029,
1787040634500005888,3.08271,7.48256,-0.29891,0.85917,-0.49775,0.10894,-0.04696,0.52786,1.59111,0.13150,
1787040634566670848,3.11711,7.58700,-0.29727,0.85685,-0.50064,0.11665,-0.03958,0.50703,1.56202,-0.09301,
1787040634633338880,3.14846,7.68864,-0.31107,0.85683,-0.50037,0.11876,-0.03712,0.52214,1.64037,-0.27491,
1787040634700005888,3.18546,7.80152,-0.33538,0.85139,-0.50935,0.12011,-0.03569,0.57455,1.68886,-0.35207,
1787040634766671872,3.22239,7.91259,-0.35446,0.84758,-0.51465,0.12454,-0.03517,0.57564,1.74500,-0.17264,
1787040634833339904,3.25556,8.02412,-0.36129,0.84632,-0.51879,0.11557,-0.03515,0.54344,1.74352,0.01226,
1787040634900006144,3.29220,8.14425,-0.35394,0.84998,-0.51408,0.11119,-0.02997,0.46517,1.67157,0.22673,
1787040634966672896,3.31829,8.26089,-0.33936,0.85291,-0.50987,0.10994,-0.02193,0.38471,1.72187,0.31854,
1787040635033340928,3.34267,8.38264,-0.32529,0.85284,-0.51070,0.10793,-0.01445,0.28344,1.68259,0.19527,
1787040635100006144,3.36394,8.50427,-0.32862,0.85951,-0.50165,0.09658,-0.01631,0.24232,1.70871,-0.05949,
1787040635166672896,3.38428,8.62429,-0.34131,0.86389,-0.49641,0.08226,-0.02256,0.29289,1.78569,-0.27067,
1787040635233339904,3.41288,8.76072,-0.37366,0.86829,-0.48988,0.07242,-0.02911,0.32553,1.82880,-0.33911,
1787040635300007168,3.43398,8.87998,-0.39076,0.86974,-0.48759,0.06934,-0.03146,0.35246,1.86950,-0.18652,
1787040635366672128,3.46397,9.00273,-0.40164,0.87203,-0.48231,0.07538,-0.03538,0.38553,1.83557,0.02096,
1787040635433340160,3.49126,9.12540,-0.39375,0.87252,-0.47958,0.08377,-0.04116,0.43012,1.79562,0.17316,
1787040635500005120,3.52370,9.25374,-0.38248,0.86608,-0.48997,0.08966,-0.04248,0.50387,1.85476,0.26086,
1787040635566673152,3.56532,9.39441,-0.38025,0.84769,-0.51900,0.10228,-0.04006,0.56330,1.86703,0.07679,
1787040635633337856,3.60535,9.52036,-0.39281,0.83072,-0.54187,0.12124,-0.03967,0.55358,1.80838,-0.18279,
1787040635700005120,3.64334,9.64520,-0.40662,0.82491,-0.54802,0.13248,-0.04057,0.50596,1.79708,-0.32530,
1787040635766671872,3.67608,9.77149,-0.43181,0.82539,-0.54785,0.12993,-0.04129,0.50382,1.84145,-0.37318,
1787040635833338880,3.70964,9.89303,-0.45340,0.82571,-0.54784,0.12731,-0.04325,0.52980,1.88458,-0.26237,
1787040635900006912,3.73969,10.01020,-0.46478,0.82505,-0.55015,0.12250,-0.04025,0.46053,1.89701,-0.10498,
1787040635966671872,3.76110,10.12824,-0.46967,0.82429,-0.55435,0.11053,-0.03211,0.34634,1.86818,0.08755,
1787040636033339136,3.78416,10.26688,-0.45932,0.81992,-0.56246,0.10339,-0.02620,0.28224,1.91085,0.23307,
1787040636100007168,3.79573,10.39252,-0.44534,0.81052,-0.57668,0.09977,-0.02319,0.19223,1.84533,0.18135,
1787040636166673920,3.80356,10.51080,-0.43930,0.81175,-0.57703,0.08646,-0.02498,0.16312,1.78966,-0.02727,
1787040636233339136,3.81469,10.62727,-0.44780,0.82214,-0.56409,0.07323,-0.02297,0.20870,1.76164,-0.22210,
1787040636300007168,3.82917,10.74553,-0.46664,0.83882,-0.54020,0.06557,-0.01647,0.23943,1.76247,-0.29952,
1787040636366673920,3.84335,10.86381,-0.48553,0.85332,-0.51740,0.06359,-0.01039,0.25218,1.83627,-0.21332,
1787040636433339136,3.85766,10.98029,-0.49315,0.86160,-0.50278,0.06942,-0.00606,0.26620,1.88623,-0.01622,
1787040636500005888,3.87271,11.10142,-0.48862,0.86282,-0.49980,0.07565,-0.00459,0.30235,1.89819,0.12633,
1787040636566673152,3.89164,11.21789,-0.47541,0.86295,-0.49958,0.07576,-0.00090,0.39529,1.83633,0.23229,
1787040636633337856,3.92120,11.33968,-0.46154,0.85472,-0.51156,0.08781,0.00723,0.46919,1.76057,0.15025,
1787040636700005888,3.95288,11.45314,-0.45599,0.85156,-0.51454,0.09941,0.01454,0.45283,1.68146,-0.04904,
1787040636766673152,3.97651,11.54794,-0.46229,0.85337,-0.50989,0.10730,0.01614,0.44791,1.69784,-0.23867,
1787040636833338880,4.00791,11.66398,-0.48231,0.85394,-0.50781,0.11276,0.01425,0.46365,1.75621,-0.34612,
1787040636900006144,4.03184,11.75291,-0.50129,0.85293,-0.50876,0.11662,0.00874,0.48945,1.79288,-0.26860,
1787040636966674176,4.06471,11.87502,-0.51455,0.84922,-0.51497,0.11671,0.00085,0.45168,1.81205,-0.11127,
1787040637033339136,4.08615,11.96783,-0.51009,0.84846,-0.51827,0.10714,-0.00552,0.37779,1.77476,0.07174,
1787040637100006144,4.10999,12.09243,-0.49899,0.85035,-0.51650,0.10003,-0.01136,0.33013,1.82211,0.25660,
1787040637166672896,4.12763,12.22134,-0.48136,0.83971,-0.53279,0.10455,-0.00919,0.25743,1.79633,0.24319,
1787040637233339136,4.14132,12.32967,-0.46868,0.83908,-0.53447,0.10056,-0.01331,0.17845,1.66804,0.05278,
1787040637300004864,4.15096,12.43383,-0.47594,0.84799,-0.52265,0.08518,-0.02222,0.18198,1.71029,-0.19652,
1787040637366672128,4.16579,12.55580,-0.49401,0.85236,-0.51647,0.07764,-0.02667,0.21242,1.75637,-0.30686,
1787040637433337856,4.18082,12.66969,-0.51188,0.85866,-0.50569,0.07743,-0.03132,0.25024,1.80013,-0.26191,
1787040637500006912,4.19876,12.79147,-0.52237,0.86049,-0.50071,0.08759,-0.03418,0.24992,1.79506,-0.09073,
1787040637566673920,4.21569,12.90620,-0.51571,0.86263,-0.49448,0.09787,-0.04227,0.27137,1.78978,0.13704,
1787040637633338880,4.23096,13.00316,-0.49896,0.86322,-0.49187,0.10335,-0.04713,0.29080,1.70994,0.26644,
1787040637700006912,4.25224,13.10994,-0.47913,0.85814,-0.50071,0.10447,-0.04432,0.37346,1.67665,0.25827,
1787040637766673152,4.28025,13.22625,-0.47076,0.85401,-0.50644,0.11289,-0.03788,0.39390,1.62119,0.02999,
1787040637833338880,4.30504,13.32749,-0.47474,0.85553,-0.50238,0.12107,-0.03190,0.39306,1.63894,-0.18268,
1787040637900006144,4.33263,13.44603,-0.49503,0.85607,-0.50045,0.12681,-0.02469,0.39298,1.69971,-0.29799,
1787040637966671872,4.35789,13.55911,-0.51337,0.86091,-0.49257,0.12596,-0.01858,0.38921,1.70532,-0.24348,
1787040638033338112,4.38220,13.67367,-0.52665,0.86389,-0.48882,0.12091,-0.01169,0.35748,1.73257,-0.11489,
1787040638100007168,4.40508,13.78867,-0.52670,0.87084,-0.47938,0.10847,-0.00846,0.33071,1.71941,0.06229,
1787040638166671872,4.42546,13.90426,-0.51582,0.87211,-0.47828,0.10332,0.00115,0.27353,1.74769,0.24932,
1787040638233339136,4.44492,14.04086,-0.49895,0.86706,-0.48734,0.10332,0.00535,0.21009,1.78670,0.29378,
1787040638300007168,4.45666,14.16017,-0.48491,0.86331,-0.49495,0.09853,0.00402,0.13592,1.70316,0.14537,
1787040638366672128,4.46687,14.28079,-0.48766,0.86852,-0.48866,0.08302,-0.00164,0.15171,1.72213,-0.10410,
1787040638433339136,4.47950,14.39261,-0.50048,0.87178,-0.48404,0.07554,-0.00278,0.19935,1.75040,-0.29386,
1787040638500005888,4.49769,14.51655,-0.51970,0.87797,-0.47283,0.07461,-0.00526,0.22275,1.77476,-0.28810,
1787040638566672128,4.51658,14.64160,-0.53240,0.88065,-0.46652,0.08206,-0.00940,0.24657,1.81228,-0.12052,
1787040638633338880,4.54032,14.78760,-0.53525,0.88317,-0.45895,0.09516,-0.01769,0.25659,1.84212,0.11970,
1787040638700005888,4.55327,14.90359,-0.52418,0.88080,-0.46108,0.10489,-0.02420,0.27540,1.77507,0.22919,
1787040638766673152,4.57418,15.01770,-0.50698,0.87942,-0.46297,0.10724,-0.02793,0.33341,1.75017,0.27840,
1787040638833338880,4.59864,15.14953,-0.49568,0.87509,-0.46903,0.11541,-0.02998,0.33597,1.72472,0.11262,
1787040638900008960,4.61904,15.26333,-0.49428,0.87238,-0.47229,0.12118,-0.03474,0.30366,1.72817,-0.09496,
1787040638966672896,4.63616,15.38198,-0.50875,0.87249,-0.47247,0.11815,-0.03968,0.29898,1.75847,-0.25698,
1787040639033338112,4.65508,15.49194,-0.52416,0.87673,-0.46587,0.11247,-0.04077,0.35995,1.75903,-0.30275,
1787040639100004864,4.67674,15.60665,-0.53956,0.88228,-0.45646,0.11004,-0.03339,0.38742,1.82354,-0.16039,
1787040639166672896,4.69483,15.72710,-0.54912,0.88567,-0.45307,0.09972,-0.01918,0.35435,1.83880,-0.01221,
1787040639233339136,4.71274,15.84427,-0.54297,0.88825,-0.45139,0.08499,0.00593,0.27647,1.82304,0.17655,
1787040639300005888,4.72977,15.97759,-0.52948,0.88702,-0.45495,0.07435,0.02638,0.25380,1.89638,0.29774,
1787040639366672128,4.75008,16.14550,-0.52031,0.87738,-0.47205,0.07471,0.04224,0.20834,1.89051,0.20027,
1787040639433340160,4.76579,16.27712,-0.51153,0.87767,-0.47135,0.06811,0.05375,0.15474,1.82698,-0.01785,
1787040639500005120,4.77980,16.41142,-0.52066,0.88361,-0.46138,0.05110,0.06117,0.15415,1.91912,-0.22821,
1787040639566673152,4.79583,16.57216,-0.53885,0.88463,-0.45986,0.03908,0.06662,0.18020,2.03523,-0.31604,
1787040639633337856,4.81513,16.72602,-0.55687,0.88203,-0.46456,0.03659,0.06982,0.22454,2.10481,-0.19298,
1787040639700005888,4.83433,16.86852,-0.56354,0.87893,-0.46997,0.04665,0.06659,0.25739,2.04476,0.03229,
1787040639766673920,4.86242,17.00697,-0.55608,0.87858,-0.47109,0.05443,0.05666,0.32048,2.01337,0.17545,
1787040639833338880,4.89071,17.19956,-0.53496,0.87525,-0.47760,0.06113,0.04578,0.40446,2.02280,0.29531,
1787040639900006912,4.92539,17.28647,-0.52525,0.86988,-0.48629,0.07475,0.03536,0.47735,1.89034,0.17281,
1787040639966672896,4.95684,17.41501,-0.52235,0.86779,-0.48822,0.09014,0.02162,0.46961,1.85635,-0.05243,
1787040640033338112,4.98304,17.52729,-0.52732,0.87196,-0.47910,0.10037,0.00851,0.44978,1.86637,-0.23951,
1787040640100006144,5.00739,17.65380,-0.54249,0.87685,-0.46970,0.10247,-0.00525,0.44209,1.91364,-0.30364,
1787040640166672896,5.03012,17.78228,-0.55910,0.88219,-0.46004,0.09894,-0.01752,0.47431,1.97137,-0.18195,
1787040640233338112,5.05383,17.91199,-0.56335,0.88447,-0.45574,0.09677,-0.02548,0.42872,1.96968,-0.04214,
1787040640300004864,5.07555,18.05981,-0.55065,0.88929,-0.44792,0.08789,-0.02839,0.37899,2.00052,0.14405,
1787040640366672128,5.10128,18.16690,-0.54146,0.89781,-0.43163,0.08287,-0.02776,0.32842,1.97113,0.33240,
1787040640433340160,5.12751,18.30910,-0.52277,0.89431,-0.43694,0.09114,-0.03126,0.30026,2.04708,0.28970,
1787040640500008192,5.14601,18.46995,-0.51253,0.88658,-0.44969,0.09879,-0.04460,0.24085,2.04773,0.03292,
1787040640566672128,5.15752,18.60610,-0.51576,0.88645,-0.44930,0.09379,-0.05945,0.23451,2.05241,-0.20111,
1787040640633339904,5.17061,18.74792,-0.53236,0.88764,-0.44512,0.09409,-0.07146,0.24181,2.04959,-0.33211,
1787040640700006912,5.18269,18.90271,-0.55068,0.89289,-0.43235,0.09554,-0.08178,0.21670,2.10339,-0.20137,
1787040640766674944,5.19529,19.04855,-0.55786,0.89643,-0.42263,0.09973,-0.08864,0.22858,2.09423,0.01225,
1787040640833338880,5.20954,19.19231,-0.55142,0.89675,-0.41705,0.10819,-0.10100,0.25692,2.08533,0.19045,
1787040640900005120,5.22378,19.32884,-0.53756,0.89687,-0.41364,0.10811,-0.11333,0.31497,2.02865,0.32971,
1787040640966671872,5.23742,19.48552,-0.52123,0.89117,-0.42256,0.11344,-0.11993,0.38403,2.00556,0.30016,
1787040641033339136,5.27454,19.61361,-0.50575,0.88693,-0.42735,0.12185,-0.12602,0.41491,1.95008,0.05303,
1787040641100007168,5.27623,19.74839,-0.51279,0.88628,-0.42476,0.13095,-0.13015,0.38378,1.96028,-0.17321,
1787040641166672896,5.29845,19.87272,-0.52798,0.88741,-0.41963,0.13723,-0.13256,0.38219,1.98535,-0.28476,
1787040641233339904,5.32665,20.01042,-0.54583,0.89065,-0.41108,0.13711,-0.13772,0.43092,2.04918,-0.22220,
1787040641300005888,5.35473,20.16249,-0.55736,0.88757,-0.41734,0.13979,-0.13603,0.46205,2.17202,-0.07302,
1787040641366672128,5.38632,20.29930,-0.56359,0.87825,-0.44107,0.13667,-0.12434,0.47496,2.25464,0.06109,
1787040641433337856,5.41282,20.45021,-0.55748,0.86624,-0.46812,0.13823,-0.10670,0.38668,2.22986,0.25572,
1787040641500006912,5.43523,20.60276,-0.54623,0.84867,-0.50178,0.13741,-0.09534,0.32440,2.22166,0.25255,
1787040641566673152,5.45799,20.76016,-0.54307,0.83308,-0.52986,0.13420,-0.08497,0.30097,2.15693,0.03878,
1787040641633337856,5.48280,20.90455,-0.55137,0.82775,-0.54120,0.12930,-0.07224,0.32119,2.11552,-0.17539,
1787040641700006912,5.50652,21.05280,-0.57126,0.83141,-0.54049,0.12044,-0.04610,0.32172,2.05479,-0.31090,
1787040641766673152,5.53085,21.18509,-0.59131,0.84770,-0.51887,0.11030,-0.00303,0.34569,2.02306,-0.25467,
1787040641833338112,5.56004,21.32601,-0.60166,0.85981,-0.49824,0.11114,0.01139,0.39663,2.01925,-0.10171,
1787040641900006144,5.59893,21.47107,-0.59917,0.86732,-0.48076,0.12874,0.00667,0.50108,2.04791,0.09939,
1787040641966674176,5.63883,21.60967,-0.58900,0.87328,-0.46687,0.13829,0.01696,0.52717,1.97124,0.23788,
1787040642033339136,5.67736,21.73171,-0.56559,0.87037,-0.47016,0.14223,0.03424,0.61024,1.99858,0.29079,
1787040642100006144,5.72200,21.86665,-0.55107,0.86361,-0.47915,0.14927,0.04820,0.59240,1.90639,0.10467,
1787040642166671872,5.77164,21.98972,-0.55084,0.86694,-0.47095,0.15262,0.05772,0.59879,1.89643,-0.14242,
1787040642233339136,5.81828,22.10296,-0.56524,0.87010,-0.46275,0.15761,0.06284,0.62181,1.91452,-0.29694,
1787040642300005888,5.87207,22.23861,-0.58620,0.87581,-0.45377,0.15363,0.05872,0.68981,1.91639,-0.24876,
1787040642366672128,5.92177,22.35817,-0.59844,0.88031,-0.44413,0.16003,0.04680,0.71540,1.91535,-0.09029,
1787040642433337856,5.97712,22.48695,-0.59926,0.88983,-0.43022,0.14835,0.03317,0.72624,1.96320,0.12333,
1787040642500006912,6.03252,22.59845,-0.58906,0.88925,-0.43090,0.15173,0.02313,0.72636,1.92250,0.27210,
1787040642566672128,6.08855,22.74582,-0.57573,0.88634,-0.43291,0.16424,0.00326,0.67393,2.00057,0.29335,
1787040642633338880,6.14314,22.91779,-0.56307,0.87940,-0.44479,0.16885,-0.01753,0.61055,2.03407,0.11261,
1787040642700006912,6.17682,23.01202,-0.55865,0.88104,-0.44254,0.16163,-0.04254,0.60424,1.98275,-0.11076,
1787040642766673920,6.22189,23.12247,-0.56994,0.88102,-0.44142,0.15769,-0.06386,0.65665,1.98051,-0.28339,
1787040642833338880,6.26067,23.22003,-0.57990,0.88624,-0.42842,0.15709,-0.07970,0.67107,1.92303,-0.27212,
1787040642900005120,6.30972,23.37063,-0.59026,0.89022,-0.41752,0.15922,-0.08854,0.69944,1.97711,-0.11164,
1787040642966672896,6.35791,23.50483,-0.58762,0.89303,-0.40804,0.16420,-0.09509,0.72451,1.97658,0.11907,
1787040643033339136,6.40900,23.64722,-0.57526,0.89071,-0.41026,0.16678,-0.10251,0.76449,1.94673,0.24869,
1787040643100006144,6.46278,23.77867,-0.55612,0.88680,-0.41747,0.16586,-0.10863,0.86952,1.88012,0.30352,
1787040643166671872,6.52405,23.89867,-0.54072,0.87904,-0.42942,0.17514,-0.11055,0.91493,1.81065,0.11767,
1787040643233339136,6.59086,24.04006,-0.54280,0.87474,-0.43317,0.18438,-0.11488,0.91337,1.79495,-0.12443,
1787040643300007168,6.65330,24.16222,-0.55638,0.87600,-0.42627,0.18962,-0.12230,0.93998,1.84553,-0.28075,
1787040643366672896,6.72042,24.28843,-0.57550,0.87704,-0.42147,0.19073,-0.12956,0.96998,1.86418,-0.30386,
1787040643433339136,6.79049,24.41913,-0.59199,0.87823,-0.41547,0.19270,-0.13768,1.02117,1.92966,-0.16237,
1787040643500011008,6.85596,24.54955,-0.59874,0.87754,-0.41565,0.18840,-0.14719,0.96510,1.92377,0.00980,
1787040643566672128,6.92367,24.67239,-0.58709,0.87919,-0.41236,0.18272,-0.15360,0.91773,1.91165,0.22695,
1787040643633337856,6.98316,24.79911,-0.56873,0.87566,-0.41667,0.18695,-0.15702,0.88783,1.98031,0.33949,
1787040643700006912,7.04393,24.93856,-0.54857,0.86473,-0.43525,0.19325,-0.15956,0.79579,1.94912,0.22296,
1787040643766671872,7.08985,25.05769,-0.54014,0.86463,-0.43469,0.18692,-0.16888,0.73386,1.88201,-0.01838,
1787040643833338112,7.13813,25.17399,-0.54465,0.86857,-0.42802,0.17584,-0.17739,0.77692,1.90100,-0.23647,
1787040643900007936,7.19422,25.30507,-0.56259,0.87189,-0.42101,0.16903,-0.18437,0.81003,1.91243,-0.29979,
1787040643966671872,7.25417,25.43867,-0.57333,0.87445,-0.41455,0.16852,-0.18733,0.85448,1.95009,-0.12551,
1787040644033339136,7.31416,25.56889,-0.57381,0.87492,-0.40967,0.17516,-0.18977,0.87449,1.90389,0.11931,
1787040644100006144,7.37445,25.68324,-0.55157,0.87442,-0.40606,0.18224,-0.19312,0.89476,1.85012,0.26983,
1787040644166671872,7.43088,25.80270,-0.53312,0.87456,-0.40777,0.17482,-0.19573,0.97108,1.80130,0.35212,
1787040644233339136,7.50467,25.92797,-0.50701,0.86699,-0.42237,0.18510,-0.18887,1.04688,1.71299,0.20314,
1787040644300005888,7.57290,26.02717,-0.49945,0.86536,-0.42458,0.19705,-0.17901,1.03736,1.65229,-0.04117,
1787040644366672896,7.64934,26.14264,-0.50568,0.86841,-0.41670,0.20546,-0.17322,1.06111,1.69679,-0.20934,
1787040644433340160,7.72316,26.26494,-0.52839,0.87013,-0.41375,0.20682,-0.17005,1.09828,1.77055,-0.28097,
1787040644500005888,7.79884,26.39212,-0.54809,0.87216,-0.41290,0.20350,-0.16566,1.13072,1.82602,-0.14370,
1787040644566673920,7.87392,26.50779,-0.55182,0.87540,-0.41396,0.19123,-0.16045,1.06029,1.80231,0.06702,
1787040644633339904,7.94520,26.63030,-0.53959,0.88103,-0.41084,0.17590,-0.15510,1.01102,1.81692,0.25628,
1787040644700005888,8.01477,26.76454,-0.51752,0.88159,-0.41343,0.17477,-0.14606,0.93230,1.91580,0.39471,
1787040644766673152,8.08381,26.92065,-0.49864,0.87286,-0.43756,0.16818,-0.13551,0.81310,1.94649,0.29550,
1787040644833338112,8.13729,27.05206,-0.48792,0.86856,-0.45151,0.15343,-0.13495,0.78965,1.89495,0.00678,
1787040644900005120,8.19711,27.20165,-0.49634,0.87074,-0.45327,0.13763,-0.13194,0.83943,1.90274,-0.21092,
1787040644966672896,8.25798,27.34050,-0.52044,0.87701,-0.44662,0.12820,-0.12228,0.90543,1.88719,-0.30372,
1787040645033339136,8.32568,27.48493,-0.53908,0.88236,-0.43831,0.13129,-0.10999,0.94343,1.93674,-0.14152,
1787040645100007168,8.39139,27.62654,-0.54440,0.88611,-0.43051,0.13740,-0.10290,0.91218,1.91060,0.07873,
1787040645166672896,8.44918,27.75014,-0.53379,0.88916,-0.42457,0.13683,-0.10205,0.94297,1.86797,0.22904,
1787040645233339904,8.50726,27.87261,-0.51926,0.89101,-0.42198,0.13263,-0.10219,1.03556,1.82130,0.33116,
1787040645300005888,8.58500,27.99661,-0.49962,0.88351,-0.43379,0.14650,-0.09885,1.14822,1.74590,0.23100,
1787040645366672896,8.66236,28.10760,-0.49052,0.87991,-0.43485,0.16378,-0.09917,1.12488,1.65618,-0.01067,
1787040645433339136,8.73334,28.22586,-0.49780,0.88268,-0.42381,0.17462,-0.10379,1.13650,1.70748,-0.20300,
1787040645500008192,8.80012,28.33399,-0.51387,0.88365,-0.41795,0.18286,-0.10511,1.12206,1.71646,-0.27649,
1787040645566673920,8.87630,28.46104,-0.52924,0.89093,-0.40239,0.17915,-0.11064,1.18252,1.80559,-0.16913,
1787040645633339904,8.95586,28.58432,-0.53647,0.89305,-0.39880,0.17744,-0.10926,1.17598,1.84417,-0.00219,
1787040645700005888,9.02562,28.70257,-0.52947,0.89556,-0.39612,0.17223,-0.10676,1.14521,1.88145,0.18397,
1787040645766673152,9.10282,28.83690,-0.51144,0.89518,-0.39698,0.17451,-0.10300,1.07915,1.92606,0.33856,
1787040645833338112,9.17461,28.97773,-0.49050,0.88652,-0.41369,0.18387,-0.09561,0.99207,1.95338,0.29148,
1787040645900005120,9.23590,29.10838,-0.47767,0.88265,-0.42341,0.18193,-0.09253,0.91227,1.90155,0.05460,
1787040645966672896,9.29727,29.26194,-0.48406,0.88509,-0.42319,0.17133,-0.09038,0.94381,1.95693,-0.16323,
1787040646033339136,9.36201,29.39100,-0.50081,0.88699,-0.42160,0.16728,-0.08675,0.97007,1.93633,-0.30384,
1787040646100004864,9.41962,29.52179,-0.51994,0.89135,-0.41183,0.16894,-0.08572,0.98309,1.97754,-0.21934,
1787040646166671872,9.48881,29.65534,-0.52825,0.89312,-0.40515,0.17394,-0.08911,0.97393,1.92688,-0.00533,
1787040646233339904,9.55304,29.78118,-0.51882,0.89459,-0.39894,0.17938,-0.09158,1.00392,1.88597,0.23233,
1787040646300005888,9.62348,29.92504,-0.49680,0.89683,-0.39279,0.17942,-0.09603,0.99397,1.81604,0.34711,
1787040646366672896,9.69595,30.04847,-0.47144,0.89368,-0.39570,0.18949,-0.09411,1.08232,1.75721,0.28133,
1787040646433339136,9.75744,30.15570,-0.45211,0.89140,-0.39393,0.20624,-0.08770,1.01500,1.76443,0.05837,
1787040646500005888,9.82169,30.27720,-0.45705,0.89248,-0.39075,0.21051,-0.08050,0.99976,1.82683,-0.15608,
1787040646566672128,9.88176,30.40193,-0.46746,0.89181,-0.39126,0.21428,-0.07531,0.97844,1.89854,-0.26755,
1787040646633337856,9.94704,30.53311,-0.48919,0.89301,-0.39250,0.20824,-0.07153,1.01413,1.95951,-0.23505,
1787040646700009216,10.01231,30.66201,-0.50097,0.89373,-0.39727,0.20064,-0.05633,1.03376,1.97118,-0.12079,
1787040646766673152,10.06679,30.78657,-0.50621,0.89901,-0.39387,0.18763,-0.03784,1.00715,2.01969,0.08016,
1787040646833338880,10.12116,30.91936,-0.49349,0.90009,-0.39798,0.17698,-0.01122,0.91951,2.07357,0.28184,
1787040646900006912,10.16892,31.05168,-0.46992,0.89480,-0.41174,0.17112,0.02267,0.77975,2.15269,0.33325,
1787040646966672896,10.20365,31.18565,-0.45686,0.88751,-0.43228,0.14861,0.05805,0.63850,2.13852,0.11712,
1787040647033339904,10.23763,31.32829,-0.46280,0.88356,-0.44318,0.12028,0.09190,0.62531,2.12946,-0.12728,
1787040647100006144,10.28613,31.49870,-0.47652,0.87935,-0.44870,0.10307,0.12157,0.66680,2.14464,-0.30176,
1787040647166671872,10.32141,31.62504,-0.49684,0.87876,-0.44701,0.09678,0.13635,0.65803,2.13305,-0.27262,
1787040647233338112,10.38373,31.84042,-0.51583,0.87663,-0.44837,0.09127,0.14887,0.67506,2.19655,-0.14343,
1787040647300004864,10.41381,31.95264,-0.51377,0.87778,-0.44136,0.08312,0.16671,0.69289,2.12481,0.12419,
1787040647366672896,10.45673,32.08290,-0.49983,0.87553,-0.43803,0.07729,0.18866,0.69087,2.00611,0.25687,
1787040647433339136,10.49875,32.20282,-0.47959,0.87111,-0.43938,0.07148,0.20738,0.75493,1.96803,0.27474,
1787040647500006912,10.54258,32.31364,-0.46541,0.86600,-0.44307,0.07926,0.21784,0.72672,1.89852,0.07641,
1787040647566673152,10.58677,32.42884,-0.46626,0.86960,-0.43623,0.07902,0.21739,0.70953,1.88794,-0.11902,
1787040647633338880,10.63506,32.55177,-0.47961,0.87415,-0.42929,0.07865,0.21305,0.73566,1.97628,-0.27427,
1787040647700005888,10.68352,32.68157,-0.50143,0.87449,-0.42925,0.07842,0.21183,0.78367,2.04354,-0.28832,
1787040647766671872,10.73483,32.78675,-0.51994,0.87413,-0.42992,0.08126,0.21087,0.82862,2.03279,-0.18641,
1787040647833338880,10.79103,32.91776,-0.52515,0.87864,-0.42263,0.07803,0.20807,0.82484,2.04219,0.02052,
1787040647900006144,10.84723,33.02182,-0.52017,0.88156,-0.41434,0.07924,0.21189,0.77540,2.03558,0.20813,
1787040647966671104,10.89568,33.15886,-0.50092,0.88167,-0.41425,0.08791,0.20815,0.65279,2.12034,0.30669,
1787040648033338112,10.93931,33.28337,-0.48802,0.87915,-0.42357,0.09098,0.19850,0.52087,2.09420,0.13814,
1787040648100006144,10.97613,33.43854,-0.48530,0.88164,-0.42497,0.07922,0.18929,0.45516,2.11413,-0.08734,
1787040648166671872,11.00256,33.56856,-0.49542,0.88466,-0.42256,0.06373,0.18642,0.49060,2.14969,-0.29813,
1787040648233338112,11.03493,33.71054,-0.51837,0.88653,-0.41929,0.06075,0.18593,0.51301,2.18218,-0.35526,
1787040648300005888,11.05788,33.81977,-0.53561,0.88530,-0.42172,0.06463,0.18498,0.52129,2.19093,-0.22029,
1787040648366672896,11.09137,33.96314,-0.54338,0.88466,-0.42340,0.07250,0.18125,0.52638,2.15964,0.04489,
1787040648433337856,11.12901,34.10367,-0.53482,0.87864,-0.43561,0.08438,0.17642,0.59843,2.05825,0.15063,
1787040648500005888,11.17954,34.24651,-0.53160,0.87108,-0.45043,0.10077,0.16785,0.67889,2.01227,0.19983,
1787040648566672128,11.20786,34.35161,-0.51482,0.85970,-0.46847,0.12900,0.15749,0.65880,1.91960,0.07082,
1787040648633337856,11.23977,34.44870,-0.51432,0.85554,-0.47626,0.14959,0.13730,0.59234,1.88578,-0.11807,
1787040648700005120,11.27408,34.55144,-0.53961,0.84996,-0.48844,0.16663,0.10601,0.58700,1.91355,-0.29302,
1787040648766673152,11.31582,34.69595,-0.56324,0.84396,-0.50121,0.17872,0.06766,0.57175,1.95748,-0.35921,
1787040648833338880,11.35052,34.82153,-0.58230,0.84247,-0.50619,0.18039,0.03834,0.57631,2.00019,-0.25274,
1787040648900006912,11.38561,34.95029,-0.59257,0.84367,-0.50620,0.17727,0.02373,0.57527,2.02690,-0.08211,
1787040648966672896,11.42050,35.08337,-0.59170,0.84076,-0.51321,0.17124,0.02053,0.52715,2.07381,0.07228,
1787040649033338112,11.45196,35.22385,-0.58139,0.84265,-0.51158,0.16581,0.02718,0.47035,2.14665,0.18566,
1787040649100007168,11.47636,35.36552,-0.56713,0.83481,-0.52529,0.15786,0.04748,0.34303,2.15012,0.16252,
1787040649166672896,11.49238,35.49983,-0.55677,0.83432,-0.52901,0.13863,0.06962,0.24528,2.04796,0.01287,
1787040649233339136,11.50040,35.62262,-0.55309,0.84445,-0.51454,0.10927,0.10108,0.20316,2.05912,-0.16196,
1787040649300007168,11.50671,35.74722,-0.56051,0.84868,-0.50158,0.08120,0.14684,0.15022,2.05484,-0.26760,
1787040649366672128,11.51132,35.87488,-0.57294,0.85183,-0.48363,0.04796,0.19545,0.10934,2.05245,-0.19989,
1787040649433339136,11.51526,36.00654,-0.57962,0.84976,-0.46959,0.02229,0.23854,0.09884,2.06827,-0.04395,
1787040649500006912,11.51811,36.13615,-0.57411,0.83890,-0.46646,0.00487,0.28041,0.10806,2.04424,0.07906,
1787040649566673152,11.52151,36.26818,-0.55701,0.82862,-0.45484,-0.01649,0.32593,0.10126,2.00424,0.23354,
1787040649633338880,11.49465,36.47135,-0.49935,0.80687,-0.46235,-0.02741,0.36667,0.08218,2.09100,0.27093,
1787040649700006912,11.45226,36.51203,-0.48795,0.79165,-0.46566,-0.03603,0.39390,0.01473,1.94586,0.09714,
1787040649766671872,11.45401,36.53472,-0.50104,0.78511,-0.45878,-0.04501,0.41363,0.02992,1.79984,-0.11518,
1787040649833338880,11.45768,36.59373,-0.56517,0.77969,-0.45190,-0.05542,0.42988,0.02659,1.76802,-0.35994,
1787040649900006144,11.46128,36.70598,-0.58993,0.77278,-0.44663,-0.06822,0.44574,0.03788,1.80820,-0.35199,
1787040649966671872,11.46624,36.81887,-0.61104,0.76101,-0.44816,-0.07968,0.46225,0.05259,1.81705,-0.26902,
1787040650033338112,11.47226,36.92615,-0.62071,0.75588,-0.43755,-0.09099,0.47844,0.01238,1.75930,-0.04649,
1787040650100006144,11.47233,37.04077,-0.61700,0.74810,-0.43096,-0.09681,0.49523,-0.09984,1.76461,0.14747,
1787040650166672896,11.46805,37.13585,-0.60299,0.73512,-0.43682,-0.09649,0.50939,-0.23259,1.63662,0.21973,
1787040650233339136,11.46192,37.21103,-0.59165,0.72557,-0.43892,-0.10586,0.51931,-0.26195,1.47433,0.04167,
1787040650300007168,11.45269,37.29684,-0.59377,0.72715,-0.42602,-0.11981,0.52480,-0.27140,1.47534,-0.15380,
1787040650366674944,11.44393,37.38827,-0.60816,0.72534,-0.41974,-0.12750,0.53052,-0.25214,1.54522,-0.32078,
1787040650433337856,11.43605,37.48329,-0.62885,0.72614,-0.41261,-0.12499,0.53558,-0.27449,1.57825,-0.34515,
1787040650500005888,11.41549,37.58641,-0.64852,0.72319,-0.41256,-0.12054,0.54061,-0.33784,1.57859,-0.25196,
1787040650566672128,11.40600,37.67656,-0.65043,0.72601,-0.40374,-0.11907,0.54381,-0.31821,1.54013,0.02961,
1787040650633339904,11.38415,37.78184,-0.64442,0.72009,-0.41449,-0.11900,0.54360,-0.23943,1.52938,0.14358,
1787040650700009216,11.37264,37.87787,-0.63145,0.72036,-0.41892,-0.11307,0.54111,-0.11745,1.48345,0.20469,
1787040650766671872,11.36414,37.96978,-0.61706,0.71869,-0.42502,-0.10452,0.54029,-0.06209,1.41512,0.08807,
1787040650833338112,11.37655,38.02769,-0.60282,0.72153,-0.42126,-0.09610,0.54102,-0.02387,1.34408,-0.07031,
1787040650900006144,11.37112,38.11719,-0.61221,0.72376,-0.41606,-0.09195,0.54278,-0.03735,1.40516,-0.22229,
1787040650966671872,11.37795,38.19350,-0.61877,0.72477,-0.41546,-0.08584,0.54289,0.01728,1.41218,-0.29355,
1787040651033339136,11.37986,38.29326,-0.63744,0.72881,-0.41350,-0.07882,0.54003,0.04926,1.44336,-0.24328,
1787040651100007168,11.38949,38.37490,-0.64083,0.72966,-0.41065,-0.07745,0.54126,0.06379,1.38676,-0.10838,
1787040651166673920,11.39252,38.46709,-0.64106,0.72875,-0.40184,-0.08226,0.54835,0.03312,1.34841,0.09195,
1787040651233339136,11.39153,38.56469,-0.62441,0.73029,-0.39572,-0.08111,0.55091,-0.04126,1.28938,0.23100,
1787040651300005888,11.37903,38.65537,-0.60868,0.72009,-0.39839,-0.08636,0.56151,-0.18336,1.22552,0.25381,
1787040651366673920,11.37093,38.72201,-0.58891,0.71278,-0.39734,-0.10068,0.56915,-0.16073,1.12340,0.12607,
1787040651433337856,11.35790,38.81314,-0.58387,0.71018,-0.39086,-0.11296,0.57456,-0.16043,1.20386,-0.03899,
1787040651500005888,11.34796,38.90359,-0.58971,0.70868,-0.39298,-0.11721,0.57412,-0.11451,1.25880,-0.17621,
1787040651566673152,11.33826,39.00361,-0.60484,0.71125,-0.39525,-0.11231,0.57034,-0.09409,1.30456,-0.22077,
1787040651633338880,11.33255,39.08660,-0.61746,0.71373,-0.40163,-0.10719,0.56372,-0.10251,1.28561,-0.12511,
1787040651700005888,11.32810,39.16901,-0.61713,0.71898,-0.39931,-0.10603,0.55891,-0.06881,1.29370,0.12767,
1787040651766673152,11.32661,39.25586,-0.60733,0.70958,-0.41608,-0.10173,0.55949,0.03499,1.19589,0.15631,
1787040651833338880,11.33499,39.32592,-0.59514,0.70884,-0.41338,-0.09682,0.56328,0.11213,1.06190,0.16984,
1787040651900006912,11.34628,39.39498,-0.58416,0.70395,-0.41466,-0.09408,0.56892,0.16668,0.97616,0.11836,
1787040651966671872,11.35895,39.45801,-0.57819,0.70439,-0.40885,-0.09008,0.57321,0.20023,0.92513,0.04301,
1787040652033339136,11.37245,39.52087,-0.57939,0.70480,-0.40209,-0.08880,0.57767,0.20368,0.94136,-0.02729,
1787040652100007168,11.39086,39.58745,-0.58472,0.70322,-0.40017,-0.08852,0.58096,0.24463,0.94677,-0.09860,
1787040652166672896,11.40787,39.63993,-0.59496,0.69876,-0.40072,-0.08932,0.58582,0.23254,0.91040,-0.11781,
1787040652233339136,11.42049,39.70890,-0.60978,0.69985,-0.41164,-0.09517,0.57594,0.22922,0.96847,-0.13771,
1787040652300007936,11.43705,39.79137,-0.62548,0.72626,-0.47445,-0.07897,0.49114,0.28978,1.15052,-0.20354,
1787040652366672896,11.45968,39.86246,-0.63825,0.75207,-0.54964,-0.03885,0.36163,0.30442,1.02619,-0.10695,
1787040652433340160,11.47964,39.93463,-0.64332,0.77377,-0.58214,-0.01458,0.24938,0.30430,0.96270,0.00821,
1787040652500006912,11.50093,39.99845,-0.64112,0.78321,-0.59868,0.01310,0.16732,0.33609,0.83121,0.04364,
1787040652566672128,11.52265,40.05336,-0.63765,0.80059,-0.59044,0.04197,0.09308,0.31875,0.74097,0.04342,
1787040652633338880,11.53238,40.13128,-0.64050,0.81963,-0.56794,0.07060,0.02576,0.25004,0.75222,-0.01535,
1787040652700006912,11.55474,40.16388,-0.64089,0.83327,-0.54558,0.08800,-0.01609,0.22132,0.81550,-0.08872,
1787040652766673920,11.56778,40.22359,-0.64572,0.84021,-0.53050,0.10456,-0.04104,0.19656,0.87961,-0.12321,
1787040652833338880,11.57952,40.28575,-0.65183,0.84706,-0.51425,0.11879,-0.06269,0.18283,0.93526,-0.12540,
1787040652900006144,11.59111,40.35000,-0.66115,0.85164,-0.49958,0.13412,-0.08452,0.18080,0.96464,-0.13768,
1787040652966672896,11.61378,40.41279,-0.66858,0.85506,-0.48255,0.15314,-0.11213,0.23017,0.97274,-0.07656,
1787040653033339904,11.65138,40.44507,-0.66433,0.84861,-0.46427,0.18623,-0.17212,0.31722,0.88557,0.01187,
1787040653100006144,11.64578,40.53014,-0.67024,0.82759,-0.44109,0.22789,-0.26191,0.26512,0.89639,0.04927,
1787040653166673920,11.66501,40.59128,-0.66903,0.79579,-0.42156,0.26026,-0.34823,0.30170,0.93621,0.05979,
1787040653233339136,11.67020,40.67518,-0.64317,0.76337,-0.40731,0.28450,-0.41282,0.27684,0.96941,0.02630,
1787040653300005888,11.65732,40.76613,-0.68923,0.74087,-0.38838,0.30167,-0.45746,0.22634,1.01191,-0.16258,
1787040653366672896,11.71478,40.79460,-0.68395,0.72576,-0.37133,0.31692,-0.48471,0.33231,0.97474,-0.23206,
1787040653433339136,11.74983,40.85942,-0.66799,0.71669,-0.35743,0.32706,-0.50163,0.36965,1.01909,-0.25607,
1787040653500006912,11.78192,40.89910,-0.61889,0.71364,-0.33824,0.33239,-0.51559,0.42258,1.06820,-0.12062,
1787040653566673920,11.82658,40.99250,-0.63368,0.70955,-0.32842,0.33362,-0.52667,0.46879,1.21012,-0.14037,
1787040653633338880,11.86494,41.09652,-0.63855,0.71485,-0.33078,0.32907,-0.52085,0.52392,1.32831,0.03278,
1787040653700006912,11.89849,41.19527,-0.62898,0.73927,-0.33569,0.32425,-0.48545,0.57990,1.49176,0.26069,
1787040653766673920,11.93273,41.29424,-0.61421,0.76405,-0.36592,0.31983,-0.42432,0.54333,1.62268,0.28315,
1787040653833338112,11.96328,41.40027,-0.60408,0.78780,-0.39747,0.29675,-0.36513,0.43710,1.64206,0.12467,
1787040653900007936,11.99231,41.50732,-0.60861,0.80983,-0.41880,0.26801,-0.31137,0.44628,1.65543,-0.09338,
1787040653966672896,12.02372,41.61552,-0.62472,0.82643,-0.43416,0.24388,-0.26277,0.42773,1.61832,-0.23452,
1787040654033339136,12.05661,41.72271,-0.64305,0.84422,-0.43620,0.22549,-0.21489,0.43916,1.61718,-0.14845,
1787040654100007168,12.09237,41.83091,-0.65290,0.85338,-0.44556,0.21285,-0.16708,0.45866,1.59284,-0.01962,
1787040654166672896,12.13093,41.93602,-0.65208,0.86430,-0.44235,0.20207,-0.12840,0.48879,1.53688,0.12229,
1787040654233339136,12.17413,42.03723,-0.64097,0.87336,-0.43850,0.18661,-0.10063,0.59996,1.52392,0.28527,
1787040654300007168,12.22599,42.13879,-0.62376,0.87136,-0.44967,0.17964,-0.07915,0.69433,1.51139,0.27554,
1787040654366672896,12.27991,42.23630,-0.61434,0.87095,-0.45523,0.17545,-0.05859,0.70102,1.42480,0.04510,
1787040654433339136,12.33617,42.33426,-0.61922,0.87990,-0.44229,0.16800,-0.04400,0.73509,1.49277,-0.16163,
1787040654500005888,12.39661,42.42940,-0.63691,0.88696,-0.43337,0.15750,-0.02618,0.81322,1.55601,-0.28204,
1787040654566673152,12.46275,42.53756,-0.65604,0.89112,-0.42840,0.14953,-0.00417,0.87568,1.63596,-0.19262,
1787040654633338880,12.52734,42.64473,-0.66815,0.89247,-0.42979,0.13530,0.02182,0.88436,1.66389,-0.02150,
1787040654700006912,12.58864,42.75407,-0.67034,0.89537,-0.42706,0.11484,0.05246,0.84753,1.68747,0.14471,
1787040654766673152,12.67789,42.71275,-0.70391,0.89656,-0.42314,0.08974,0.09528,0.79957,1.53725,0.21431,
1787040654833338880,12.75240,42.86891,-0.69387,0.87956,-0.44354,0.07024,0.15720,0.71259,1.63815,0.17120,
1787040654900006144,12.80974,43.00454,-0.69530,0.85854,-0.46007,0.04101,0.22261,0.67271,1.62773,-0.06104,
1787040654966674176,12.84734,43.10121,-0.70016,0.83795,-0.46373,0.00693,0.28766,0.64861,1.59865,-0.23376,
1787040655033338112,12.88910,43.20769,-0.71990,0.81089,-0.46526,-0.02395,0.35414,0.63111,1.55608,-0.33353,
1787040655100007936,12.92937,43.30968,-0.74049,0.78482,-0.45610,-0.05252,0.41625,0.62660,1.53596,-0.24706,
1787040655166672896,12.97081,43.41474,-0.74701,0.76482,-0.44025,-0.07987,0.46351,0.62019,1.53865,0.09350,
1787040655233338112,13.01208,43.51918,-0.73862,0.73756,-0.43775,-0.10800,0.50271,0.66843,1.57146,0.14124,
1787040655300005888,13.05691,43.61990,-0.72626,0.70040,-0.44660,-0.12065,0.54354,0.71679,1.42792,0.22078,
1787040655366672896,13.10888,43.72471,-0.71583,0.68044,-0.43510,-0.13543,0.57389,0.82695,1.34949,0.16462,
1787040655433339136,13.16153,43.81085,-0.71013,0.67093,-0.42412,-0.13970,0.59200,0.87027,1.36823,-0.02202,
1787040655500005888,13.21795,43.90219,-0.71515,0.66598,-0.41300,-0.14151,0.60488,0.87958,1.39432,-0.17434,
1787040655566673920,13.27231,43.99580,-0.72582,0.65843,-0.40776,-0.14460,0.61587,0.92999,1.44202,-0.25306,
1787040655633339904,13.33286,44.09181,-0.73627,0.65880,-0.40081,-0.14228,0.62056,1.02805,1.44682,-0.18881,
1787040655700006912,13.39472,44.18997,-0.73723,0.66166,-0.39309,-0.14148,0.62263,0.99673,1.49121,0.08368,
1787040655766673152,13.45923,44.29149,-0.72951,0.66082,-0.39463,-0.14141,0.62257,0.96343,1.50118,0.16780,
1787040655833338880,13.50438,44.39130,-0.71190,0.66993,-0.39331,-0.12631,0.61689,0.78371,1.35745,0.24091,
1787040655900006912,13.54575,44.48102,-0.69567,0.66783,-0.39833,-0.12730,0.61574,0.63978,1.27675,0.18702,
1787040655966672896,13.56699,44.56300,-0.67937,0.66906,-0.39665,-0.13769,0.61325,0.60938,1.22433,0.09172,
1787040656033339136,13.60505,44.64853,-0.68048,0.67733,-0.39208,-0.14254,0.60595,0.59722,1.31860,-0.06342,
1787040656100006144,13.65040,44.74578,-0.68996,0.69528,-0.39913,-0.13074,0.58326,0.68440,1.42255,-0.18128,
1787040656166672896,13.66922,44.82009,-0.69098,0.72424,-0.41004,-0.10627,0.54411,0.65112,1.38957,-0.22005,
1787040656233339136,13.68974,44.90942,-0.69657,0.75459,-0.40857,-0.08925,0.50566,0.55786,1.39789,-0.14934,
1787040656300005888,13.69324,44.99944,-0.70268,0.77718,-0.41132,-0.07224,0.47074,0.51152,1.41495,-0.02209,
1787040656366672128,13.70083,45.08633,-0.69559,0.79465,-0.42051,-0.05562,0.43429,0.49213,1.41180,0.13369,
1787040656433346048,13.71481,45.16237,-0.67955,0.81512,-0.41414,-0.04689,0.40232,0.50952,1.40019,0.23740,
1787040656500008192,13.73534,45.23840,-0.66123,0.82221,-0.42604,-0.03201,0.37608,0.57042,1.40552,0.14815,
1787040656566673920,13.76284,45.30981,-0.65410,0.83129,-0.42802,-0.00831,0.35453,0.56129,1.33714,-0.00779,
1787040656633337856,13.79552,45.39081,-0.65794,0.84077,-0.42904,0.00579,0.33015,0.55657,1.34229,-0.15524,
1787040656700005888,13.83337,45.47776,-0.66903,0.85013,-0.42927,0.01765,0.30447,0.58381,1.34873,-0.22284,
1787040656766673152,13.87255,45.56875,-0.68112,0.85832,-0.42974,0.02656,0.27913,0.61811,1.37769,-0.13851,
1787040656833338880,13.91360,45.65974,-0.68563,0.86596,-0.43096,0.03413,0.25143,0.64189,1.34643,0.03646,
1787040656900006144,13.95408,45.74769,-0.67680,0.87707,-0.43004,0.04213,0.20986,0.60269,1.33131,0.19452,
1787040656966672896,13.99063,45.83537,-0.65966,0.88566,-0.42976,0.06141,0.16474,0.51074,1.32653,0.30575,
1787040657033339904,14.02133,45.92193,-0.63920,0.88725,-0.43790,0.08145,0.12000,0.42995,1.30361,0.29807,
1787040657100007168,14.04627,46.00577,-0.62550,0.89012,-0.43998,0.09621,0.06968,0.36165,1.28150,0.13223,
1787040657166672896,14.04207,46.12762,-0.61916,0.89462,-0.43495,0.09815,0.02892,0.30629,1.40089,-0.03457,
1787040657233339136,14.08714,46.17876,-0.63255,0.89840,-0.42769,0.09974,0.00221,0.37190,1.38170,-0.19308,
1787040657300007168,14.11020,46.26910,-0.64703,0.90260,-0.41724,0.10466,-0.01642,0.38673,1.43501,-0.21336,
1787040657366675968,14.13662,46.36559,-0.65733,0.90564,-0.40722,0.11402,-0.03133,0.39339,1.48538,-0.10007,
1787040657433341952,14.16612,46.46065,-0.65363,0.90824,-0.39534,0.12695,-0.05183,0.42700,1.48195,0.21767,
1787040657500005888,14.19661,46.56029,-0.63824,0.90326,-0.40039,0.13698,-0.07104,0.47419,1.45596,0.28913,
1787040657566672128,14.23272,46.66252,-0.62196,0.89805,-0.40808,0.13935,-0.08697,0.56287,1.36129,0.31084,
1787040657633338880,14.27484,46.75329,-0.60889,0.89388,-0.40936,0.15155,-0.10212,0.62139,1.27477,0.15779,
1787040657700005120,14.32084,46.84520,-0.60825,0.88954,-0.40942,0.16486,-0.11801,0.69027,1.28406,-0.03699,
1787040657766673920,14.36878,46.92840,-0.62135,0.88617,-0.40652,0.18053,-0.12982,0.72054,1.25648,-0.19660,
1787040657833338880,14.41936,47.01022,-0.64034,0.88588,-0.39914,0.19053,-0.14003,0.75984,1.27002,-0.28024,
1787040657900006144,14.47406,47.09559,-0.65874,0.88706,-0.39027,0.19696,-0.14840,0.80886,1.28059,-0.18847,
1787040657966672896,14.54605,47.14089,-0.67559,0.88893,-0.38123,0.20112,-0.15497,0.83525,1.24159,-0.04581,
1787040658033338112,14.61613,47.26522,-0.67522,0.89040,-0.37788,0.19504,-0.16234,0.82927,1.34367,0.09939,
1787040658100007168,14.67071,47.35738,-0.66290,0.89089,-0.37400,0.19524,-0.16826,0.78632,1.33848,0.25444,
1787040658166672896,14.72314,47.44879,-0.64415,0.88656,-0.38060,0.20136,-0.16914,0.76561,1.38364,0.27377,
1787040658233339904,14.77000,47.53367,-0.63054,0.88278,-0.38851,0.20205,-0.17009,0.70367,1.35020,0.10877,
1787040658300007168,14.81594,47.62040,-0.62902,0.88562,-0.38758,0.19001,-0.17133,0.72901,1.36324,-0.07843,
1787040658366672896,14.86706,47.71054,-0.64019,0.88710,-0.38803,0.18247,-0.17085,0.79532,1.37426,-0.24849,
1787040658433339136,14.92219,47.80250,-0.65798,0.88986,-0.38312,0.18223,-0.16781,0.83956,1.37593,-0.25337,
1787040658500005888,14.98082,47.89882,-0.67044,0.89139,-0.38084,0.18537,-0.16133,0.85894,1.40790,-0.12121,
1787040658566673920,15.03958,47.99513,-0.66976,0.89586,-0.37296,0.18772,-0.15199,0.89172,1.41620,0.13036,
1787040658633338880,15.10089,48.09002,-0.65795,0.89610,-0.37571,0.18715,-0.14429,0.93009,1.38657,0.23407,
1787040658700006912,15.16606,48.17073,-0.63943,0.89453,-0.38339,0.18128,-0.14133,1.06001,1.30509,0.28338,
1787040658766673152,15.23823,48.24778,-0.62402,0.89019,-0.39210,0.19058,-0.13228,1.09199,1.18345,0.13143,
1787040658833338880,15.31490,48.31650,-0.62301,0.89043,-0.38993,0.19785,-0.12628,1.12554,1.13950,-0.09221,
1787040658900006144,15.38963,48.38983,-0.63472,0.89111,-0.38450,0.20595,-0.12518,1.16607,1.12715,-0.24573,
1787040658966671872,15.46760,48.44369,-0.65272,0.89050,-0.37734,0.21475,-0.13605,1.21743,1.10586,-0.31127,
1787040659033339136,15.54667,48.50814,-0.66931,0.88917,-0.37030,0.22291,-0.15022,1.25399,1.09355,-0.15720,
1787040659100006144,15.63182,48.57094,-0.67565,0.88859,-0.36427,0.22474,-0.16497,1.23890,1.08922,0.05009,
1787040659166672896,15.71208,48.63699,-0.66865,0.88713,-0.36192,0.22353,-0.17904,1.17410,1.11142,0.21298,
1787040659233339904,15.78687,48.70740,-0.65237,0.88578,-0.35755,0.22437,-0.19288,1.10254,1.15439,0.32996,
1787040659300004864,15.85632,48.77882,-0.63261,0.88028,-0.36711,0.22659,-0.19745,1.02912,1.18857,0.27839,
1787040659366672128,15.92780,48.86700,-0.62191,0.87588,-0.37483,0.22305,-0.20638,0.99898,1.19189,0.06635,
1787040659433337856,15.98316,48.89181,-0.63629,0.87507,-0.37616,0.21489,-0.21581,1.00823,1.14199,-0.13428,
1787040659500008192,16.06195,49.01255,-0.64113,0.87637,-0.37601,0.20534,-0.22007,1.06695,1.20840,-0.26416,
1787040659566673152,16.13621,49.09433,-0.65878,0.88086,-0.37021,0.19845,-0.21829,1.10758,1.22353,-0.22388,
1787040659633339904,16.21358,49.17829,-0.66797,0.88427,-0.36321,0.19672,-0.21784,1.15836,1.24194,-0.08403,
1787040659700005120,16.29167,49.24950,-0.66817,0.88292,-0.35097,0.20497,-0.23509,1.21123,1.17011,0.13239,
1787040659766673152,16.37020,49.32703,-0.65591,0.86068,-0.34078,0.23026,-0.30013,1.20167,1.10226,0.25450,
1787040659833338880,16.46605,49.36544,-0.65185,0.82673,-0.33350,0.25550,-0.37417,1.30146,0.98674,0.29262,
1787040659900006144,16.51235,49.29690,-0.61744,0.79203,-0.32909,0.28554,-0.42761,1.24948,0.76316,0.15269,
1787040659966674176,16.60064,49.32308,-0.62862,0.76877,-0.31831,0.30555,-0.46294,1.24510,0.71751,-0.09187,
1787040660033339136,16.72082,49.40400,-0.64653,0.75092,-0.30334,0.32145,-0.49069,1.29402,0.76794,-0.27185,
1787040660100007168,16.87594,49.51425,-0.66731,0.73630,-0.28554,0.32799,-0.51842,1.41303,0.85498,-0.31444,
1787040660166672896,17.02676,49.62563,-0.68321,0.72509,-0.27221,0.33032,-0.53947,1.53976,0.93174,-0.17230,
1787040660233339136,17.12802,49.68789,-0.68873,0.72085,-0.26165,0.32654,-0.55253,1.51927,0.95449,0.03035,
1787040660300005888,17.23255,49.75787,-0.68142,0.71871,-0.26293,0.32270,-0.55695,1.46501,0.96086,0.21104,
1787040660366672896,17.33641,49.83317,-0.66295,0.71479,-0.26566,0.32930,-0.55683,1.44026,1.05103,0.34123,
1787040660433339136,17.43068,49.90627,-0.64309,0.71114,-0.28075,0.32788,-0.55494,1.36766,1.07820,0.20694,
1787040660500005888,17.52028,49.97781,-0.63754,0.71170,-0.28642,0.32098,-0.55535,1.34342,1.07612,-0.02622,
1787040660566673152,17.61738,50.05911,-0.64949,0.71625,-0.28523,0.31111,-0.55574,1.39974,1.09108,-0.23023,
1787040660633337856,17.70774,50.12792,-0.66886,0.71973,-0.28250,0.30382,-0.55667,1.39878,1.09607,-0.30503,
1787040660700006912,17.83827,50.23716,-0.66478,0.72607,-0.27560,0.29727,-0.55543,1.47446,1.15331,-0.14097,
1787040660766671872,17.89592,50.26819,-0.68872,0.72842,-0.26512,0.29566,-0.55830,1.43120,1.04695,0.01859,
1787040660833338880,17.99766,50.34577,-0.68058,0.72072,-0.25502,0.30315,-0.56888,1.46420,1.02134,0.16227,
1787040660900006912,18.09523,50.41064,-0.66630,0.71036,-0.25278,0.30117,-0.58377,1.50503,0.91532,0.27438,
1787040660966672896,18.19750,50.47678,-0.64584,0.69571,-0.25857,0.31189,-0.59317,1.53058,0.82696,0.25264,
1787040661033339904,18.29488,50.53890,-0.63590,0.68569,-0.25869,0.32078,-0.60001,1.48403,0.78968,0.04140,
1787040661100007168,18.39036,50.59974,-0.64227,0.67895,-0.24884,0.33007,-0.60677,1.49867,0.82072,-0.16498,
1787040661166672896,18.48685,50.66448,-0.65981,0.67511,-0.23932,0.33265,-0.61343,1.53191,0.87753,-0.30298,
1787040661233339136,18.58678,50.72933,-0.68246,0.67209,-0.23188,0.33043,-0.62076,1.59399,0.89205,-0.25030,
1787040661300005888,18.73333,50.83329,-0.72279,0.67640,-0.23390,0.32904,-0.61605,1.71655,0.97872,-0.14746,
1787040661366672128,18.80562,50.85275,-0.69579,0.70394,-0.25467,0.31787,-0.58186,1.70039,0.96072,0.05743,
1787040661433339136,18.91670,50.91903,-0.68663,0.74654,-0.28135,0.29935,-0.52336,1.60703,0.97406,0.21148,
1787040661500006912,19.08223,50.97601,-0.65661,0.77622,-0.29899,0.29014,-0.47318,1.67641,1.02712,0.29559,
1787040661566672128,19.23470,51.07811,-0.64328,0.79226,-0.32642,0.28790,-0.42764,1.69208,1.10563,0.12973,
1787040661633339904,19.34296,51.14964,-0.64157,0.80835,-0.34472,0.27655,-0.38893,1.64715,1.09736,-0.07749,
1787040661700006912,19.45508,51.22343,-0.65294,0.82598,-0.35538,0.26218,-0.35032,1.67229,1.09616,-0.24781,
1787040661766673152,19.56782,51.29643,-0.67192,0.84322,-0.35916,0.24987,-0.31234,1.68940,1.09086,-0.29331,
1787040661833339904,19.70886,51.38175,-0.68315,0.85731,-0.35841,0.24119,-0.27998,1.75878,1.12398,-0.12349,
1787040661900006912,19.79751,51.44444,-0.68822,0.86649,-0.35659,0.23625,-0.25735,1.73247,1.09579,0.08881,
1787040661966671872,19.91649,51.51977,-0.67611,0.86932,-0.36432,0.23496,-0.23737,1.77953,1.10964,0.25592,
1787040662033339136,20.03316,51.58651,-0.65549,0.86615,-0.38611,0.23023,-0.21842,1.76369,0.97430,0.29982,
1787040662100008960,20.16832,51.65889,-0.64166,0.86518,-0.39855,0.23128,-0.19780,1.81143,0.89429,0.14096,
1787040662166671872,20.29186,51.71795,-0.64003,0.86603,-0.40071,0.23634,-0.18320,1.82299,0.86689,-0.06128,
1787040662233339136,20.41722,51.77797,-0.64895,0.86787,-0.39821,0.24135,-0.17313,1.85470,0.87140,-0.20578,
1787040662300004864,20.54105,51.83610,-0.66479,0.87096,-0.39177,0.24525,-0.16671,1.85996,0.87278,-0.26511,
1787040662366672128,20.66807,51.89678,-0.68074,0.87537,-0.38493,0.24138,-0.16520,1.84972,0.88884,-0.17441,
1787040662433337856,20.79367,51.95950,-0.68802,0.88303,-0.37839,0.22416,-0.16379,1.87796,0.91129,-0.01210,
1787040662500005888,20.92165,52.02399,-0.68211,0.88962,-0.37377,0.21021,-0.15711,1.90113,0.96955,0.16254,
1787040662566673152,21.05039,52.09599,-0.66570,0.89035,-0.37587,0.21349,-0.14289,1.79022,1.03800,0.32658,
1787040662633338880,21.16644,52.17108,-0.64356,0.88824,-0.38699,0.21282,-0.12638,1.64741,1.09989,0.30590,
1787040662700007936,21.26827,52.23611,-0.62908,0.88974,-0.39466,0.19807,-0.11563,1.56643,1.10250,0.10149,
1787040662766673152,21.38168,52.32088,-0.63127,0.89292,-0.39955,0.17616,-0.10962,1.61459,1.14556,-0.10359,
1787040662833338880,21.49234,52.45280,-0.70041,0.89536,-0.40331,0.15933,-0.10138,1.67832,1.22467,-0.32558,
1787040662900006144,21.60503,52.48406,-0.66294,0.89753,-0.40376,0.15509,-0.08584,1.73156,1.15588,-0.24227,
1787040662966674176,21.71897,52.57557,-0.67374,0.90261,-0.39756,0.14860,-0.07183,1.72211,1.19884,-0.10544,
1787040663033339136,21.82643,52.67175,-0.67226,0.90694,-0.39331,0.13944,-0.05765,1.73201,1.27058,0.13225,
1787040663100006144,21.92864,52.76193,-0.65836,0.90212,-0.40547,0.13839,-0.05119,1.73781,1.22821,0.25129,
1787040663166671872,22.03721,52.83855,-0.63971,0.89685,-0.41624,0.14063,-0.05132,1.77762,1.12419,0.28385,
1787040663233339136,22.15856,52.91958,-0.62587,0.89234,-0.42148,0.15298,-0.05180,1.79847,1.06790,0.11566,
1787040663300004864,22.25718,52.97994,-0.62289,0.89315,-0.41515,0.16436,-0.05402,1.75656,1.06591,-0.06307,
1787040663366672128,22.49619,53.13245,-0.62860,0.89439,-0.40928,0.17037,-0.05939,1.99017,1.21510,-0.19719,
1787040663433340160,22.57222,53.15993,-0.64113,0.89752,-0.39875,0.17564,-0.06790,1.92906,1.11664,-0.25288,
1787040663500008192,22.69862,53.23261,-0.65396,0.90027,-0.39022,0.17890,-0.07245,1.96218,1.15015,-0.12016,
1787040663566673152,22.83499,53.31402,-0.65633,0.90253,-0.38581,0.17549,-0.07607,1.95707,1.12431,0.06210,
1787040663633337856,22.96688,53.39156,-0.64677,0.90647,-0.37640,0.17469,-0.07821,1.91624,1.15962,0.21470,
1787040663700005120,23.09210,53.47575,-0.62700,0.90836,-0.37198,0.17493,-0.07695,1.79040,1.28948,0.34317,
1787040663766673152,23.20654,53.56304,-0.60492,0.90386,-0.38431,0.17434,-0.07034,1.66958,1.34366,0.28096,
1787040663833338880,23.32040,53.66152,-0.59296,0.90059,-0.39558,0.16687,-0.06786,1.57050,1.34565,0.07027,
1787040663900005120,23.42628,53.75689,-0.59402,0.90197,-0.39946,0.14922,-0.06787,1.54885,1.38150,-0.10128,
1787040663966675968,23.53765,53.85639,-0.60598,0.90380,-0.40254,0.12867,-0.06742,1.61198,1.38238,-0.20946,
1787040664033339904,23.65378,53.95781,-0.61970,0.90824,-0.39836,0.11529,-0.05590,1.69443,1.44009,-0.15973,
1787040664100006144,23.78403,54.07668,-0.62646,0.91321,-0.39259,0.10459,-0.03132,1.70401,1.51082,-0.02070,
1787040664166672896,23.88642,54.17880,-0.61849,0.91712,-0.38840,0.08899,-0.01058,1.60899,1.61503,0.21799,
1787040664233339136,24.28044,54.71888,-0.65600,0.90871,-0.41171,0.06683,0.01647,2.03221,2.17259,0.21755,
1787040664300004864,24.09454,54.48874,-0.61917,0.90498,-0.41903,0.04568,0.05784,1.72419,1.55172,0.26747,
1787040664366673920,24.20616,54.59026,-0.60666,0.89789,-0.42432,0.04550,0.10807,1.74822,1.58138,0.07825,
1787040664433337856,24.31403,54.69014,-0.60897,0.89043,-0.42781,0.05186,0.14634,1.69404,1.58536,-0.14521,
1787040664500005120,24.41741,54.78920,-0.62206,0.88684,-0.42571,0.05007,0.17258,1.65354,1.57865,-0.26065,
1787040664566672128,24.52196,54.89058,-0.64083,0.88281,-0.42511,0.05271,0.19275,1.64121,1.61785,-0.29710,
1787040664633338880,24.62937,55.00073,-0.65656,0.87629,-0.42581,0.04833,0.22014,1.56115,1.60376,-0.16260,
1787040664700006912,24.72072,55.09600,-0.66123,0.86928,-0.42743,0.03332,0.24606,1.45777,1.53606,0.01888,
1787040664766671872,24.81351,55.19923,-0.65281,0.86704,-0.41835,0.01137,0.27037,1.36296,1.51606,0.21991,
1787040664833338880,24.82729,55.19431,-0.61806,0.86151,-0.41221,-0.00313,0.29644,1.12520,1.42585,0.31838,
1787040664900006912,24.92783,55.32716,-0.59782,0.85013,-0.41596,-0.01362,0.32260,1.05244,1.50074,0.22513,
1787040664966672896,24.99352,55.42428,-0.59019,0.84159,-0.41722,-0.02470,0.34213,0.98592,1.46133,0.03000,
1787040665033339136,25.05738,55.52536,-0.59384,0.83559,-0.41204,-0.04048,0.36109,0.93616,1.49816,-0.11935,
1787040665100004864,25.11202,55.62826,-0.60383,0.82667,-0.40895,-0.05388,0.38271,0.89670,1.52915,-0.19782,
1787040665166671872,25.16208,55.73410,-0.61707,0.82016,-0.40428,-0.06182,0.40008,0.83443,1.60810,-0.18943,
1787040665233339136,25.19434,55.83447,-0.62521,0.81181,-0.40463,-0.07085,0.41498,0.76101,1.63523,-0.07968,
1787040665300007168,25.20140,55.90346,-0.62149,0.80192,-0.40306,-0.08021,0.43363,0.62369,1.58121,0.13388,
1787040665366672128,25.20968,55.97304,-0.60982,0.78114,-0.40285,-0.10041,0.46632,0.53279,1.45851,0.20827,
1787040665433337856,25.21999,56.05004,-0.59921,0.75607,-0.40819,-0.11814,0.49777,0.56404,1.49607,0.19630,
1787040665500005888,25.22720,56.11845,-0.59201,0.73285,-0.40942,-0.12205,0.52953,0.52736,1.41042,0.09766,
1787040665566672128,25.23717,56.18925,-0.58947,0.71291,-0.40457,-0.12796,0.55831,0.47579,1.37301,-0.02505,
1787040665633338880,25.24644,56.25918,-0.59792,0.69712,-0.39752,-0.13537,0.58109,0.45105,1.38084,-0.15989,
1787040665700005888,25.25926,56.33124,-0.61134,0.68048,-0.39494,-0.14128,0.60084,0.43159,1.37380,-0.23241,
1787040665766671872,25.27706,56.41066,-0.62695,0.66489,-0.38836,-0.14569,0.62118,0.43767,1.36263,-0.17805,
1787040665833338880,25.29641,56.49118,-0.63704,0.64830,-0.38741,-0.15129,0.63776,0.42677,1.31755,-0.06380,
1787040665900006912,25.32087,56.57512,-0.63559,0.63755,-0.38089,-0.16134,0.64994,0.38400,1.24765,0.10080,
1787040665966671872,25.34261,56.64349,-0.62199,0.63321,-0.37347,-0.16822,0.65671,0.30382,1.16709,0.20887,
1787040666033339136,25.36659,56.73382,-0.61006,0.63398,-0.37164,-0.17188,0.65606,0.24507,1.22997,0.17927,
1787040666100007168,25.38120,56.81342,-0.60320,0.63364,-0.38136,-0.17152,0.65088,0.25000,1.19585,0.05449,
1787040666166671872,25.40076,56.89282,-0.60309,0.64158,-0.38013,-0.17258,0.64350,0.27925,1.24023,-0.06400,
1787040666233339136,25.42504,56.98130,-0.61054,0.65545,-0.38447,-0.16730,0.62816,0.34653,1.34269,-0.17009,
1787040666300007168,25.46249,57.07406,-0.62300,0.67092,-0.38582,-0.15137,0.61489,0.34478,1.36839,-0.21036,
1787040666366672128,25.49554,57.17485,-0.63668,0.68679,-0.38727,-0.14046,0.59885,0.30787,1.41291,-0.12877,
1787040666433337856,25.52276,57.26028,-0.64039,0.70753,-0.38870,-0.13092,0.57547,0.27980,1.41819,0.11847,
1787040666500005888,25.54866,57.34876,-0.63422,0.71828,-0.40821,-0.12447,0.54949,0.36876,1.39936,0.14739,
1787040666566673920,25.58359,57.42745,-0.62385,0.73258,-0.41721,-0.10922,0.52663,0.52342,1.35289,0.17373,
1787040666633338880,25.62898,57.50902,-0.61261,0.75295,-0.42420,-0.08369,0.49611,0.65906,1.27201,0.07918,
1787040666700009216,25.67520,57.56433,-0.60822,0.77388,-0.42944,-0.05360,0.46241,0.69147,1.19261,-0.06164,
1787040666766673152,25.72507,57.63261,-0.61440,0.79576,-0.43065,-0.02926,0.42480,0.71887,1.16126,-0.17717,
1787040666833338880,25.77399,57.69453,-0.62669,0.81272,-0.43494,-0.00811,0.38761,0.74449,1.11062,-0.21968,
1787040666900006144,25.82454,57.74808,-0.63742,0.82828,-0.43201,0.00502,0.35678,0.76081,1.02561,-0.12907,
1787040666966674176,25.87233,57.78794,-0.64037,0.83920,-0.42852,0.00992,0.33467,0.73345,0.96676,0.03573,
1787040667033339136,25.91719,57.82763,-0.62993,0.84397,-0.42877,0.01561,0.32190,0.67287,0.91560,0.21475,
1787040667100004864,25.95729,57.87200,-0.61288,0.84791,-0.42975,0.02795,0.30918,0.55458,0.84690,0.29017,
1787040667166671872,25.98989,57.90858,-0.59397,0.84919,-0.43795,0.03404,0.29311,0.48903,0.75252,0.25196,
1787040667233339136,26.02565,57.95885,-0.58297,0.85656,-0.43612,0.03624,0.27348,0.49072,0.72882,0.10676,
1787040667300007168,26.06520,58.02037,-0.58439,0.86186,-0.43733,0.03988,0.25366,0.53761,0.79850,-0.04946,
1787040667366672128,26.10576,58.07525,-0.59281,0.86711,-0.43824,0.04807,0.23183,0.58699,0.84614,-0.14922,
1787040667433340160,26.15164,58.14351,-0.60568,0.87099,-0.44286,0.06523,0.20245,0.59546,0.92631,-0.15300,
1787040667500005120,26.19572,58.21424,-0.61434,0.87066,-0.45646,0.08360,0.16312,0.58324,0.97148,-0.06133,
1787040667566672128,26.23772,58.28495,-0.61244,0.87189,-0.46334,0.09888,0.12387,0.56370,0.94824,0.17670,
1787040667633337856,26.27793,58.34531,-0.60114,0.87084,-0.46886,0.11316,0.09487,0.59174,0.84057,0.23016,
1787040667700005120,26.31995,58.39794,-0.58634,0.87020,-0.47092,0.12761,0.06858,0.65968,0.77831,0.22202,
1787040667766673152,26.36464,58.44737,-0.57593,0.86978,-0.46908,0.14698,0.04295,0.67895,0.72144,0.08678,
1787040667833338112,26.41009,58.49171,-0.57646,0.86913,-0.46421,0.16958,0.01890,0.69678,0.76142,-0.07763,
1787040667900006144,26.45702,58.54384,-0.58800,0.85990,-0.47216,0.19391,-0.00561,0.68561,0.83684,-0.20948,
1787040667966674176,26.50073,58.59797,-0.60391,0.84892,-0.48448,0.20889,-0.03144,0.61600,0.81336,-0.22544,
1787040668033338112,26.54892,58.64664,-0.61724,0.84741,-0.48527,0.20880,-0.05297,0.59271,0.78849,-0.10954,
1787040668100006144,26.59409,58.69980,-0.61208,0.85025,-0.48269,0.20099,-0.06080,0.55759,0.76876,0.05697,
1787040668166673920,26.62264,58.74324,-0.60997,0.85848,-0.47563,0.18190,-0.06092,0.45816,0.70663,0.20682,
1787040668233339136,26.65171,58.78438,-0.59136,0.87095,-0.45889,0.16515,-0.05994,0.39809,0.70866,0.29613,
1787040668300005888,26.68107,58.82748,-0.57046,0.87676,-0.45192,0.15576,-0.05284,0.37796,0.77382,0.28239,
1787040668366673920,26.71350,58.87890,-0.55492,0.87751,-0.45291,0.15062,-0.04645,0.34891,0.77640,0.14416,
1787040668433339136,26.74992,58.93577,-0.54857,0.88079,-0.45000,0.14124,-0.04195,0.34768,0.79490,0.00286,
1787040668500006912,26.77413,58.98867,-0.55095,0.88384,-0.44728,0.13180,-0.03739,0.35483,0.81539,-0.10652,
1787040668566673152,26.81219,59.04273,-0.55894,0.88781,-0.44089,0.12728,-0.03465,0.38501,0.84957,-0.14864,
1787040668633338880,26.83696,59.09949,-0.56611,0.89284,-0.43094,0.12654,-0.03348,0.36239,0.90285,-0.12077,
1787040668700005888,26.89220,59.17824,-0.56590,0.89947,-0.41834,0.12165,-0.03391,0.40877,0.98247,-0.00374,
1787040668766673920,26.91827,59.24405,-0.56073,0.90249,-0.41153,0.12290,-0.03236,0.42832,1.05840,0.16055,
1787040668833338112,26.98087,59.32796,-0.54704,0.89945,-0.41680,0.12870,-0.02673,0.44789,1.06997,0.17330,
1787040668900006912,27.00919,59.40469,-0.53438,0.89023,-0.43646,0.12775,-0.02582,0.46804,1.23310,0.17660,
1787040668966672896,27.04675,59.49519,-0.53152,0.86719,-0.47961,0.13083,-0.02892,0.50468,1.26740,0.04931,
1787040669033339136,27.12983,59.59152,-0.51174,0.84914,-0.50732,0.14302,-0.03367,0.51974,1.19129,-0.03552,
1787040669100007936,27.18697,59.69201,-0.54484,0.84347,-0.51599,0.14343,-0.04181,0.51927,1.22839,-0.19706,
1787040669166671872,27.24316,59.79687,-0.56372,0.83851,-0.52280,0.14767,-0.04219,0.52976,1.26486,-0.26868,
1787040669233339904,27.27797,59.88399,-0.57718,0.83793,-0.52324,0.14896,-0.04365,0.44847,1.19731,-0.17682,
1787040669300005888,27.32820,60.00515,-0.58264,0.84652,-0.51142,0.14046,-0.04605,0.41906,1.24219,-0.03383,
1787040669366672896,27.34987,60.08688,-0.57880,0.85623,-0.49997,0.12482,-0.03647,0.34274,1.27825,0.16642,
1787040669433339136,27.37121,60.17226,-0.55551,0.86376,-0.48957,0.11665,-0.02506,0.26885,1.21693,0.28663,
1787040669500005888,27.39185,60.27260,-0.53188,0.86885,-0.48060,0.11741,-0.01837,0.17135,1.24181,0.31585,
1787040669566672128,27.40195,60.40825,-0.49958,0.86906,-0.48048,0.11690,-0.01465,0.11729,1.31102,0.20111,
1787040669633338880,27.40924,60.45359,-0.50847,0.87328,-0.47325,0.11563,-0.00603,0.05218,1.26307,-0.00305,
1787040669700005888,27.41489,60.55538,-0.51979,0.87901,-0.46521,0.10446,0.00418,0.02100,1.33875,-0.18426,
1787040669766671872,27.41447,60.64467,-0.53838,0.88286,-0.45987,0.09449,0.01244,0.00607,1.39767,-0.29858,
1787040669833338880,27.40146,60.70996,-0.55364,0.88656,-0.45359,0.08944,0.01638,-0.02803,1.42329,-0.30423,
1787040669900006912,27.39305,60.79833,-0.57288,0.89191,-0.44370,0.08566,0.01724,-0.05944,1.46692,-0.21908,
1787040669966674944,27.39372,60.90501,-0.57690,0.89716,-0.43374,0.08145,0.01839,0.02078,1.55341,0.09490,
1787040670033338112,27.40586,61.02540,-0.57550,0.89692,-0.43454,0.08020,0.01634,0.20868,1.62285,0.23762,
1787040670100004864,27.42926,61.13783,-0.55983,0.88765,-0.45044,0.09406,0.01851,0.34271,1.58763,0.27141,
1787040670166671872,27.45364,61.24464,-0.54669,0.88304,-0.45706,0.10439,0.02114,0.33579,1.50263,0.06777,
1787040670233338112,27.47224,61.32060,-0.55193,0.88406,-0.45329,0.11173,0.02200,0.35244,1.48455,-0.16162,
1787040670300005888,27.49518,61.42044,-0.56799,0.88611,-0.44761,0.11754,0.02546,0.34431,1.53839,-0.28933,
1787040670366672128,27.52021,61.54160,-0.59076,0.88704,-0.44598,0.11609,0.02800,0.36172,1.55958,-0.24324,
1787040670433339136,27.54567,61.64765,-0.60261,0.88994,-0.44075,0.11306,0.03104,0.34383,1.59143,-0.08091,
1787040670500006912,27.56693,61.75317,-0.60081,0.89349,-0.43573,0.10251,0.03625,0.27177,1.59670,0.14454,
1787040670566674944,27.58319,61.84290,-0.58467,0.89107,-0.44055,0.09904,0.04579,0.21251,1.56771,0.30015,
1787040670633338880,27.59546,61.95259,-0.56408,0.88629,-0.44911,0.09921,0.05418,0.09156,1.50510,0.36699,
1787040670700005888,27.60077,62.03426,-0.54492,0.88433,-0.45469,0.08799,0.05885,0.04626,1.44095,0.17896,
1787040670766671872,27.60887,62.12567,-0.54118,0.88571,-0.45312,0.07649,0.06595,0.07965,1.45076,-0.04405,
1787040670833339904,27.61907,62.22420,-0.55079,0.88392,-0.45536,0.06996,0.08017,0.13000,1.51350,-0.21800,
1787040670900008960,27.63347,62.32612,-0.56737,0.88427,-0.45259,0.06518,0.09476,0.15606,1.51390,-0.25628,
1787040670966672896,27.64717,62.42960,-0.57898,0.88911,-0.44139,0.06656,0.10111,0.14366,1.54727,-0.09766,
1787040671033339136,27.66090,62.53630,-0.57975,0.89385,-0.43216,0.06614,0.09948,0.10429,1.58710,0.15707,
1787040671100007168,27.66938,62.64417,-0.56722,0.89261,-0.43581,0.06285,0.09679,0.14282,1.62224,0.25762,
1787040671166673920,27.68549,62.75121,-0.54775,0.88890,-0.44466,0.05826,0.09354,0.24960,1.53639,0.34417,
1787040671233339136,27.70701,62.84987,-0.52617,0.88711,-0.44741,0.06874,0.09020,0.35424,1.46877,0.21641,
1787040671300005888,27.73642,62.94808,-0.52076,0.88796,-0.44467,0.08375,0.08232,0.36295,1.50230,-0.01671,
1787040671366674944,27.76364,63.04930,-0.52945,0.88820,-0.44330,0.09658,0.07257,0.33942,1.53956,-0.21967,
1787040671433339136,27.78839,63.15464,-0.55025,0.89038,-0.43974,0.10089,0.06052,0.33045,1.58210,-0.31258,
1787040671500008192,27.81152,63.26274,-0.57011,0.89418,-0.43370,0.09745,0.05336,0.34015,1.62960,-0.20736,
1787040671566673152,27.83718,63.37201,-0.57951,0.89622,-0.42918,0.09757,0.05539,0.37299,1.64198,-0.04400,
1787040671633339904,27.86053,63.48105,-0.57566,0.89882,-0.42331,0.09905,0.05587,0.32404,1.64535,0.12049,
1787040671700005120,27.87800,63.58757,-0.56171,0.89920,-0.42260,0.09821,0.05652,0.19254,1.57029,0.30261,
1787040671766673152,27.89053,63.69615,-0.53909,0.89809,-0.42782,0.08680,0.05355,0.18593,1.59412,0.31203,
1787040671833338880,27.90428,63.80196,-0.52607,0.89452,-0.43588,0.08577,0.04980,0.19966,1.58191,0.10433,
1787040671900006144,27.91732,63.90581,-0.52537,0.89403,-0.43775,0.08259,0.04763,0.19853,1.58487,-0.10412,
1787040671966672896,27.93072,64.01206,-0.53780,0.89506,-0.43710,0.07474,0.04716,0.22457,1.62936,-0.27660,
1787040672033338112,27.94775,64.13179,-0.56148,0.89640,-0.43415,0.07231,0.05236,0.23039,1.70879,-0.26833,
1787040672100008960,27.96044,64.24764,-0.57418,0.89574,-0.43405,0.06791,0.06810,0.19756,1.78162,-0.10800,
1787040672166673920,27.97203,64.36763,-0.57002,0.89628,-0.43074,0.06028,0.08666,0.16632,1.81026,0.16462,
1787040672233339136,27.98498,64.49576,-0.55905,0.89038,-0.43997,0.04763,0.10667,0.20571,1.79657,0.25734,
1787040672300004864,28.00247,64.61349,-0.53783,0.88304,-0.45008,0.03080,0.12931,0.28764,1.75572,0.28556,
1787040672366672128,28.03183,64.73794,-0.52468,0.87831,-0.45459,0.02671,0.14561,0.33883,1.73387,0.09890,
1787040672433337856,28.06092,64.85557,-0.52472,0.87571,-0.45806,0.02362,0.15086,0.33275,1.74764,-0.11670,
1787040672500005120,28.09025,64.97231,-0.53683,0.87506,-0.45605,0.01975,0.16093,0.33869,1.77261,-0.28437,
1787040672566673152,28.10640,65.09294,-0.55662,0.87402,-0.44994,0.00696,0.18327,0.31765,1.82578,-0.26630,
1787040672633338880,28.12847,65.21123,-0.57040,0.86299,-0.45123,-0.01475,0.22677,0.30205,1.89122,-0.15723,
1787040672700006912,28.14639,65.33730,-0.57303,0.84679,-0.44736,-0.03699,0.28540,0.19294,1.88025,0.09733,
1787040672766673152,28.15139,65.46599,-0.58057,0.82277,-0.45029,-0.05388,0.34262,0.01029,1.81565,0.27002,
1787040672833339904,28.14616,65.61168,-0.55796,0.79579,-0.45498,-0.07750,0.39206,-0.18162,1.82470,0.30487,
1787040672900006912,28.13189,65.71731,-0.54956,0.76132,-0.46129,-0.10945,0.44229,-0.22519,1.70203,0.04251,
1787040672966676992,28.11931,65.83612,-0.55389,0.73937,-0.45036,-0.13425,0.48217,-0.20857,1.68315,-0.15190,
1787040673033339136,28.10697,65.96566,-0.57110,0.71686,-0.44080,-0.15200,0.51837,-0.22572,1.75595,-0.30015,
1787040673100004864,28.09055,66.10221,-0.59263,0.69327,-0.42719,-0.16533,0.55638,-0.31857,1.81222,-0.26051,
1787040673166672896,28.06639,66.25586,-0.60331,0.67157,-0.42749,-0.18204,0.57715,-0.42347,1.86105,-0.09765,
1787040673233339136,28.03596,66.37812,-0.58314,0.66656,-0.42032,-0.19823,0.58287,-0.44816,1.88798,0.18327,
1787040673300005888,28.01241,66.50186,-0.56831,0.65290,-0.42502,-0.20564,0.59228,-0.33139,1.85424,0.27900,
1787040673366672896,27.99460,66.64590,-0.55166,0.65141,-0.42540,-0.20548,0.59370,-0.31681,1.89072,0.25034,
1787040673433339136,27.97777,66.79191,-0.54231,0.66160,-0.42079,-0.20124,0.58714,-0.30790,1.96376,0.06163,
1787040673500005888,27.95631,66.92237,-0.54500,0.67115,-0.42202,-0.19333,0.57799,-0.33629,2.02944,-0.14676,
1787040673566672128,27.93798,67.06593,-0.56003,0.68956,-0.42270,-0.18402,0.55854,-0.32913,2.02835,-0.28792,
1787040673633339904,27.92184,67.21367,-0.58174,0.72050,-0.42112,-0.17299,0.52308,-0.32453,2.08693,-0.24114,
1787040673700006912,27.90368,67.36212,-0.59548,0.74697,-0.42119,-0.15953,0.48906,-0.36678,2.10589,-0.08503,
1787040673766673152,27.87911,67.50101,-0.59620,0.77058,-0.41598,-0.14714,0.45992,-0.44693,2.04797,0.08227,
1787040673833338880,27.84254,67.62919,-0.58105,0.78912,-0.41021,-0.13267,0.43751,-0.62736,1.92822,0.32266,
1787040673900005120,27.79363,67.74726,-0.55657,0.79814,-0.41634,-0.13026,0.41553,-0.69544,1.94093,0.30138,
1787040673966674944,27.74400,67.85683,-0.54157,0.80576,-0.43110,-0.12310,0.38698,-0.70688,1.92254,0.04783,
1787040674033338112,27.69398,67.98833,-0.54934,0.82270,-0.43784,-0.11170,0.34493,-0.72048,1.92258,-0.19431,
1787040674100006144,27.64563,68.11297,-0.56808,0.84692,-0.44152,-0.09900,0.27926,-0.72577,1.97057,-0.32255,
1787040674166672896,27.59427,68.23949,-0.58513,0.86679,-0.44145,-0.07310,0.22011,-0.74671,1.97178,-0.20226,
1787040674233339136,27.53572,68.36882,-0.58969,0.87530,-0.44563,-0.04950,0.18113,-0.79033,1.97414,0.01783,
1787040674300007168,27.47582,68.48399,-0.57795,0.88084,-0.44605,-0.03022,0.15573,-0.77614,1.92405,0.21971,
1787040674366672128,27.37901,68.51318,-0.54949,0.88523,-0.44583,-0.02137,0.13092,-0.80067,1.76308,0.35512,
1787040674433340160,27.34143,68.59271,-0.52542,0.88528,-0.45246,-0.01651,0.10626,-0.67374,1.67912,0.30377,
1787040674500006912,27.30360,68.69380,-0.51217,0.88770,-0.45273,0.00044,0.08378,-0.58614,1.64266,0.05686,
1787040674566673152,27.26600,68.80468,-0.51608,0.89126,-0.44863,0.02188,0.06244,-0.59375,1.66841,-0.18302,
1787040674633337856,27.22568,68.92079,-0.53329,0.89444,-0.44338,0.03854,0.04363,-0.62244,1.68370,-0.31783,
1787040674700006912,27.16728,69.06330,-0.51041,0.90060,-0.43057,0.05067,0.03110,-0.66263,1.78605,-0.14322,
1787040674766673152,27.11318,69.20384,-0.51513,0.90199,-0.42616,0.06499,0.02402,-0.69356,1.89954,0.02334,
1787040674833339904,27.06397,69.33388,-0.50755,0.89407,-0.44082,0.07469,0.02727,-0.78362,1.92465,0.19722,
1787040674900005120,27.01147,69.45500,-0.48883,0.88735,-0.45410,0.07204,0.03480,-0.87139,1.87201,0.39448,
1787040674966672896,26.95064,69.58362,-0.45307,0.87483,-0.47822,0.06240,0.04571,-0.90550,1.85168,0.37547,
1787040675033339904,26.89047,69.70720,-0.43701,0.86602,-0.49315,0.05487,0.06165,-0.89162,1.83366,0.12591,
1787040675100007168,26.83485,69.82367,-0.43584,0.85648,-0.50570,0.05331,0.08874,-0.90021,1.89739,-0.10847,
1787040675166672896,26.77284,69.95460,-0.45179,0.84254,-0.52464,0.04826,0.11199,-0.93091,1.93379,-0.26830,
1787040675233339904,26.71689,70.07639,-0.47121,0.83432,-0.53333,0.04856,0.13081,-0.90408,1.94026,-0.20093,
1787040675300007168,26.65424,70.21951,-0.47416,0.82759,-0.53911,0.05847,0.14505,-0.84050,1.89835,0.03693,
1787040675366673920,26.60990,70.34240,-0.47142,0.82465,-0.53820,0.07354,0.15774,-0.72119,1.89814,0.23579,
1787040675433339136,26.57220,70.44971,-0.45210,0.82049,-0.54199,0.08767,0.15925,-0.63795,1.78812,0.37483,
1787040675500005888,26.53657,70.57748,-0.42826,0.81959,-0.54404,0.09525,0.15240,-0.55780,1.74768,0.38116,
1787040675566673152,26.50963,70.67563,-0.40746,0.82595,-0.53632,0.10103,0.14130,-0.53488,1.65248,0.21341,
1787040675633341952,26.49705,70.77095,-0.40359,0.83865,-0.51812,0.10791,0.12869,-0.48863,1.63639,-0.01805,
1787040675700005888,26.48979,70.86294,-0.41256,0.85373,-0.49483,0.11368,0.11560,-0.45432,1.65574,-0.18233,
1787040675766673920,26.48413,70.95919,-0.42895,0.86988,-0.46805,0.11756,0.10202,-0.41412,1.71714,-0.14355,
1787040675833338880,26.47822,71.06032,-0.43858,0.88115,-0.45089,0.11710,0.08100,-0.42232,1.74124,-0.00693,
1787040675900006144,26.48176,71.14503,-0.44088,0.89228,-0.43414,0.11034,0.05637,-0.39918,1.76307,0.15192,
1787040675966678016,26.48812,71.22343,-0.42964,0.89806,-0.42495,0.10594,0.04100,-0.37470,1.69772,0.33763,
1787040676033338112,26.46538,71.35239,-0.40659,0.89478,-0.43153,0.10897,0.03580,-0.39356,1.72091,0.37649,
1787040676100006144,26.44717,71.45479,-0.38927,0.89256,-0.43732,0.10709,0.02500,-0.41064,1.60643,0.19182,
1787040676166671872,26.43101,71.55046,-0.38761,0.89756,-0.42759,0.10664,0.01378,-0.36519,1.64891,-0.04090,
1787040676233339136,26.40966,71.66149,-0.39940,0.89931,-0.42344,0.10908,0.00596,-0.35598,1.68668,-0.21832,
1787040676300005888,26.38583,71.77434,-0.41436,0.90311,-0.41419,0.11322,0.00417,-0.34952,1.71650,-0.22021,
1787040676366673920,26.36357,71.89707,-0.42821,0.90437,-0.40969,0.11941,0.00348,-0.31672,1.77587,-0.07446,
1787040676433340160,26.34627,72.01393,-0.42753,0.90398,-0.40746,0.12958,0.00297,-0.25077,1.81734,0.14396,
1787040676500006912,26.33674,72.13066,-0.42310,0.89582,-0.42226,0.13850,0.00428,-0.16725,1.85861,0.20983,
1787040676566673920,26.33151,72.25316,-0.40937,0.88102,-0.45100,0.14278,0.00359,-0.06152,1.88683,0.25871,
1787040676633339904,26.35893,72.34958,-0.43065,0.86268,-0.48283,0.15048,0.00461,-0.00187,1.77528,0.04709,
1787040676700006912,26.32691,72.49948,-0.41762,0.85291,-0.49803,0.15655,0.00337,-0.04944,1.76372,-0.15044,
1787040676766673920,26.32590,72.61256,-0.43544,0.85044,-0.50049,0.16197,0.00491,-0.05473,1.75351,-0.29819,
1787040676833338880,26.32317,72.72861,-0.46188,0.85260,-0.49784,0.15833,0.01256,-0.06311,1.80465,-0.33179,
1787040676900006144,26.31728,72.85540,-0.47980,0.85654,-0.49414,0.14616,0.02828,-0.06616,1.92332,-0.19807,
1787040676966674176,26.30378,72.99421,-0.48635,0.85651,-0.49770,0.11852,0.06808,-0.15991,1.97142,0.00046,
1787040677033339904,26.28217,73.13436,-0.47661,0.85234,-0.49894,0.07077,0.13990,-0.28161,1.93823,0.20068,
1787040677100006144,26.25825,73.26066,-0.46232,0.83385,-0.50147,0.02671,0.22915,-0.37113,1.95253,0.27077,
1787040677166671872,26.22258,73.41261,-0.45095,0.79812,-0.50975,-0.01507,0.32082,-0.42423,1.91011,0.11842,
1787040677233339136,26.19032,73.55831,-0.45289,0.76276,-0.50287,-0.04853,0.40369,-0.39190,1.87156,-0.08828,
1787040677300005888,26.15574,73.71614,-0.45115,0.74046,-0.49294,-0.07201,0.45115,-0.35107,1.91434,-0.23499,
1787040677366673920,26.15111,73.84147,-0.48343,0.73704,-0.48282,-0.08349,0.46550,-0.26359,1.91834,-0.30069,
1787040677433340160,26.14642,73.98515,-0.50062,0.74102,-0.47351,-0.08627,0.46823,-0.21229,2.02687,-0.18571,
1787040677500006912,26.12680,74.15949,-0.49483,0.74546,-0.47095,-0.08071,0.46474,-0.16809,2.10513,0.04560,
1787040677566673152,26.14082,74.26287,-0.49879,0.75566,-0.48085,-0.06659,0.43968,0.00595,2.01406,0.14929,
1787040677633338880,26.16538,74.37598,-0.49328,0.77631,-0.49797,-0.03783,0.38462,0.14867,1.98282,0.21034,
1787040677700012032,26.20077,74.48195,-0.48456,0.78943,-0.52672,0.00118,0.31522,0.26789,1.88211,0.09163,
1787040677766670848,26.23133,74.59346,-0.48696,0.80124,-0.54122,0.03743,0.25238,0.26212,1.82706,-0.11897,
1787040677833338112,26.25603,74.71360,-0.49980,0.80914,-0.54816,0.06167,0.20251,0.23587,1.87919,-0.30632,
1787040677900006144,26.27428,74.85071,-0.52110,0.81213,-0.55582,0.07898,0.15897,0.22966,1.91384,-0.38660,
1787040677966671872,26.28819,74.98580,-0.54163,0.81675,-0.55730,0.08837,0.12053,0.22517,1.98724,-0.27840,
1787040678033340928,26.29901,75.13688,-0.55135,0.81948,-0.55837,0.09032,0.09229,0.20491,2.00083,-0.06172,
1787040678100008960,26.30653,75.28281,-0.54756,0.82071,-0.56013,0.08465,0.07430,0.14270,2.04991,0.09100,
1787040678166681088,26.31209,75.41210,-0.53235,0.81944,-0.56400,0.08031,0.06297,0.05024,2.06570,0.23762,
1787040678233339904,26.31099,75.55690,-0.51483,0.81003,-0.57875,0.07285,0.05993,-0.01305,2.05831,0.19553,
1787040678300007168,26.30923,75.69552,-0.50792,0.80402,-0.58855,0.06423,0.05513,-0.01217,2.04390,-0.01949,
1787040678366672896,26.30737,75.84693,-0.51564,0.79825,-0.59750,0.05755,0.04969,0.01909,2.14566,-0.26793,
1787040678433339136,26.30549,76.00450,-0.53914,0.78883,-0.61017,0.05711,0.04668,0.04627,2.16671,-0.38381,
1787040678500008192,26.30523,76.15313,-0.56600,0.78664,-0.61260,0.06163,0.04598,0.05474,2.20565,-0.33362,
1787040678566673152,26.31029,76.29647,-0.58316,0.78182,-0.61784,0.07198,0.04307,0.09456,2.19990,-0.14403,
1787040678633338880,26.32090,76.44536,-0.58602,0.77880,-0.61979,0.09052,0.03379,0.18673,2.21176,0.06370,
1787040678700005888,26.33465,76.59216,-0.57939,0.77517,-0.62241,0.10589,0.02247,0.24941,2.12250,0.17431,
1787040678766673152,26.35696,76.72795,-0.56778,0.76755,-0.62890,0.12315,0.01365,0.34173,2.04269,0.15252,
1787040678833339904,26.38156,76.85502,-0.56034,0.76747,-0.62505,0.14244,0.00383,0.36502,1.92903,0.00317,
1787040678900006912,26.40745,76.97785,-0.56320,0.77366,-0.61302,0.16008,-0.00587,0.34810,1.93117,-0.17341,
1787040678966672896,26.43026,77.09805,-0.57545,0.78545,-0.59531,0.16847,-0.01700,0.32064,1.96520,-0.28398,
1787040679033339136,26.45055,77.22890,-0.59278,0.80112,-0.57428,0.16671,-0.02466,0.32476,2.01070,-0.21880,
1787040679100007168,26.47371,77.36332,-0.59932,0.81412,-0.55739,0.16042,-0.02802,0.32305,2.03944,-0.04189,
1787040679166673920,26.49211,77.49802,-0.59093,0.82884,-0.53936,0.14625,-0.02702,0.25063,2.05472,0.22021,
1787040679233339904,26.50619,77.63478,-0.56902,0.83908,-0.52641,0.13560,-0.02134,0.20407,2.02085,0.36415,
1787040679300005888,26.51525,77.75417,-0.53977,0.84222,-0.52346,0.12799,-0.01686,0.11334,1.95970,0.37151,
1787040679366672896,26.52020,77.85847,-0.51789,0.85163,-0.51144,0.11337,-0.01740,0.06174,1.86935,0.15919,
1787040679433340928,26.52450,77.98031,-0.51496,0.86275,-0.49616,0.09502,-0.02161,0.08543,1.92722,-0.09568,
1787040679500006912,26.52883,78.09610,-0.52430,0.87099,-0.48343,0.08409,-0.02451,0.14295,1.94459,-0.29300,
1787040679566672128,26.53638,78.21958,-0.54412,0.87925,-0.46841,0.08286,-0.02536,0.19398,1.99665,-0.26244,
1787040679633338880,26.54951,78.33506,-0.55402,0.87936,-0.46634,0.09239,-0.02686,0.24082,1.99566,-0.11925,
1787040679700007936,26.56295,78.45641,-0.55147,0.88126,-0.46077,0.10254,-0.02352,0.26005,1.99588,0.11289,
1787040679766675968,26.58000,78.58932,-0.54181,0.88053,-0.46248,0.10384,-0.00050,0.33468,1.97170,0.22236,
1787040679833339904,26.59934,78.70675,-0.52250,0.87616,-0.47031,0.10172,0.02842,0.39048,1.91041,0.28023,
1787040679900006144,26.62417,78.81812,-0.50693,0.87142,-0.47632,0.10327,0.05548,0.43555,1.82851,0.11077,
1787040679966671872,26.65432,78.90152,-0.50482,0.86870,-0.47726,0.10767,0.07741,0.45243,1.78211,-0.11117,
1787040680033339136,26.68516,79.02649,-0.51884,0.86772,-0.47507,0.11060,0.09557,0.46523,1.79516,-0.28250,
1787040680100006144,26.71888,79.12492,-0.54350,0.87056,-0.46648,0.11026,0.11116,0.50244,1.78578,-0.32465,
1787040680166672896,26.75431,79.23132,-0.56367,0.87270,-0.45812,0.10712,0.13059,0.51602,1.81715,-0.19584,
1787040680233339904,26.78893,79.35461,-0.57419,0.87591,-0.44803,0.09811,0.14973,0.48873,1.81052,-0.01325,
1787040680300005888,26.82296,79.47075,-0.57023,0.87589,-0.44446,0.09049,0.16456,0.44406,1.81115,0.16221,
1787040680366672128,26.85360,79.57573,-0.55521,0.87421,-0.44655,0.09665,0.16432,0.39713,1.85367,0.28578,
1787040680433340160,26.88070,79.68128,-0.54143,0.86370,-0.46786,0.11159,0.15057,0.30537,1.78756,0.17120,
1787040680500006912,26.89684,79.79825,-0.53680,0.86385,-0.47707,0.11299,0.11574,0.19825,1.73844,-0.03231,
1787040680566673920,26.91341,79.91120,-0.54913,0.87060,-0.47539,0.09489,0.08394,0.22153,1.78629,-0.25966,
1787040680633338880,26.93167,80.02600,-0.57239,0.87595,-0.46884,0.08703,0.07294,0.29886,1.80584,-0.34500,
1787040680700006912,26.95224,80.14036,-0.59055,0.88264,-0.45613,0.08923,0.07013,0.31802,1.84061,-0.17298,
1787040680766673920,26.97601,80.26534,-0.59569,0.88774,-0.44565,0.09599,0.06407,0.36701,1.84816,0.01153,
1787040680833338880,27.00361,80.38810,-0.58873,0.88994,-0.44081,0.10440,0.05294,0.41291,1.80627,0.15226,
1787040680900006144,27.03740,80.51412,-0.57179,0.88883,-0.44346,0.10714,0.04308,0.53147,1.76516,0.29194,
1787040680966672896,27.07686,80.61104,-0.54951,0.88245,-0.45320,0.12209,0.03145,0.60544,1.61602,0.19679,
1787040681033339904,27.11954,80.71895,-0.54070,0.88032,-0.45354,0.13758,0.02028,0.59299,1.57978,-0.04083,
1787040681100009984,27.16069,80.82932,-0.54809,0.88280,-0.44693,0.14392,0.01416,0.60205,1.61698,-0.24080,
1787040681166672896,27.20288,80.93870,-0.56717,0.88629,-0.43810,0.14954,0.01386,0.62503,1.63573,-0.34200,
1787040681233339136,27.24761,81.03879,-0.58448,0.89339,-0.42404,0.14754,0.01668,0.68551,1.69851,-0.21195,
1787040681300007168,27.29449,81.14277,-0.59056,0.89673,-0.41715,0.14572,0.02513,0.65796,1.68336,-0.00329,
1787040681366672896,27.33997,81.26622,-0.58380,0.89972,-0.41291,0.13639,0.03756,0.60685,1.72274,0.18004,
1787040681433339136,27.37756,81.38481,-0.56650,0.89946,-0.41378,0.13181,0.04874,0.54386,1.76802,0.34191,
1787040681500008192,27.41406,81.51093,-0.54483,0.89227,-0.42770,0.13345,0.05593,0.46543,1.76415,0.27002,
1787040681566672128,27.44246,81.62089,-0.53222,0.89193,-0.43157,0.12511,0.05062,0.40498,1.70848,0.03018,
1787040681633338880,27.47137,81.73223,-0.53613,0.89623,-0.42727,0.11171,0.04169,0.43061,1.75120,-0.18944,
1787040681700007936,27.50271,81.84829,-0.55326,0.89884,-0.42290,0.10899,0.03680,0.47007,1.77441,-0.30583,
1787040681766671872,27.53875,81.96880,-0.56704,0.90256,-0.41560,0.10752,0.03314,0.51116,1.82843,-0.16958,
1787040681833338880,27.57463,82.08685,-0.57420,0.90430,-0.41079,0.11297,0.02691,0.54825,1.78693,0.06101,
1787040681900006144,27.61682,82.22120,-0.56539,0.90211,-0.41335,0.12220,0.02027,0.60023,1.75704,0.20307,
1787040681966674176,27.65657,82.33081,-0.54874,0.90001,-0.41726,0.12481,0.01732,0.66058,1.65697,0.32200,
1787040682033339904,27.70468,82.43499,-0.52996,0.89544,-0.42398,0.13460,0.01764,0.73600,1.56722,0.20883,
1787040682100004864,27.75502,82.53973,-0.52639,0.89217,-0.42545,0.15078,0.01690,0.72798,1.53455,-0.04614,
1787040682166672896,27.80656,82.64610,-0.53980,0.89485,-0.41640,0.16019,0.01364,0.72677,1.57355,-0.22574,
1787040682233338112,27.85549,82.75215,-0.56137,0.89772,-0.41026,0.16004,0.01334,0.74064,1.63163,-0.33099,
1787040682300004864,27.90571,82.85919,-0.58341,0.90241,-0.40106,0.15687,0.01402,0.78956,1.68260,-0.23180,
1787040682366672896,27.95837,82.97323,-0.59069,0.90430,-0.39800,0.15269,0.02275,0.75551,1.70031,-0.01081,
1787040682433339136,28.00821,83.09762,-0.58548,0.90722,-0.39499,0.13990,0.03701,0.68990,1.75096,0.18655,
1787040682500008192,28.04943,83.21154,-0.56720,0.90537,-0.40024,0.12959,0.05756,0.57567,1.81289,0.35883,
1787040682566672128,28.08581,83.32631,-0.55031,0.89588,-0.41961,0.11548,0.08936,0.47869,1.78698,0.26781,
1787040682633342976,28.11872,83.44932,-0.54492,0.89008,-0.42930,0.09715,0.11837,0.41948,1.72461,0.01806,
1787040682700005888,28.15096,83.56607,-0.55455,0.88643,-0.43240,0.07041,0.14938,0.43538,1.74437,-0.21422,
1787040682766673920,28.18187,83.68061,-0.57576,0.88149,-0.43004,0.05002,0.18852,0.47077,1.73099,-0.35319,
1787040682833338880,28.21143,83.78446,-0.60402,0.87774,-0.42028,0.03638,0.22717,0.46893,1.72503,-0.25676,
1787040682900006912,28.25407,83.95299,-0.59634,0.87464,-0.41322,0.02905,0.25181,0.48927,1.76150,0.02734,
1787040682966672896,28.28923,84.05423,-0.60046,0.87268,-0.41001,0.02185,0.26426,0.53645,1.73754,0.17789,
1787040683033339904,28.33102,84.18584,-0.58464,0.86473,-0.41788,0.01498,0.27819,0.62813,1.70138,0.29680,
1787040683100007936,28.37519,84.29496,-0.56593,0.85567,-0.42593,0.01844,0.29337,0.70522,1.63954,0.19607,
1787040683166672896,28.42080,84.40681,-0.55967,0.84831,-0.43404,0.03038,0.30176,0.70867,1.60533,-0.03982,
1787040683233339136,28.46159,84.49029,-0.56616,0.84905,-0.43159,0.03592,0.30257,0.69118,1.56263,-0.21761,
1787040683300004864,28.50703,84.59060,-0.58559,0.85137,-0.42722,0.03779,0.30202,0.72359,1.60931,-0.33463,
1787040683366672896,28.55671,84.70200,-0.60675,0.85310,-0.42371,0.03930,0.30192,0.75452,1.63610,-0.23669,
1787040683433340160,28.60392,84.80450,-0.61798,0.85369,-0.42388,0.03593,0.30042,0.75452,1.61421,-0.03775,
1787040683500005888,28.65468,84.91146,-0.61615,0.85871,-0.42862,0.03080,0.27921,0.74278,1.58178,0.13697,
1787040683566673920,28.70773,84.95681,-0.57850,0.87201,-0.43092,0.03600,0.22938,0.66988,1.50854,0.34527,
1787040683633341184,28.76552,85.09694,-0.55979,0.87280,-0.44644,0.04877,0.19114,0.63876,1.57827,0.33903,
1787040683700007936,28.81013,85.22863,-0.54404,0.87204,-0.45807,0.06205,0.16084,0.59676,1.55533,0.11946,
1787040683766673920,28.84611,85.33809,-0.54352,0.87829,-0.45533,0.06152,0.13228,0.54858,1.60043,-0.09466,
1787040683833338880,28.87857,85.44058,-0.55558,0.88305,-0.45209,0.05926,0.11101,0.56564,1.60905,-0.26767,
1787040683900005120,28.91097,85.55232,-0.56929,0.88958,-0.44205,0.06418,0.09549,0.56111,1.65221,-0.20216,
1787040683966672896,28.94039,85.65356,-0.57356,0.89333,-0.43505,0.07272,0.08602,0.55129,1.62705,-0.02553,
1787040684033339904,28.96835,85.75276,-0.56458,0.89721,-0.42788,0.07904,0.07535,0.55348,1.63053,0.21865,
1787040684100007168,28.99934,85.84923,-0.54761,0.89616,-0.43033,0.08399,0.06830,0.58483,1.48704,0.29668,
1787040684166675200,29.03560,85.96224,-0.53255,0.89507,-0.43291,0.08780,0.06105,0.68882,1.49447,0.26923,
1787040684233338112,29.08751,86.04969,-0.51514,0.89018,-0.43928,0.10825,0.05372,0.74687,1.43557,0.07304,
1787040684300007168,29.13047,86.13483,-0.51662,0.88931,-0.43693,0.12728,0.04496,0.72291,1.42429,-0.12171,
1787040684366672896,29.17488,86.21982,-0.52936,0.89026,-0.43295,0.13638,0.03735,0.71159,1.44191,-0.25477,
1787040684433340928,29.22233,86.29924,-0.54830,0.89376,-0.42505,0.13997,0.03041,0.73845,1.43400,-0.23156,
1787040684500005888,29.27678,86.39590,-0.55849,0.89476,-0.42296,0.14049,0.02769,0.76525,1.47335,-0.08473,
1787040684566672128,29.32806,86.53241,-0.56538,0.89932,-0.41664,0.12983,0.02788,0.71859,1.53226,0.11819,
1787040684633337856,29.37943,86.59906,-0.54197,0.89855,-0.41950,0.12438,0.03397,0.67085,1.46848,0.28870,
1787040684700005888,29.45885,86.74031,-0.52601,0.89375,-0.42854,0.12671,0.03880,0.61867,1.58168,0.36308,
1787040684766671872,29.46764,86.77967,-0.49191,0.88744,-0.44341,0.12046,0.03648,0.50248,1.45821,0.21364,
1787040684833338112,29.50688,86.89791,-0.48599,0.88757,-0.44789,0.10391,0.02843,0.48562,1.47759,-0.00918,
1787040684900005120,29.54382,87.01968,-0.49251,0.88904,-0.44919,0.08533,0.02373,0.53403,1.52766,-0.19264,
1787040684966672896,29.58100,87.12074,-0.50739,0.89263,-0.44381,0.07631,0.02062,0.58701,1.54543,-0.25219,
1787040685033339136,29.61754,87.21491,-0.51973,0.89395,-0.44165,0.07417,0.01745,0.61655,1.55296,-0.09194,
1787040685100006144,29.66141,87.31946,-0.51881,0.89559,-0.43788,0.07772,0.01197,0.65460,1.53157,0.13738,
1787040685166672896,29.70663,87.42187,-0.50349,0.89183,-0.44423,0.08515,0.00675,0.71580,1.45628,0.27167,
1787040685233339136,29.75384,87.51946,-0.48477,0.88928,-0.44818,0.09112,0.00436,0.76294,1.38542,0.32691,
1787040685300004864,29.80416,87.61620,-0.47052,0.88281,-0.45828,0.10292,0.00540,0.81352,1.34430,0.17307,
1787040685366672896,29.86015,87.70229,-0.46407,0.87863,-0.46221,0.11976,0.00559,0.78737,1.32078,-0.02828,
1787040685433337856,29.91118,87.80435,-0.47354,0.87863,-0.46014,0.12759,0.00256,0.76540,1.36103,-0.17729,
1787040685500005888,29.96072,87.90423,-0.49006,0.87996,-0.45672,0.13070,-0.00027,0.77559,1.37989,-0.25438,
1787040685566673152,30.01240,87.99408,-0.50371,0.88389,-0.44892,0.13118,-0.00252,0.79941,1.41468,-0.13028,
1787040685633338880,30.07071,88.09648,-0.50109,0.88819,-0.44265,0.12315,-0.00223,0.76448,1.41917,0.08113,
1787040685700007936,30.12351,88.19754,-0.48709,0.88990,-0.44221,0.11188,0.00191,0.74094,1.44721,0.24258,
1787040685766671872,30.15339,88.33361,-0.48522,0.89027,-0.44281,0.10637,0.00576,0.63745,1.54689,0.35420,
1787040685833339904,30.20944,88.44569,-0.45541,0.88129,-0.46097,0.10312,0.01421,0.56428,1.54963,0.27214,
1787040685900006144,30.22766,88.53530,-0.45527,0.87731,-0.46989,0.09682,0.01255,0.50977,1.49556,0.03593,
1787040685966674944,30.25834,88.65219,-0.46533,0.87612,-0.47374,0.08920,0.00463,0.53597,1.56543,-0.17084,
1787040686033338112,30.29165,88.73456,-0.48034,0.87164,-0.48188,0.08962,-0.00264,0.54440,1.56461,-0.28351,
1787040686100004864,30.32982,88.87337,-0.50026,0.86945,-0.48494,0.09383,-0.00910,0.54461,1.63032,-0.19375,
1787040686166672896,30.36435,89.00018,-0.50946,0.86866,-0.48540,0.09819,-0.01357,0.55673,1.62956,0.03216,
1787040686233338112,30.40465,89.11257,-0.49998,0.86503,-0.49026,0.10444,-0.02159,0.63601,1.60012,0.20156,
1787040686300007168,30.44105,89.21485,-0.48697,0.85961,-0.49655,0.11725,-0.02775,0.65421,1.52058,0.26778,
1787040686366672128,30.47965,89.32215,-0.47324,0.84986,-0.51080,0.12681,-0.02721,0.64931,1.48184,0.21898,
1787040686433339136,30.51588,89.43369,-0.46746,0.84512,-0.51564,0.13912,-0.02327,0.56533,1.43111,0.04513,
1787040686500008192,30.54215,89.52667,-0.47171,0.84816,-0.50998,0.14174,-0.02121,0.50281,1.46080,-0.14155,
1787040686566673152,30.57692,89.63026,-0.48574,0.85190,-0.50441,0.13971,-0.01764,0.49437,1.47973,-0.26330,
1787040686633338880,30.60806,89.72868,-0.49185,0.86076,-0.49138,0.13223,-0.01215,0.48616,1.51627,-0.17824,
1787040686700006912,30.63437,89.82356,-0.50885,0.86565,-0.48520,0.12336,-0.00333,0.47284,1.50677,-0.05872,
1787040686766673152,30.66102,89.92871,-0.50377,0.87347,-0.47459,0.10866,0.00185,0.39402,1.57497,0.15012,
1787040686833338880,30.68158,90.03243,-0.48978,0.87535,-0.47381,0.09550,0.01205,0.28839,1.55283,0.31126,
1787040686900006144,30.69632,90.13890,-0.46967,0.87027,-0.48483,0.08329,0.02509,0.19412,1.56964,0.30840,
1787040686966675968,30.70616,90.24697,-0.45633,0.86683,-0.49260,0.06953,0.03328,0.12175,1.49460,0.10322,
1787040687033339136,30.71317,90.36168,-0.45722,0.87074,-0.48796,0.04832,0.03709,0.09207,1.54661,-0.11378,
1787040687100006144,30.71777,90.45949,-0.47125,0.87125,-0.48780,0.03083,0.04497,0.12469,1.56740,-0.26663,
1787040687166672896,30.72911,90.58979,-0.49030,0.87376,-0.48277,0.02379,0.05392,0.13682,1.62377,-0.23517,
1787040687233339904,30.73621,90.69284,-0.49971,0.87375,-0.48199,0.02054,0.06184,0.14269,1.64144,-0.06627,
1787040687300005888,30.74245,90.80046,-0.49511,0.87511,-0.47855,0.02380,0.06792,0.11877,1.66130,0.17437,
1787040687366672896,30.75012,90.90854,-0.48249,0.87047,-0.48629,0.02292,0.07263,0.12689,1.60893,0.24928,
1787040687433339136,30.76120,91.01395,-0.46441,0.86448,-0.49612,0.02014,0.07826,0.18311,1.58372,0.27740,
1787040687500009984,30.77048,91.12152,-0.45317,0.85826,-0.50600,0.02462,0.08214,0.19781,1.56202,0.10083,
1787040687566673152,30.77906,91.20996,-0.45408,0.85558,-0.50960,0.03304,0.08479,0.15615,1.53427,-0.09894,
1787040687633341184,30.78563,91.31236,-0.46776,0.85706,-0.50619,0.03369,0.08990,0.11436,1.54668,-0.26965,
1787040687700005120,30.79428,91.41835,-0.48729,0.86130,-0.49797,0.03070,0.09617,0.11016,1.57137,-0.30392,
1787040687766671872,30.80040,91.52483,-0.50327,0.86473,-0.49096,0.02385,0.10312,0.08679,1.62025,-0.13976,
1787040687833338880,30.80369,91.62688,-0.50753,0.86677,-0.48602,0.01246,0.11110,0.04253,1.61245,0.04945,
1787040687900006144,30.80317,91.73595,-0.49981,0.86946,-0.47755,-0.00022,0.12643,-0.04157,1.55846,0.24732,
1787040687966671872,30.79732,91.84242,-0.48220,0.86132,-0.48646,-0.00724,0.14641,-0.11625,1.62582,0.31142,
1787040688033341952,30.78533,91.94799,-0.46565,0.84877,-0.50145,-0.01436,0.16714,-0.18057,1.48494,0.20491,
1787040688100006144,30.77073,92.05330,-0.46158,0.84687,-0.49852,-0.02604,0.18336,-0.19557,1.49222,-0.02073,
1787040688166672896,30.75615,92.15900,-0.47045,0.84345,-0.49835,-0.03389,0.19773,-0.18047,1.52455,-0.22221,
1787040688233338112,30.74284,92.26244,-0.48848,0.84284,-0.49422,-0.03524,0.21006,-0.18199,1.52145,-0.29194,
1787040688300007168,30.72899,92.37098,-0.50330,0.84265,-0.49183,-0.03305,0.21666,-0.22359,1.56051,-0.14569,
1787040688366672896,30.71524,92.46977,-0.50812,0.84260,-0.49005,-0.02991,0.22133,-0.23298,1.49219,0.05161,
1787040688433340160,30.69875,92.57666,-0.50303,0.83953,-0.49352,-0.03263,0.22486,-0.21362,1.47793,0.17031,
1787040688500008192,30.68638,92.67252,-0.48841,0.83408,-0.49993,-0.04032,0.22969,-0.17217,1.48445,0.29048,
1787040688566673152,30.67938,92.76929,-0.47367,0.82343,-0.51228,-0.04134,0.24046,-0.10852,1.44648,0.14171,
1787040688633337856,30.67566,92.87087,-0.47306,0.81922,-0.51218,-0.03744,0.25523,-0.11112,1.43257,-0.08716,
1787040688700009216,30.67174,92.97229,-0.48568,0.81969,-0.50301,-0.03713,0.27149,-0.14411,1.49482,-0.27424,
1787040688766673152,30.63953,93.08809,-0.51578,0.81414,-0.49615,-0.04559,0.29821,-0.21554,1.54918,-0.31327,
1787040688833338880,30.63146,93.17114,-0.53460,0.80477,-0.48658,-0.06100,0.33446,-0.23600,1.56847,-0.18135,
1787040688900005120,30.62202,93.25868,-0.53671,0.79195,-0.47690,-0.08034,0.37274,-0.28148,1.46593,0.04014,
1787040688966672896,30.60381,93.35977,-0.52836,0.77647,-0.46176,-0.10822,0.41493,-0.36079,1.40623,0.19966,
1787040689033339904,30.58078,93.45316,-0.51003,0.74956,-0.45792,-0.13076,0.45976,-0.46754,1.39012,0.29161,
1787040689100007936,30.55411,93.55336,-0.49111,0.71818,-0.46116,-0.15083,0.49879,-0.47770,1.29010,0.17747,
1787040689166678016,30.52309,93.64809,-0.47306,0.69769,-0.45296,-0.16936,0.52857,-0.49753,1.26495,-0.00597,
1787040689233339136,30.48991,93.73288,-0.48063,0.67473,-0.44641,-0.18970,0.55630,-0.51765,1.29893,-0.20089,
1787040689300004864,30.47703,93.79865,-0.48000,0.65456,-0.43771,-0.20193,0.58240,-0.45243,1.26842,-0.24165,
1787040689366672128,30.43101,93.93442,-0.50421,0.64254,-0.43037,-0.20046,0.60145,-0.50847,1.38413,-0.12959,
1787040689433339136,30.39909,94.03900,-0.50170,0.64686,-0.42343,-0.20092,0.60159,-0.49126,1.37350,0.12231,
1787040689500006912,30.36917,94.14714,-0.48597,0.65485,-0.42444,-0.19970,0.59257,-0.43190,1.43456,0.22977,
1787040689566673920,30.34857,94.23375,-0.46774,0.65718,-0.42595,-0.19404,0.59079,-0.33957,1.39372,0.32454,
1787040689633338880,30.33553,94.32656,-0.44157,0.65717,-0.42941,-0.18246,0.59199,-0.25057,1.36915,0.23204,
1787040689700005888,30.32247,94.40787,-0.43162,0.66179,-0.42908,-0.16779,0.59141,-0.23680,1.33186,0.02266,
1787040689766671872,30.30395,94.51180,-0.43283,0.66533,-0.42415,-0.16004,0.59315,-0.27355,1.35095,-0.11827,
1787040689833338880,30.29196,94.60316,-0.43835,0.66383,-0.41616,-0.15818,0.60094,-0.27213,1.36872,-0.17419,
1787040689900006144,30.27000,94.69179,-0.44770,0.65031,-0.39981,-0.16525,0.62446,-0.33716,1.31247,-0.10206,
1787040689966674944,30.24658,94.78098,-0.44887,0.60762,-0.37689,-0.19439,0.67154,-0.40690,1.25799,0.07581,
1787040690033341952,30.21939,94.86499,-0.43811,0.55967,-0.35756,-0.22365,0.71337,-0.43173,1.18312,0.26166,
1787040690100006144,30.18637,94.94878,-0.41724,0.52513,-0.34779,-0.24221,0.73798,-0.47769,1.02042,0.36398,
1787040690166673920,30.14342,95.03789,-0.39660,0.49815,-0.34247,-0.26300,0.75193,-0.51325,0.95275,0.29829,
1787040690233339136,30.09838,95.13111,-0.38220,0.47633,-0.33332,-0.28212,0.76316,-0.49404,0.91630,0.16003,
1787040690300005888,30.05759,95.21441,-0.37713,0.45268,-0.32354,-0.29877,0.77533,-0.53337,0.96950,0.00735,
1787040690366672128,30.02079,95.29692,-0.38035,0.43555,-0.32137,-0.30398,0.78397,-0.51983,0.98962,-0.06476,
1787040690433339136,29.98201,95.38046,-0.38379,0.42318,-0.32211,-0.30702,0.78924,-0.55831,0.94522,-0.04392,
1787040690500006912,29.94129,95.45408,-0.38054,0.42147,-0.31232,-0.31124,0.79243,-0.60941,0.91082,0.15813,
1787040690566672128,29.89883,95.51745,-0.37345,0.41819,-0.32469,-0.32069,0.78539,-0.59643,0.98132,0.11364,
1787040690633337856,29.86051,95.58590,-0.36396,0.42774,-0.33494,-0.31915,0.77653,-0.57956,1.00212,0.17047,
1787040690700005120,29.83217,95.64497,-0.35347,0.44174,-0.35030,-0.30774,0.76645,-0.49724,0.92384,0.14322,
1787040690766674944,29.80483,95.70450,-0.34617,0.45033,-0.35020,-0.29911,0.76492,-0.49736,0.86991,0.07254,
1787040690833338112,29.77930,95.75992,-0.34267,0.45052,-0.34801,-0.29440,0.76763,-0.50738,0.81828,0.02123,
1787040690900006912,29.75386,95.80977,-0.34357,0.44918,-0.34464,-0.29452,0.76988,-0.52795,0.79652,-0.04018,
1787040690966679040,29.72082,95.85596,-0.34880,0.44093,-0.34663,-0.29650,0.77299,-0.52310,0.70682,-0.06891,
1787040691033338112,29.68785,95.89156,-0.34800,0.42439,-0.33386,-0.30652,0.78388,-0.57492,0.55547,0.09118,
1787040691100007168,29.65332,95.92696,-0.33913,0.40525,-0.32665,-0.31158,0.79498,-0.54755,0.42815,0.14766,
1787040691166672896,29.63330,95.93087,-0.33509,0.38479,-0.31535,-0.32190,0.80553,-0.60251,0.20800,0.12238,
1787040691233339904,29.59651,95.93768,-0.33075,0.35858,-0.30877,-0.34126,0.81217,-0.62918,-0.00975,0.04033,
1787040691300005888,29.55517,95.93081,-0.33292,0.33084,-0.29928,-0.37198,0.81401,-0.67592,-0.19082,-0.04494,
1787040691366672128,29.50218,95.92570,-0.33752,0.30522,-0.29334,-0.39849,0.81363,-0.69608,-0.25510,-0.09863,
1787040691433339136,29.45870,95.89935,-0.34891,0.28653,-0.28726,-0.41536,0.81416,-0.74520,-0.34441,-0.13857,
1787040691500005888,29.40408,95.87873,-0.35639,0.26806,-0.28136,-0.42321,0.81846,-0.75191,-0.39277,-0.13405,
1787040691566673152,29.35413,95.84869,-0.36307,0.25535,-0.26677,-0.41495,0.83153,-0.77948,-0.48628,-0.11020,
1787040691633338880,29.30295,95.80681,-0.36561,0.24505,-0.25049,-0.40654,0.84376,-0.86089,-0.65379,-0.00935,
1787040691700005888,29.24390,95.75516,-0.35681,0.23571,-0.24238,-0.40217,0.85086,-0.94042,-0.77774,0.19236,
1787040691766673152,29.19605,95.68368,-0.34624,0.23082,-0.24366,-0.40578,0.85012,-0.92450,-0.82513,0.27611,
1787040691833338880,29.13934,95.61956,-0.32510,0.22324,-0.23914,-0.40927,0.85175,-0.80252,-0.77509,0.32686,
1787040691900006912,29.09352,95.58226,-0.30245,0.21422,-0.23272,-0.40804,0.85642,-0.81955,-0.76172,0.29209,
1787040691966674176,29.03379,95.53108,-0.28701,0.20531,-0.23896,-0.40952,0.85618,-0.82492,-0.78145,0.16543,
1787040692033339136,28.98073,95.47824,-0.28071,0.19928,-0.24326,-0.40733,0.85744,-0.79298,-0.85256,0.00960,
1787040692100007168,28.92334,95.42192,-0.28431,0.19492,-0.24056,-0.40183,0.86178,-0.80452,-0.90407,-0.13592,
1787040692166672896,28.86982,95.36070,-0.29474,0.19276,-0.23496,-0.39282,0.86794,-0.84169,-0.96802,-0.17404,
1787040692233339904,28.80743,95.29704,-0.30132,0.19203,-0.22888,-0.38640,0.87260,-0.90121,-1.01349,-0.08254,
1787040692300004864,28.74549,95.23089,-0.29767,0.18976,-0.21964,-0.38006,0.87824,-0.93067,-1.08072,0.14036,
1787040692366672896,28.68547,95.15545,-0.28184,0.18428,-0.20504,-0.37885,0.88345,-0.92915,-1.17133,0.33536,
1787040692433339136,28.62979,95.07992,-0.25579,0.17038,-0.20638,-0.38814,0.88189,-0.73362,-1.21510,0.38306,
1787040692500005120,28.58526,94.99756,-0.22897,0.15817,-0.19663,-0.39738,0.88228,-0.63080,-1.30874,0.34222,
1787040692566673152,28.54865,94.91070,-0.21153,0.14149,-0.18860,-0.41678,0.87790,-0.53504,-1.37555,0.12112,
1787040692633338880,28.51481,94.81774,-0.20988,0.13008,-0.17681,-0.43669,0.87242,-0.48304,-1.37861,-0.13682,
1787040692700005120,28.48368,94.72660,-0.22300,0.12891,-0.16458,-0.43857,0.87404,-0.49728,-1.37995,-0.27956,
1787040692766673152,28.44826,94.63097,-0.24148,0.13120,-0.16317,-0.42908,0.87867,-0.52056,-1.38459,-0.26729,
1787040692833338112,28.41303,94.53745,-0.25318,0.12790,-0.16848,-0.41706,0.88392,-0.57144,-1.47843,-0.09453,
1787040692900007936,28.37388,94.43432,-0.24781,0.12139,-0.18100,-0.40646,0.88729,-0.60602,-1.53993,0.17047,
1787040692966672896,28.33414,94.32943,-0.23342,0.11537,-0.18814,-0.42336,0.87867,-0.65559,-1.58495,0.26884,
1787040693033339904,28.29083,94.22479,-0.21869,0.11001,-0.20349,-0.44946,0.86283,-0.74240,-1.59084,0.21117,
1787040693100006144,28.24309,94.11784,-0.21568,0.11001,-0.22186,-0.48869,0.83657,-0.75307,-1.58201,-0.02932,
1787040693166672896,28.19779,94.02038,-0.22483,0.11565,-0.23670,-0.50812,0.82001,-0.70648,-1.46243,-0.20222,
1787040693233339904,28.16822,93.96179,-0.30581,0.12191,-0.24567,-0.50381,0.81912,-0.70263,-1.42876,-0.40565,
1787040693300005888,28.11573,93.84679,-0.32869,0.12366,-0.25183,-0.49878,0.82007,-0.73646,-1.46877,-0.34336,
1787040693366672896,28.06241,93.73305,-0.34060,0.12284,-0.25221,-0.49473,0.82252,-0.75105,-1.52361,-0.14595,
1787040693433339136,28.01423,93.63296,-0.34222,0.12006,-0.23982,-0.48865,0.83024,-0.71955,-1.55439,0.08252,
1787040693500005888,27.96560,93.52301,-0.32358,0.11250,-0.23489,-0.49122,0.83119,-0.65785,-1.52054,0.22779,
1787040693566672128,27.92654,93.42315,-0.29479,0.10579,-0.23802,-0.49842,0.82688,-0.48345,-1.51509,0.33597,
1787040693633337856,27.89987,93.32519,-0.27661,0.10549,-0.22306,-0.49939,0.83050,-0.37260,-1.45912,0.18123,
1787040693700005888,27.87569,93.23304,-0.25959,0.10940,-0.20745,-0.49600,0.83605,-0.35763,-1.49596,-0.02883,
1787040693766673920,27.85135,93.14442,-0.25471,0.11193,-0.19234,-0.48887,0.84349,-0.35541,-1.47285,-0.16045,
1787040693833338880,27.82727,93.04883,-0.26095,0.11567,-0.17899,-0.47005,0.85653,-0.37316,-1.48881,-0.21602,
1787040693900006912,27.80278,92.94715,-0.26889,0.11648,-0.17121,-0.45112,0.86811,-0.41787,-1.56634,-0.10478,
1787040693966672896,27.77237,92.83662,-0.26682,0.11669,-0.17254,-0.43881,0.87410,-0.50242,-1.60039,0.18864,
1787040694033338112,27.73900,92.73540,-0.24979,0.11857,-0.17773,-0.44630,0.86901,-0.58850,-1.55613,0.30141,
1787040694100007168,27.69986,92.64215,-0.22815,0.12075,-0.18033,-0.45550,0.86338,-0.65146,-1.30782,0.34972,
1787040694166672896,27.65657,92.56435,-0.21194,0.12662,-0.18711,-0.44663,0.86572,-0.70664,-1.19592,0.15030,
1787040694233338112,27.60819,92.48369,-0.20818,0.12879,-0.19533,-0.44115,0.86640,-0.76486,-1.22441,-0.06587,
1787040694300005888,27.55722,92.40493,-0.21988,0.13027,-0.20097,-0.43543,0.86778,-0.81431,-1.21668,-0.19727,
1787040694366672128,27.50136,92.32327,-0.23470,0.12904,-0.20353,-0.43058,0.86978,-0.86869,-1.22221,-0.24083,
1787040694433339136,27.44312,92.24094,-0.25322,0.12671,-0.20220,-0.42244,0.87441,-0.92554,-1.24342,-0.15706,
1787040694500006912,27.37982,92.15698,-0.25860,0.12132,-0.19553,-0.41859,0.87854,-0.95931,-1.27380,0.00632,
1787040694566673920,27.31727,92.07651,-0.25570,0.11162,-0.18909,-0.42581,0.87776,-0.93901,-1.30763,0.16907,
1787040694633338880,27.25668,91.99406,-0.24352,0.10638,-0.19439,-0.43521,0.87263,-0.84779,-1.26823,0.23111,
1787040694700006912,27.20335,91.91285,-0.23540,0.10568,-0.19041,-0.45107,0.86551,-0.74302,-1.23665,0.15394,
1787040694766673920,27.15497,91.82945,-0.23040,0.10843,-0.17815,-0.45709,0.86462,-0.74980,-1.22243,-0.01262,
1787040694833339904,27.10554,91.75511,-0.24026,0.10681,-0.17015,-0.46094,0.86439,-0.75994,-1.21923,-0.15228,
1787040694900006912,27.05487,91.67544,-0.25283,0.10752,-0.16125,-0.46057,0.86621,-0.77719,-1.21622,-0.22626,
1787040694966671872,27.00228,91.60082,-0.26830,0.10758,-0.15649,-0.45546,0.86977,-0.80007,-1.23321,-0.16530,
1787040695033339904,26.94725,91.51757,-0.27425,0.10883,-0.15802,-0.45195,0.87117,-0.81584,-1.23743,0.03814,
1787040695100006144,26.89075,91.43860,-0.26799,0.11356,-0.16215,-0.45333,0.86908,-0.81857,-1.20799,0.13359,
1787040695166672896,26.83834,91.35848,-0.25545,0.12010,-0.15949,-0.45330,0.86871,-0.82834,-1.18402,0.18166,
1787040695233339904,26.78308,91.29966,-0.24243,0.12081,-0.16107,-0.45739,0.86617,-0.86410,-1.11356,0.10253,
1787040695300004864,26.72418,91.22934,-0.24012,0.11925,-0.16481,-0.45794,0.86539,-0.88950,-1.11590,-0.05923,
1787040695366672896,26.66551,91.15270,-0.24855,0.11628,-0.16895,-0.45780,0.86507,-0.88415,-1.12368,-0.19093,
1787040695433337856,26.60153,91.06760,-0.26645,0.11277,-0.16620,-0.45186,0.86918,-0.90268,-1.14086,-0.26067,
1787040695500006912,26.54292,90.98935,-0.28462,0.11044,-0.16172,-0.44424,0.87424,-0.92834,-1.15981,-0.21220,
1787040695566672128,26.48138,90.90849,-0.29775,0.10649,-0.15953,-0.44185,0.87635,-0.92557,-1.19310,-0.14926,
1787040695633338880,26.42131,90.81745,-0.30285,0.10195,-0.14693,-0.44145,0.87929,-0.82658,-1.25650,0.00588,
1787040695700006912,26.37426,90.72404,-0.29615,0.08216,-0.12336,-0.45777,0.87663,-0.73855,-1.38875,0.14099,
1787040695766671872,26.33650,90.60620,-0.30046,0.04539,-0.10324,-0.48961,0.86462,-0.65794,-1.41966,0.16792,
1787040695833338880,26.29455,90.53788,-0.28217,0.01645,-0.08809,-0.51298,0.85371,-0.59537,-1.25929,0.04966,
1787040695900006912,26.25424,90.44206,-0.28591,-0.00047,-0.07046,-0.51880,0.85198,-0.58879,-1.24255,-0.11003,
1787040695966672896,26.21218,90.34318,-0.29601,-0.00565,-0.06265,-0.51661,0.85391,-0.64273,-1.21305,-0.19796,
1787040696033339904,26.16769,90.20491,-0.30603,0.00385,-0.07087,-0.50587,0.85969,-0.67110,-1.25578,-0.20787,
1787040696100007168,26.12242,90.17042,-0.32254,0.01890,-0.08704,-0.49147,0.86632,-0.65225,-1.23403,-0.12035,
1787040696166678016,26.07988,90.08817,-0.32377,0.04245,-0.10744,-0.47172,0.87415,-0.63401,-1.22404,0.03090,
1787040696233339136,26.04263,90.00539,-0.31837,0.06930,-0.12778,-0.45799,0.87700,-0.61245,-1.25591,0.11262,
1787040696300005888,26.00824,89.91377,-0.30876,0.09022,-0.13243,-0.45158,0.87772,-0.61855,-1.28433,0.13481,
1787040696366672128,25.97648,89.83487,-0.30423,0.10137,-0.13829,-0.45649,0.87305,-0.66776,-1.24690,0.06054,
1787040696433339136,25.93897,89.76316,-0.30523,0.10913,-0.15330,-0.45704,0.86931,-0.68485,-1.19389,-0.07679,
1787040696500006912,25.89816,89.67783,-0.31320,0.12087,-0.16932,-0.45329,0.86674,-0.65931,-1.24411,-0.18496,
1787040696566673152,25.85417,89.58118,-0.33075,0.13173,-0.17924,-0.44947,0.86516,-0.66339,-1.28559,-0.28001,
1787040696633338880,25.81343,89.49591,-0.34875,0.14124,-0.18603,-0.44662,0.86370,-0.66663,-1.31109,-0.26854,
1787040696700005888,25.76419,89.38878,-0.36195,0.15052,-0.18972,-0.43780,0.86584,-0.67108,-1.34542,-0.13017,
1787040696766673152,25.72355,89.30371,-0.36196,0.18523,-0.19253,-0.41917,0.86771,-0.62374,-1.36000,0.08270,
1787040696833338112,25.68087,89.20207,-0.35233,0.22737,-0.20053,-0.41711,0.85680,-0.55773,-1.37442,0.19755,
1787040696900006144,25.64810,89.10955,-0.33630,0.24929,-0.20573,-0.41541,0.85027,-0.50781,-1.39214,0.21483,
1787040696966674176,25.62153,89.01823,-0.32356,0.25673,-0.20669,-0.41910,0.84600,-0.45012,-1.38318,0.06949,
1787040697033339136,25.59580,88.92359,-0.32222,0.25950,-0.20504,-0.41782,0.84619,-0.43416,-1.41804,-0.10573,
1787040697100007168,25.56741,88.82568,-0.33368,0.25715,-0.20120,-0.41958,0.84697,-0.42806,-1.47892,-0.22969,
1787040697166671872,25.54376,88.72212,-0.34777,0.25039,-0.19321,-0.42055,0.85036,-0.41469,-1.51651,-0.25402,
1787040697233339136,25.51716,88.62021,-0.36426,0.24410,-0.19033,-0.41832,0.85393,-0.42451,-1.54509,-0.17823,
1787040697300007168,25.50587,88.50978,-0.37275,0.24046,-0.19117,-0.41845,0.85471,-0.43572,-1.56887,0.02073,
1787040697366672896,25.43727,88.32538,-0.35087,0.23020,-0.19775,-0.42925,0.85068,-0.55250,-1.65615,0.20555,
1787040697433339136,25.40830,88.24065,-0.33464,0.21877,-0.18985,-0.43942,0.85030,-0.59279,-1.52626,0.23933,
1787040697500006912,25.37173,88.16287,-0.32202,0.21166,-0.19497,-0.45100,0.84486,-0.68500,-1.40247,0.12735,
1787040697566673152,25.32194,88.04716,-0.32783,0.20561,-0.20402,-0.45484,0.84215,-0.71138,-1.39440,-0.05618,
1787040697633338880,25.27165,87.93191,-0.34098,0.19828,-0.21095,-0.45201,0.84373,-0.73661,-1.40101,-0.18890,
1787040697700006912,25.21691,87.82421,-0.36576,0.18905,-0.21369,-0.44313,0.84984,-0.76095,-1.42396,-0.27804,
1787040697766680064,25.16776,87.73770,-0.40766,0.18137,-0.21419,-0.43480,0.85567,-0.79988,-1.45615,-0.26936,
1787040697833338880,25.11693,87.63265,-0.42155,0.17346,-0.20813,-0.43573,0.85833,-0.77476,-1.47234,-0.14363,
1787040697900006144,25.06353,87.52308,-0.41819,0.16543,-0.19535,-0.43243,0.86457,-0.75536,-1.47967,0.05992,
1787040697966674944,25.01958,87.41297,-0.40527,0.16304,-0.18872,-0.43335,0.86603,-0.70206,-1.45342,0.17275,
1787040698033339136,24.97907,87.32671,-0.39004,0.15972,-0.18879,-0.44089,0.86282,-0.63677,-1.42254,0.17602,
1787040698100006144,24.94080,87.22459,-0.38001,0.15775,-0.18374,-0.44587,0.86172,-0.59714,-1.38920,0.01860,
1787040698166673920,24.90470,87.12079,-0.37735,0.15731,-0.17754,-0.44598,0.86304,-0.61047,-1.41956,-0.12783,
1787040698233339136,24.86318,87.02300,-0.38983,0.15860,-0.17523,-0.44807,0.86219,-0.63749,-1.42957,-0.23132,
1787040698300007936,24.82035,86.92787,-0.40618,0.16050,-0.17870,-0.44571,0.86235,-0.64361,-1.43513,-0.24485,
1787040698366672896,24.78923,86.84164,-0.40677,0.16061,-0.18187,-0.44272,0.86321,-0.62240,-1.44038,-0.12256,
1787040698433340160,24.74705,86.74292,-0.41141,0.16165,-0.18748,-0.43569,0.86539,-0.62004,-1.44060,0.03266,
1787040698500006912,24.70564,86.64572,-0.40598,0.16748,-0.19237,-0.43863,0.86171,-0.63691,-1.36764,0.10908,
1787040698566673152,24.66614,86.54125,-0.38937,0.18000,-0.19633,-0.43870,0.85825,-0.72277,-1.33330,0.16198,
1787040698633338880,24.61500,86.45523,-0.38269,0.19796,-0.20700,-0.44266,0.84971,-0.77941,-1.23518,0.08843,
1787040698700007936,24.55951,86.33291,-0.38096,0.22766,-0.22775,-0.43662,0.84004,-0.80949,-1.17500,-0.03839,
1787040698766673920,24.51757,86.28710,-0.37929,0.28460,-0.25876,-0.42054,0.82170,-0.80031,-1.05193,-0.12684,
1787040698833338880,24.47321,86.23934,-0.38916,0.36098,-0.28557,-0.39236,0.79637,-0.78007,-0.95889,-0.21479,
1787040698900006144,24.42209,86.20603,-0.41499,0.43575,-0.31305,-0.36373,0.76146,-0.73239,-0.77670,-0.24509,
1787040698966674944,24.36925,86.12657,-0.41758,0.51780,-0.34521,-0.30958,0.71894,-0.75529,-0.79593,0.01796,
1787040699033339136,24.32355,86.06582,-0.40945,0.58491,-0.37071,-0.27971,0.66500,-0.70831,-0.74034,0.08926,
1787040699100011008,24.27717,86.01496,-0.39753,0.62614,-0.39329,-0.25545,0.62291,-0.76688,-0.71677,0.13532,
1787040699166675200,24.22923,85.97124,-0.38678,0.65195,-0.40798,-0.23654,0.59377,-0.79275,-0.65412,0.10685,
1787040699233339904,24.18079,85.97560,-0.36657,0.67462,-0.41557,-0.22735,0.56613,-0.80933,-0.51375,0.02491,
1787040699300007168,24.12283,85.95381,-0.37076,0.69180,-0.42146,-0.21637,0.54495,-0.80105,-0.39649,-0.06214,
1787040699366672128,24.07065,85.98254,-0.37706,0.70705,-0.42633,-0.20337,0.52628,-0.80935,-0.19331,-0.07721,
1787040699433339136,23.98607,85.94698,-0.38842,0.71882,-0.43953,-0.19251,0.50305,-0.94089,-0.11902,-0.08591,
1787040699500005120,23.91106,85.94058,-0.39952,0.72469,-0.45799,-0.18789,0.47933,-1.09785,0.05688,-0.08807,
1787040699566673152,23.83468,85.94536,-0.41812,0.72056,-0.48916,-0.19248,0.45218,-1.09795,0.16396,-0.14256,
1787040699633338880,23.75307,85.95442,-0.43138,0.71855,-0.50695,-0.18754,0.43762,-1.08463,0.25802,-0.23535,
1787040699700006912,23.67297,85.97022,-0.44842,0.72015,-0.51563,-0.17469,0.43012,-1.11881,0.33078,-0.26107,
1787040699766673920,23.59451,85.99307,-0.46453,0.72703,-0.51187,-0.16278,0.42770,-1.13034,0.41390,-0.22296,
1787040699833339904,23.51378,86.02023,-0.47588,0.74015,-0.49441,-0.14615,0.43171,-1.15192,0.46831,-0.12683,
1787040699900012032,23.43345,86.05375,-0.47914,0.75504,-0.47141,-0.13384,0.43564,-1.25264,0.54478,0.02735,
1787040699966671872,23.34817,86.09206,-0.46928,0.76298,-0.45588,-0.13193,0.43889,-1.30367,0.57291,0.23133,
1787040700033339136,23.26069,86.13044,-0.45052,0.76339,-0.45636,-0.13521,0.43668,-1.30658,0.52837,0.26316,
1787040700100006144,23.17552,86.16526,-0.43338,0.76367,-0.45105,-0.14257,0.43936,-1.29099,0.48557,0.17609,
1787040700166672896,23.09196,86.19889,-0.42579,0.76363,-0.44593,-0.15113,0.44178,-1.29486,0.49231,0.01851,
1787040700233338112,23.00783,86.23557,-0.42815,0.76414,-0.43655,-0.15671,0.44827,-1.31994,0.56477,-0.10923,
1787040700300005888,22.96464,86.30911,-0.42508,0.76406,-0.42972,-0.15937,0.45404,-1.30808,0.69840,-0.19288,
1787040700366674944,22.93208,86.39600,-0.42326,0.76237,-0.42644,-0.15659,0.46090,-1.29818,0.83343,-0.20810,
1787040700433339136,22.77816,86.41769,-0.45174,0.76155,-0.42335,-0.15220,0.46654,-1.45109,0.83754,-0.13265,
1787040700500005888,22.68904,86.48473,-0.44813,0.76282,-0.41963,-0.14214,0.47097,-1.50547,0.94031,0.16806,
1787040700566674944,22.64350,86.57929,-0.40050,0.76062,-0.42657,-0.13499,0.47039,-1.46738,1.02932,0.35607,
1787040700633338880,22.53567,86.65615,-0.37882,0.75596,-0.44271,-0.14180,0.46089,-1.30810,1.09047,0.35952,
1787040700700006912,22.45439,86.73476,-0.36085,0.75919,-0.44677,-0.13455,0.45379,-1.22882,1.15868,0.23240,
1787040700766673920,22.36944,86.81472,-0.35725,0.75885,-0.45597,-0.12747,0.44720,-1.17314,1.20019,-0.02025,
1787040700833338112,22.29116,86.89548,-0.36442,0.76042,-0.45886,-0.11266,0.44554,-1.17993,1.23384,-0.20343,
1787040700900006144,22.20100,86.97999,-0.38302,0.76243,-0.45618,-0.10284,0.44725,-1.21254,1.27063,-0.24903,
1787040700966674944,22.11445,87.06461,-0.39488,0.76626,-0.44756,-0.09168,0.45181,-1.28401,1.33796,-0.08046,
1787040701033339136,22.02432,87.15487,-0.39285,0.76466,-0.44586,-0.09320,0.45586,-1.35764,1.32993,0.18710,
1787040701100007168,21.92717,87.23942,-0.37505,0.76162,-0.44729,-0.10002,0.45810,-1.37556,1.27885,0.34479,
1787040701166671872,21.83477,87.32102,-0.35037,0.75643,-0.45889,-0.09883,0.45549,-1.40631,1.12825,0.42382,
1787040701233338112,21.73860,87.38709,-0.32767,0.75616,-0.46063,-0.10955,0.45171,-1.44133,1.03149,0.26338,
1787040701300005888,21.63955,87.45489,-0.31873,0.75655,-0.45958,-0.11894,0.44975,-1.47116,1.01355,0.00988,
1787040701366672128,21.53964,87.51752,-0.32623,0.75913,-0.45125,-0.12973,0.45084,-1.51032,1.02683,-0.17924,
1787040701433339136,21.43913,87.58834,-0.34180,0.76122,-0.44117,-0.13540,0.45561,-1.53306,1.05244,-0.23790,
1787040701500005888,21.33578,87.65311,-0.35595,0.76212,-0.43121,-0.13767,0.46290,-1.58271,1.05664,-0.11940,
1787040701566673152,21.22827,87.72538,-0.35620,0.76176,-0.42657,-0.13893,0.46739,-1.59584,1.06638,0.12943,
1787040701633339904,21.12220,87.82392,-0.34879,0.76316,-0.42222,-0.13996,0.46875,-1.61439,1.17728,0.32677,
1787040701700005120,21.01463,87.87493,-0.32095,0.75498,-0.43859,-0.15629,0.46176,-1.44290,1.17797,0.38757,
1787040701766671872,20.91928,87.95638,-0.29534,0.75284,-0.44866,-0.15517,0.45591,-1.33677,1.23107,0.28457,
1787040701833338112,20.82761,88.03343,-0.28371,0.75517,-0.45532,-0.14642,0.44829,-1.29508,1.26539,0.04464,
1787040701900006144,20.74208,88.11876,-0.28674,0.75821,-0.45872,-0.13066,0.44455,-1.29274,1.29321,-0.16210,
1787040701966671872,20.65857,88.19418,-0.29884,0.76206,-0.45661,-0.11689,0.44398,-1.33509,1.29876,-0.26207,
1787040702033339904,20.56837,88.27261,-0.31281,0.76727,-0.44776,-0.11066,0.44560,-1.37079,1.32614,-0.19288,
1787040702100004864,20.47194,88.35465,-0.31792,0.76916,-0.43906,-0.11015,0.45110,-1.42796,1.37324,0.01325,
1787040702166672896,20.37385,88.44741,-0.31002,0.76752,-0.43346,-0.11849,0.45715,-1.47246,1.35955,0.24793,
1787040702233339136,20.27912,88.52229,-0.28877,0.76062,-0.44265,-0.12077,0.45928,-1.42400,1.24940,0.35342,
1787040702300005888,20.18338,88.59167,-0.26495,0.75280,-0.45282,-0.12758,0.46040,-1.42110,1.09897,0.32170,
1787040702366672896,20.08840,88.66519,-0.24915,0.75241,-0.44861,-0.13753,0.46229,-1.41346,1.07295,0.11530,
1787040702433339136,19.99322,88.72812,-0.24855,0.75418,-0.44213,-0.14230,0.46420,-1.45898,1.09748,-0.07690,
1787040702500005120,19.89459,88.80296,-0.25899,0.75634,-0.43797,-0.14643,0.46335,-1.48769,1.14819,-0.21803,
1787040702566673152,19.79298,88.86911,-0.27283,0.75800,-0.43518,-0.14359,0.46415,-1.52120,1.17499,-0.21522,
1787040702633338880,19.69053,88.94752,-0.28143,0.75770,-0.43543,-0.13808,0.46606,-1.53504,1.17635,-0.03493,
1787040702700007936,19.58754,89.02536,-0.27341,0.76190,-0.42816,-0.12939,0.46845,-1.56362,1.22785,0.25576,
1787040702766671872,19.48193,89.10676,-0.25536,0.75618,-0.44133,-0.13715,0.46327,-1.52873,1.27005,0.32962,
1787040702833338880,19.38614,89.18283,-0.23050,0.75024,-0.45571,-0.14728,0.45583,-1.30431,1.29912,0.31863,
1787040702900006912,19.29845,89.26065,-0.21388,0.74692,-0.46462,-0.13903,0.45487,-1.22157,1.31558,0.14536,
1787040702966671872,19.21048,89.33713,-0.21039,0.74473,-0.47048,-0.12813,0.45564,-1.22773,1.34230,-0.06821,
1787040703033338112,19.12740,89.42799,-0.21867,0.74275,-0.47494,-0.11751,0.45711,-1.25862,1.36176,-0.19043,
1787040703100006144,19.03754,89.50307,-0.22847,0.74553,-0.47209,-0.11243,0.45681,-1.28355,1.38482,-0.22992,
1787040703166672896,18.95046,89.59970,-0.24080,0.75007,-0.46647,-0.10826,0.45616,-1.29584,1.42445,-0.10428,
1787040703233338112,18.81893,89.65275,-0.25153,0.75486,-0.45950,-0.11512,0.45365,-1.39351,1.37939,0.12349,
1787040703300007168,18.76328,89.77238,-0.22419,0.75529,-0.45438,-0.12838,0.45453,-1.36541,1.42535,0.27265,
1787040703366672128,18.67141,89.84318,-0.19799,0.75054,-0.46096,-0.12915,0.45554,-1.34477,1.32079,0.35699,
1787040703433339136,18.58294,89.92656,-0.17281,0.74872,-0.46263,-0.13403,0.45544,-1.36198,1.22302,0.30229,
1787040703500006912,18.48622,89.98650,-0.15840,0.75147,-0.45702,-0.14167,0.45426,-1.38428,1.17886,0.08800,
1787040703566673920,18.39069,90.06495,-0.15843,0.75496,-0.44737,-0.15218,0.45469,-1.42162,1.21672,-0.06904,
1787040703633338880,18.29293,90.14707,-0.16766,0.75666,-0.43878,-0.15950,0.45771,-1.40894,1.29083,-0.18680,
1787040703700005888,18.19798,90.20497,-0.18200,0.75831,-0.43259,-0.15562,0.46218,-1.39709,1.31728,-0.19222,
1787040703766673920,18.10117,90.29551,-0.19048,0.75882,-0.42868,-0.14769,0.46757,-1.42856,1.33984,-0.03534,
1787040703833338880,17.99830,90.36239,-0.18636,0.76298,-0.42243,-0.13914,0.46909,-1.43796,1.37141,0.16139,
1787040703900006144,17.89894,90.45590,-0.17197,0.76346,-0.43163,-0.13309,0.46165,-1.36144,1.40819,0.26049,
1787040703966674944,17.80139,90.53589,-0.15015,0.76915,-0.43540,-0.13033,0.44927,-1.24669,1.46310,0.30583,
1787040704033339904,17.73082,90.60984,-0.13601,0.77354,-0.44974,-0.11652,0.43103,-1.12544,1.49349,0.16646,
1787040704100006144,17.66428,90.69100,-0.13160,0.78257,-0.46247,-0.09497,0.40582,-1.06465,1.47665,-0.01867,
1787040704166675968,17.58376,90.77778,-0.13734,0.79378,-0.46843,-0.07317,0.38095,-1.08838,1.47667,-0.15355,
1787040704233339136,17.51760,90.85577,-0.15042,0.80395,-0.46849,-0.05788,0.36170,-1.09431,1.45850,-0.24132,
1787040704300005888,17.44604,90.94275,-0.16458,0.81429,-0.46234,-0.04881,0.34755,-1.12561,1.49154,-0.13088,
1787040704366672128,17.36978,91.03353,-0.17195,0.82168,-0.45663,-0.04938,0.33747,-1.13133,1.49395,0.02369,
1787040704433337856,17.32323,91.13600,-0.16813,0.82560,-0.45320,-0.05452,0.33169,-1.12637,1.48806,0.17547,
1787040704500005120,17.32488,91.17095,-0.19175,0.82945,-0.44783,-0.05772,0.32882,-1.05112,1.34245,0.23555,
1787040704566673152,17.20182,91.30736,-0.17828,0.82353,-0.45494,-0.06774,0.33203,-1.17654,1.37877,0.20344,
1787040704633337856,17.13190,91.39311,-0.17191,0.81909,-0.45679,-0.07890,0.33794,-1.14659,1.33468,0.00623,
1787040704700006912,17.03475,91.50094,-0.17771,0.82114,-0.45057,-0.08388,0.34012,-1.17995,1.38364,-0.16529,
1787040704766670848,16.99062,91.56913,-0.18574,0.82749,-0.44685,-0.08079,0.33023,-1.11576,1.40143,-0.27643,
1787040704833339904,16.87595,91.69499,-0.21200,0.83915,-0.44753,-0.06342,0.30251,-1.14996,1.48209,-0.26554,
1787040704900016896,16.79774,91.79638,-0.22255,0.86169,-0.44869,-0.02430,0.23574,-1.09424,1.42839,-0.08014,
1787040704966671872,16.72253,91.89360,-0.21842,0.88525,-0.44105,0.01608,0.14681,-1.09791,1.48247,0.17341,
1787040705033338112,16.64754,91.99433,-0.20462,0.88878,-0.44900,0.04546,0.08000,-1.04030,1.49432,0.22741,
1787040705100007936,16.50542,92.13499,-0.18760,0.89014,-0.44988,0.06552,0.03107,-1.03695,1.53865,0.22587,
1787040705166673920,16.49892,92.20243,-0.18188,0.88929,-0.44816,0.09095,-0.00638,-0.92089,1.45394,0.05988,
1787040705233339136,16.42663,92.30211,-0.18248,0.89132,-0.43651,0.11470,-0.04303,-0.95514,1.45786,-0.11799,
1787040705300008960,16.34621,92.40858,-0.19304,0.89123,-0.42463,0.13616,-0.08285,-1.02324,1.54771,-0.25122,
1787040705366676992,16.17042,92.55745,-0.19878,0.88962,-0.41753,0.14521,-0.11472,-1.17408,1.67029,-0.29187,
1787040705433340160,16.13160,92.62464,-0.21169,0.89180,-0.40492,0.15502,-0.12925,-1.14576,1.66678,-0.15921,
1787040705500011008,16.04404,92.74069,-0.21915,0.89303,-0.39697,0.15908,-0.14003,-1.15905,1.71529,-0.02937,
1787040705566672128,15.94424,92.86801,-0.21938,0.88992,-0.39967,0.16443,-0.14585,-1.24776,1.75792,0.13005,
1787040705633338880,15.86049,92.98462,-0.20889,0.88507,-0.40627,0.16698,-0.15403,-1.30660,1.73516,0.22974,
1787040705700005888,15.77423,93.08899,-0.19673,0.87522,-0.42341,0.16307,-0.16770,-1.34146,1.67071,0.16713,
1787040705766673152,15.68379,93.19764,-0.19110,0.86691,-0.43059,0.16212,-0.19175,-1.33885,1.58272,-0.00378,
1787040705833338880,15.60327,93.28711,-0.19873,0.86348,-0.42843,0.16379,-0.20980,-1.31319,1.57711,-0.16652,
1787040705900006912,15.51047,93.38890,-0.21420,0.86202,-0.42773,0.16445,-0.21661,-1.34813,1.60211,-0.27790,
1787040705966674944,15.41721,93.48743,-0.23287,0.86138,-0.42904,0.16500,-0.21618,-1.37232,1.57437,-0.21906,
1787040706033339136,15.32863,93.58936,-0.24462,0.85991,-0.42815,0.17246,-0.21797,-1.36456,1.52410,-0.05955,
1787040706100006144,15.24031,93.68996,-0.24287,0.85732,-0.42882,0.18246,-0.21868,-1.33060,1.54899,0.12509,
1787040706166672896,15.15276,93.79079,-0.23341,0.85939,-0.42549,0.18448,-0.21536,-1.27432,1.53821,0.18613,
1787040706233340928,15.06636,93.88407,-0.22618,0.85786,-0.43238,0.18304,-0.20886,-1.21449,1.59044,0.16314,
1787040706300007936,14.98467,93.99116,-0.22263,0.85532,-0.44221,0.18052,-0.20073,-1.21525,1.59588,-0.01055,
1787040706366672128,14.91307,94.06956,-0.23267,0.85483,-0.44742,0.18004,-0.19148,-1.19936,1.57775,-0.18296,
1787040706433337856,14.83810,94.15345,-0.25055,0.85520,-0.45112,0.18190,-0.17899,-1.22795,1.59825,-0.29942,
1787040706500006912,14.75288,94.26461,-0.27230,0.85785,-0.45477,0.17763,-0.16041,-1.23834,1.67869,-0.31074,
1787040706566673152,14.66754,94.36338,-0.28892,0.86316,-0.46401,0.16338,-0.11381,-1.27265,1.77072,-0.18321,
1787040706633338880,14.58089,94.46309,-0.29362,0.86860,-0.47389,0.13590,-0.05000,-1.31870,1.74770,0.00962,
1787040706700011008,14.50235,94.55968,-0.28305,0.86869,-0.48409,0.10496,0.00383,-1.30129,1.60380,0.17015,
1787040706766673152,14.40931,94.66715,-0.27171,0.86456,-0.49277,0.08723,0.04586,-1.30839,1.56528,0.21057,
1787040706833338880,14.32598,94.76272,-0.26185,0.85776,-0.50127,0.06949,0.09023,-1.31543,1.49121,0.08116,
1787040706900006144,14.23683,94.85433,-0.25985,0.85518,-0.49579,0.04981,0.14273,-1.35150,1.48334,-0.08364,
1787040706966674176,14.14617,94.94849,-0.26883,0.84886,-0.48796,0.02549,0.20170,-1.39609,1.52110,-0.21765,
1787040707033339136,14.05817,95.05492,-0.28421,0.83964,-0.47652,-0.00235,0.26062,-1.39352,1.54815,-0.26920,
1787040707100006144,13.96080,95.14688,-0.29718,0.82611,-0.46445,-0.02186,0.31835,-1.40670,1.54733,-0.14039,
1787040707166675200,13.86031,95.26265,-0.29196,0.81231,-0.45362,-0.03917,0.36448,-1.36510,1.58720,0.11450,
1787040707233339136,13.78859,95.35368,-0.28823,0.79874,-0.45240,-0.04396,0.39423,-1.27095,1.58548,0.18257,
1787040707300005888,13.71262,95.45784,-0.27142,0.78913,-0.45511,-0.05678,0.40857,-1.13220,1.54020,0.23248,
1787040707366673920,13.64058,95.56385,-0.25940,0.78279,-0.45765,-0.06012,0.41735,-0.97821,1.53834,0.13414,
1787040707433339136,13.57827,95.66675,-0.25579,0.78166,-0.45527,-0.05398,0.42288,-0.92828,1.55993,-0.04430,
1787040707500005888,13.51623,95.77330,-0.26471,0.78354,-0.45100,-0.04349,0.42517,-0.91607,1.60764,-0.21678,
1787040707566673920,13.45687,95.87937,-0.28259,0.78687,-0.44674,-0.03384,0.42440,-0.93206,1.66471,-0.30651,
1787040707633341952,13.39536,95.99085,-0.30158,0.79122,-0.44312,-0.02496,0.42070,-0.92858,1.70807,-0.23506,
1787040707700005888,13.33337,96.10397,-0.31182,0.79667,-0.43625,-0.02091,0.41782,-0.96572,1.72057,0.00090,
1787040707766673152,13.26603,96.21592,-0.29898,0.80223,-0.42837,-0.02241,0.41525,-1.02731,1.69935,0.25012,
1787040707833338880,13.15554,96.33844,-0.27733,0.79911,-0.43672,-0.01707,0.41280,-1.17216,1.55534,0.30570,
1787040707900006912,13.10214,96.42486,-0.26127,0.79646,-0.43850,-0.03098,0.41522,-1.23634,1.41026,0.24900,
1787040707966674176,13.03114,96.51471,-0.25039,0.79767,-0.43018,-0.05271,0.41939,-1.24536,1.36929,0.04901,
1787040708033339136,12.94892,96.60757,-0.25264,0.79496,-0.42432,-0.07373,0.42727,-1.26790,1.41599,-0.11974,
1787040708100007168,12.91969,96.79862,-0.20792,0.79056,-0.42250,-0.08812,0.43445,-1.20749,1.59467,-0.18495,
1787040708166672896,12.83458,96.94169,-0.22013,0.79323,-0.42669,-0.08768,0.42547,-1.20312,1.72948,-0.19736,
1787040708233340928,12.78301,97.04761,-0.23233,0.80332,-0.44148,-0.06963,0.39362,-1.15136,1.74291,-0.07793,
1787040708300007168,12.72394,97.15096,-0.22428,0.82307,-0.44792,-0.04711,0.34598,-1.11116,1.77371,0.22788,
1787040708366673920,12.65493,97.28864,-0.20829,0.83262,-0.46590,-0.02899,0.29805,-1.03054,1.83698,0.28795,
1787040708433339136,12.57739,97.43274,-0.18933,0.83689,-0.48490,-0.02058,0.25310,-0.80512,1.81295,0.28298,
1787040708500006912,12.52110,97.56385,-0.17875,0.84374,-0.49382,0.01390,0.20990,-0.65154,1.76069,0.13939,
1787040708566672128,12.44408,97.71448,-0.18020,0.85217,-0.49581,0.05006,0.15958,-0.66997,1.80849,-0.04667,
1787040708633337856,12.40197,97.82491,-0.19211,0.85796,-0.49497,0.08343,0.10935,-0.67755,1.78563,-0.18885,
1787040708700005120,12.40368,97.89280,-0.20875,0.86525,-0.48461,0.11122,0.06422,-0.62473,1.74724,-0.24295,
1787040708766671872,12.38502,97.99333,-0.22247,0.87219,-0.47061,0.13194,0.02015,-0.57471,1.79233,-0.14217,
1787040708833338880,12.35186,98.11713,-0.22508,0.87690,-0.45609,0.15043,-0.02010,-0.52680,1.85174,0.08904,
1787040708900006912,12.27734,98.28814,-0.21414,0.87388,-0.45465,0.16470,-0.05006,-0.59397,1.94220,0.20383,
1787040708966672896,12.22627,98.42277,-0.19920,0.86838,-0.45587,0.18064,-0.07395,-0.63719,1.92100,0.25239,
1787040709033339136,12.19642,98.53045,-0.18243,0.86457,-0.45707,0.18592,-0.09511,-0.65981,1.83680,0.17591,
1787040709100007168,12.21646,98.58564,-0.09384,0.86464,-0.45072,0.18518,-0.12231,-0.57434,1.78009,0.14992,
1787040709166673920,12.17928,98.71522,-0.03664,0.86484,-0.44260,0.18541,-0.14755,-0.53103,1.87598,0.08661,
1787040709233339136,12.13557,98.86118,-0.03308,0.86422,-0.43230,0.19119,-0.17231,-0.50654,1.93989,0.01386,
1787040709300007168,12.10327,98.98631,-0.03133,0.86292,-0.41993,0.20036,-0.19720,-0.47839,1.94513,0.06401,
1787040709366675968,12.06109,99.13222,-0.02179,0.85815,-0.40779,0.21568,-0.22532,-0.46945,1.98514,0.18976,
1787040709433340160,12.04607,99.24222,-0.00299,0.84965,-0.39593,0.23585,-0.25633,-0.36291,1.97379,0.40537,
1787040709500005120,12.02586,99.37033,0.02712,0.83925,-0.39141,0.24497,-0.28713,-0.23935,1.94134,0.51198,
1787040709566673920,12.01562,99.49374,0.06132,0.82394,-0.39416,0.25601,-0.31657,-0.12086,1.85532,0.47074,
1787040709633338880,12.00738,99.61882,0.08564,0.81408,-0.38966,0.26683,-0.33799,-0.06930,1.80912,0.25052,
1787040709700005888,11.98904,99.76565,0.10233,0.80741,-0.38118,0.28156,-0.35145,-0.03475,1.86107,0.09293,
1787040709766673152,12.00298,99.86495,0.09820,0.80426,-0.36873,0.29363,-0.36191,-0.00350,1.85916,-0.01633,
1787040709833338880,12.00372,99.99243,0.09696,0.80665,-0.35395,0.29302,-0.37172,0.04911,1.89482,-0.00155,
1787040709900006912,12.00814,100.12512,0.10192,0.81089,-0.33991,0.29305,-0.37555,0.13206,1.95951,0.12513,
1787040709966672896,12.01755,100.25970,0.11727,0.81663,-0.32934,0.28613,-0.37786,0.18535,1.99204,0.30132,
1787040710033339136,12.02982,100.39474,0.13946,0.81531,-0.32924,0.28749,-0.37976,0.16853,1.95897,0.40883,
1787040710100006144,12.04163,100.52758,0.16951,0.81371,-0.32343,0.29270,-0.38418,0.18058,2.00978,0.46540,
1787040710166672896,12.05824,100.65332,0.19780,0.80832,-0.32821,0.29503,-0.38968,0.17725,2.01006,0.36241,
1787040710233339136,12.07802,100.77494,0.21682,0.80667,-0.32497,0.29401,-0.39653,0.23249,1.99178,0.18663,
1787040710300004864,12.09815,100.90349,0.22516,0.80669,-0.31797,0.29431,-0.40190,0.29540,2.04098,0.04777,
1787040710366672128,12.14403,101.00897,0.22809,0.80432,-0.31367,0.29515,-0.40934,0.37227,2.03678,0.00109,
1787040710433339136,12.14600,101.17973,0.22711,0.79851,-0.31129,0.29797,-0.42036,0.37067,2.12251,0.08409,
1787040710500008192,12.17702,101.31185,0.23842,0.79123,-0.31010,0.30272,-0.43145,0.42816,2.07886,0.32239,
1787040710566674944,12.21140,101.44079,0.26899,0.77866,-0.30795,0.31608,-0.44603,0.48087,2.02054,0.50010,
1787040710633337856,12.25625,101.54827,0.30388,0.76846,-0.31024,0.31543,-0.46231,0.54136,1.85795,0.52408,
1787040710700005888,12.37578,101.51569,0.33206,0.75516,-0.30953,0.32982,-0.47450,0.69096,1.58957,0.42042,
1787040710766673152,12.43202,101.68008,0.35761,0.74561,-0.30732,0.33731,-0.48564,0.75690,1.64315,0.24213,
1787040710833338880,12.48522,101.76460,0.36837,0.73600,-0.30424,0.34597,-0.49603,0.79980,1.61118,0.09062,
1787040710900006912,12.54258,101.84158,0.37146,0.73233,-0.29591,0.34957,-0.50392,0.83854,1.57677,-0.01045,
1787040710966674176,12.60568,101.92692,0.37290,0.73244,-0.28730,0.34737,-0.51022,0.91110,1.55169,0.04307,
1787040711033339136,12.66934,102.02432,0.37946,0.73486,-0.28149,0.34312,-0.51285,0.96415,1.53957,0.19742,
1787040711100006144,12.74413,102.09082,0.40121,0.73943,-0.27529,0.33820,-0.51292,1.05165,1.51717,0.42847,
1787040711166672896,12.80828,102.18660,0.43211,0.73965,-0.27898,0.33855,-0.51036,0.95163,1.50447,0.51824,
1787040711233339136,12.89161,102.21058,0.41859,0.73905,-0.28378,0.34025,-0.50745,0.92844,1.46307,0.46872,
1787040711300007936,12.94152,102.39403,0.49963,0.74060,-0.29421,0.33435,-0.50315,0.88421,1.57735,0.38746,
1787040711366672896,13.00374,102.44807,0.51917,0.74426,-0.29708,0.32817,-0.50012,0.91131,1.52137,0.21498,
1787040711433339136,13.06872,102.50356,0.52791,0.74819,-0.29735,0.32358,-0.49707,0.97989,1.50786,0.07097,
1787040711500006912,13.13747,102.60613,0.52910,0.74852,-0.30509,0.32453,-0.49123,1.04899,1.53237,-0.00295,
1787040711566673152,13.21361,102.68138,0.53005,0.75237,-0.30371,0.32830,-0.48365,0.99997,1.49495,0.11540,
1787040711633339904,13.28157,102.78023,0.54319,0.75852,-0.29319,0.32791,-0.48079,1.03014,1.48905,0.31048,
1787040711700005888,13.36534,102.87374,0.56732,0.75844,-0.29153,0.33545,-0.47671,1.10270,1.47035,0.48011,
1787040711766671872,13.43988,102.96398,0.59997,0.75533,-0.29926,0.33636,-0.47623,1.11253,1.37329,0.53604,
1787040711833338880,13.53150,103.04118,0.62420,0.74461,-0.30970,0.34616,-0.47938,1.19131,1.25580,0.44694,
1787040711900006144,13.61011,103.11838,0.64693,0.73550,-0.31391,0.36047,-0.48016,1.17718,1.15901,0.25091,
1787040711966672896,13.70290,103.17263,0.64547,0.73076,-0.30456,0.37524,-0.48211,1.21246,1.09502,0.07593,
1787040712033339136,13.80317,103.24035,0.63466,0.72778,-0.29026,0.38675,-0.48632,1.25232,1.11461,-0.03980,
1787040712100006144,13.89403,103.29466,0.62214,0.72559,-0.27630,0.38698,-0.49742,1.32729,1.12306,-0.03299,
1787040712166672896,14.01463,103.40764,0.62576,0.72140,-0.27013,0.38811,-0.50594,1.42955,1.20415,0.12063,
1787040712233340928,14.11585,103.49454,0.63866,0.72177,-0.26375,0.38000,-0.51487,1.46401,1.21757,0.30599,
1787040712300005888,14.21593,103.58025,0.66440,0.72073,-0.26451,0.38113,-0.51510,1.54523,1.27007,0.39901,
1787040712366672128,14.31259,103.65403,0.69221,0.71731,-0.27771,0.39556,-0.50188,1.59676,1.37355,0.45371,
1787040712433340160,14.41953,103.74858,0.72043,0.70699,-0.31729,0.40932,-0.48161,1.61139,1.45654,0.35067,
1787040712500005888,14.52123,103.83253,0.73433,0.69918,-0.35025,0.41934,-0.46112,1.51595,1.43358,0.16375,
1787040712566673152,14.62412,103.92228,0.73943,0.69633,-0.36946,0.41995,-0.44973,1.54928,1.43883,0.01412,
1787040712633338880,14.73409,104.02448,0.73764,0.69521,-0.38468,0.42098,-0.43759,1.54794,1.44188,-0.06354,
1787040712700005888,14.83764,104.11181,0.73070,0.69492,-0.39286,0.42496,-0.42680,1.53896,1.44103,0.00622,
1787040712766671872,14.94207,104.19896,0.73231,0.69538,-0.39695,0.42692,-0.42025,1.54959,1.41473,0.20851,
1787040712833338880,15.04995,104.29026,0.75012,0.69337,-0.40024,0.43303,-0.41418,1.60354,1.36445,0.39705,
1787040712900006144,15.15083,104.38999,0.78034,0.69052,-0.40842,0.43640,-0.40734,1.54676,1.26524,0.42221,
1787040712966672896,15.25716,104.47062,0.80659,0.68698,-0.41549,0.44365,-0.39824,1.59437,1.13097,0.37851,
1787040713033339136,15.36526,104.54622,0.83055,0.68230,-0.41962,0.45378,-0.39048,1.58739,1.11337,0.24796,
1787040713100007168,15.47597,104.62216,0.83488,0.67726,-0.42554,0.45890,-0.38686,1.58045,1.12231,0.09440,
1787040713166672896,15.57928,104.69681,0.83798,0.67568,-0.42878,0.45855,-0.38644,1.57823,1.13076,-0.01846,
1787040713233339136,15.68809,104.74749,0.81653,0.67890,-0.42575,0.45417,-0.38932,1.62490,1.12251,-0.05271,
1787040713300004864,15.79805,104.81486,0.81027,0.68436,-0.42300,0.44507,-0.39324,1.69207,1.12338,0.08431,
1787040713366672128,15.91077,104.88528,0.81546,0.69262,-0.42304,0.42834,-0.39728,1.70482,1.14318,0.22638,
1787040713433339136,16.02878,104.95755,0.82097,0.70370,-0.42619,0.41026,-0.39352,1.69101,1.14544,0.34291,
1787040713500005120,16.13630,105.02067,0.83255,0.71546,-0.42350,0.39821,-0.38756,1.72118,1.17327,0.40880,
1787040713566672128,16.23912,105.09637,0.84719,0.71786,-0.43255,0.39726,-0.37385,1.64645,1.18352,0.40039,
1787040713633338880,16.33790,105.16723,0.86389,0.73258,-0.42965,0.38487,-0.36139,1.49311,1.08586,0.32181,
1787040713700006912,16.43884,105.24098,0.87221,0.76562,-0.41168,0.36081,-0.33788,1.50459,1.07797,0.11853,
1787040713766673152,16.53546,105.30158,0.86843,0.79624,-0.39623,0.33484,-0.31127,1.47582,1.06802,-0.14207,
1787040713833338880,16.63840,105.37776,0.85372,0.82299,-0.37088,0.30943,-0.29898,1.48282,1.07701,-0.26208,
1787040713900006144,16.74616,105.46114,0.83853,0.83989,-0.35687,0.28887,-0.28945,1.61980,1.17566,-0.19512,
1787040713966672896,16.86248,105.54118,0.82563,0.85164,-0.34689,0.27489,-0.28073,1.76393,1.21058,-0.07030,
1787040714033339136,16.99333,105.62193,0.82307,0.85740,-0.33905,0.26827,-0.27919,1.88792,1.18880,0.07280,
1787040714100006144,17.11585,105.68279,0.82815,0.85929,-0.32926,0.26626,-0.28689,1.91204,1.04866,0.23286,
1787040714166673920,17.25736,105.76433,0.85227,0.85004,-0.33109,0.28278,-0.29640,2.08289,0.95036,0.30077,
1787040714233339136,17.39412,105.83133,0.86789,0.83184,-0.33580,0.31816,-0.30667,1.99536,0.89119,0.09377,
1787040714300005888,17.52333,105.89045,0.86607,0.82415,-0.32125,0.33124,-0.32840,1.95624,0.89573,-0.12376,
1787040714366672128,17.65490,105.95314,0.85425,0.81321,-0.30727,0.34123,-0.35754,2.01347,0.96247,-0.20394,
1787040714433339136,17.79247,106.01762,0.84018,0.79729,-0.30275,0.34839,-0.38896,2.07416,0.98850,-0.21068,
1787040714500005888,17.93194,106.08374,0.82887,0.78057,-0.29649,0.35539,-0.42012,2.12694,1.03016,-0.11097,
1787040714566672128,18.07484,106.15486,0.82764,0.77027,-0.29596,0.35076,-0.44278,2.17565,1.07096,0.07631,
1787040714633339904,18.21911,106.22795,0.84249,0.75863,-0.30088,0.36119,-0.45111,2.13280,1.13973,0.35744,
1787040714700005888,18.35809,106.30115,0.86876,0.74642,-0.31404,0.37092,-0.45460,2.02708,1.20045,0.44380,
1787040714766671872,18.47343,106.34125,0.88434,0.73450,-0.32639,0.36742,-0.46795,1.89561,1.15470,0.20950,
1787040714833338880,18.61241,106.41222,0.89358,0.72616,-0.32821,0.35994,-0.48519,1.93040,1.11569,-0.02591,
1787040714900006144,18.74510,106.48253,0.88586,0.71402,-0.32108,0.35986,-0.50753,1.94354,1.12828,-0.19493,
1787040714966671872,18.87569,106.55979,0.86925,0.69926,-0.31233,0.35392,-0.53686,1.99362,1.14394,-0.19271,
1787040715033338112,19.00542,106.63062,0.85608,0.67969,-0.30309,0.36396,-0.56008,2.00409,1.12213,-0.09856,
1787040715100006144,19.13306,106.69506,0.85618,0.65742,-0.28183,0.37332,-0.59076,2.01975,1.06874,0.16121,
1787040715166673920,19.26427,106.74280,0.86934,0.62963,-0.26554,0.38090,-0.62288,2.02656,0.93507,0.32181,
1787040715233339904,19.39926,106.77095,0.89095,0.60229,-0.25695,0.38948,-0.64771,2.07163,0.77933,0.38354,
1787040715300005888,19.53614,106.80103,0.91175,0.57321,-0.24749,0.40461,-0.66819,2.01345,0.66891,0.18020,
1787040715366672896,19.69848,106.85627,0.91531,0.55037,-0.22852,0.41715,-0.68619,2.06874,0.71470,-0.03198,
1787040715433339136,19.85674,106.91961,0.90234,0.52930,-0.21452,0.42036,-0.70506,2.13625,0.76067,-0.22842,
1787040715500005888,19.99111,106.97076,0.87960,0.51180,-0.20229,0.41994,-0.72166,2.15980,0.76662,-0.28970,
1787040715566673152,20.13384,107.02767,0.85916,0.50317,-0.19163,0.42099,-0.72998,2.22310,0.77528,-0.19803,
1787040715633338880,20.27572,107.08637,0.85088,0.50469,-0.18778,0.41867,-0.73126,2.19440,0.80715,-0.03323,
1787040715700005888,20.41957,107.15272,0.85785,0.51303,-0.18004,0.41731,-0.72818,2.21465,0.85512,0.24769,
1787040715766671872,20.56701,107.20810,0.87975,0.51357,-0.18957,0.42369,-0.72167,2.20742,0.91375,0.37676,
1787040715833338112,20.68617,107.27205,0.90056,0.52403,-0.21068,0.42301,-0.70856,2.09919,0.95973,0.22198,
1787040715900007936,20.81154,107.33532,0.90748,0.54869,-0.21787,0.41080,-0.69478,2.08376,0.92336,-0.02913,
1787040715966674176,20.88798,107.35936,0.90133,0.57012,-0.22153,0.40528,-0.67944,2.05777,0.86712,-0.23454,
1787040716033339136,21.06372,107.43990,0.88208,0.59188,-0.22770,0.39916,-0.66219,2.10570,0.90536,-0.27778,
1787040716100007168,21.19609,107.50070,0.86754,0.60545,-0.22429,0.40225,-0.64910,2.08673,0.93219,-0.17495,
1787040716166672896,21.30983,107.55137,0.86217,0.61641,-0.21520,0.40007,-0.64318,2.06489,0.91049,0.06053,
1787040716233339904,21.43886,107.60520,0.86872,0.62445,-0.21632,0.40153,-0.63406,2.11361,0.83073,0.20086,
1787040716300007168,21.51702,107.61749,0.88588,0.62631,-0.22089,0.40620,-0.62765,2.10676,0.64855,0.32017,
1787040716366673920,21.67581,107.66781,0.90384,0.61466,-0.23816,0.42649,-0.61934,2.14845,0.59220,0.18704,
1787040716433339136,21.81264,107.70503,0.90524,0.60547,-0.25324,0.44388,-0.61011,2.10797,0.54527,-0.07965,
1787040716500005888,21.93330,107.73398,0.89175,0.60590,-0.25741,0.45656,-0.59849,2.11735,0.52607,-0.27863,
1787040716566673920,22.09717,107.79488,0.86245,0.60813,-0.26907,0.46380,-0.58537,2.20825,0.56454,-0.38785,
1787040716633338880,22.22813,107.82152,0.83771,0.61029,-0.28330,0.46925,-0.57192,2.21369,0.50371,-0.30541,
1787040716700005888,22.33098,107.83951,0.82282,0.61675,-0.29096,0.47167,-0.55901,2.11133,0.48559,-0.12182,
1787040716766674944,22.48045,107.87081,0.82375,0.62685,-0.30038,0.46584,-0.54756,2.13817,0.46743,0.08969,
1787040716833338880,22.57637,107.86954,0.83394,0.62737,-0.30417,0.47068,-0.54069,2.04317,0.41328,0.23496,
1787040716900006912,22.75421,107.90845,0.85041,0.61719,-0.30874,0.48418,-0.53788,2.08351,0.46561,0.21019,
1787040716966674944,22.87487,107.93615,0.85778,0.60766,-0.31400,0.48861,-0.54167,2.03026,0.48737,0.04821,
1787040717033339136,22.95540,107.93121,0.85752,0.60427,-0.32132,0.48839,-0.54138,1.98605,0.42261,-0.13017,
1787040717100006144,22.93785,107.82240,0.83380,0.60662,-0.32773,0.48622,-0.53683,1.81445,0.28311,-0.27008,
1787040717166671872,23.15282,107.86999,0.80729,0.61130,-0.33756,0.48251,-0.52873,1.94034,0.34063,-0.27810,
1787040717233339136,23.27087,107.89066,0.78782,0.61086,-0.33799,0.47734,-0.53363,1.90606,0.35759,-0.18459,
1787040717300007936,23.43158,107.92282,0.77910,0.60211,-0.33746,0.47614,-0.54486,1.99282,0.29276,0.04152,
1787040717366672896,23.54683,107.93426,0.78995,0.59263,-0.33158,0.47195,-0.56223,1.91728,0.14825,0.20439,
1787040717433339136,23.67192,107.93195,0.81090,0.58241,-0.32677,0.48188,-0.56729,1.96086,-0.00248,0.23901,
1787040717500005888,23.85949,107.94609,0.81943,0.57320,-0.31909,0.49346,-0.57107,1.92708,-0.03454,0.08448,
1787040717566679040,23.96110,107.93712,0.82327,0.57774,-0.29955,0.49053,-0.57954,1.88499,-0.03028,-0.09424,
1787040717633338880,24.10567,107.94032,0.81276,0.58441,-0.28564,0.47927,-0.58921,1.95742,-0.02136,-0.25891,
1787040717700006912,24.21962,107.93528,0.79661,0.59113,-0.27828,0.46696,-0.59588,2.00750,-0.05258,-0.31086,
1787040717766673152,24.41889,107.94838,0.77264,0.59433,-0.27923,0.46525,-0.59360,2.18146,-0.06812,-0.28933,
1787040717833338880,24.50371,107.93286,0.76098,0.60018,-0.28428,0.46138,-0.58829,2.18202,-0.08624,-0.07958,
1787040717900006144,24.65305,107.92658,0.76306,0.59982,-0.29743,0.46731,-0.57738,2.20881,-0.05281,0.13396,
1787040717966675968,24.72899,107.90987,0.77787,0.59431,-0.31115,0.47676,-0.56805,2.10969,-0.01741,0.23065,
1787040718033339136,24.83858,107.90139,0.79041,0.58532,-0.32654,0.49033,-0.55709,1.97104,0.02034,0.11234,
1787040718100006144,24.96761,107.89941,0.79054,0.57986,-0.33370,0.49274,-0.55643,1.93842,0.05039,-0.05818,
1787040718166672896,25.06327,107.89951,0.78393,0.57976,-0.33947,0.49060,-0.55493,1.87276,0.06023,-0.21724,
1787040718233338112,25.18679,107.90469,0.76913,0.58555,-0.33379,0.48493,-0.55728,1.80983,0.07962,-0.25237,
1787040718300004864,25.34015,107.91750,0.75339,0.59635,-0.31767,0.47593,-0.56298,1.86880,0.10602,-0.16419,
1787040718366673920,25.46875,107.92488,0.74589,0.60518,-0.30024,0.46574,-0.57158,1.88859,0.08910,-0.00552,
1787040718433340160,25.58350,107.93230,0.74949,0.60514,-0.29670,0.46470,-0.57431,1.91940,0.05312,0.14400,
1787040718500005120,25.70118,107.93586,0.75922,0.60506,-0.29545,0.46073,-0.57822,1.92110,-0.05568,0.20359,
1787040718566675968,25.84052,107.92869,0.76842,0.59770,-0.29828,0.47476,-0.57306,1.94234,-0.11215,0.11485,
1787040718633337856,25.96361,107.92105,0.77141,0.59403,-0.29887,0.48573,-0.56733,1.84413,-0.10607,-0.03476,
1787040718700005888,26.08509,107.91839,0.76172,0.59389,-0.29267,0.49018,-0.56688,1.85418,-0.09982,-0.20644,
1787040718766673920,26.21008,107.91201,0.74375,0.59509,-0.28794,0.48898,-0.56907,1.88038,-0.09209,-0.29680,
1787040718833338880,26.25190,107.89852,0.72969,0.59787,-0.28603,0.48131,-0.57365,1.85732,-0.13116,-0.25837,
1787040718900007936,26.38753,107.89005,0.71487,0.60006,-0.28729,0.47700,-0.57434,1.86605,-0.13252,-0.14644,
1787040718966672896,26.55889,107.89261,0.70808,0.60700,-0.28903,0.46593,-0.57526,2.02279,-0.08086,0.03992,
1787040719033339136,26.70454,107.89202,0.71250,0.60953,-0.30088,0.47214,-0.56127,2.05476,-0.02205,0.15338,
1787040719100007168,26.80325,107.89291,0.72465,0.60708,-0.31566,0.48424,-0.54528,2.00130,0.06941,0.19033,
1787040719166671872,26.93846,107.90010,0.73129,0.60110,-0.33317,0.49069,-0.53563,1.90411,0.12298,0.04932,
1787040719233339136,26.98943,107.89747,0.73345,0.60118,-0.34388,0.48599,-0.53305,1.79575,0.11069,-0.10390,
1787040719300007168,27.08551,107.89908,0.72603,0.60473,-0.34778,0.48303,-0.52918,1.71926,0.10804,-0.19028,
1787040719366672128,27.21328,107.90921,0.71200,0.61542,-0.34337,0.47181,-0.52986,1.75323,0.12107,-0.18449,
1787040719433339136,27.36656,107.91882,0.69857,0.61796,-0.34515,0.47412,-0.52365,1.83404,0.08744,-0.05885,
1787040719500005888,27.45802,107.92094,0.70064,0.61691,-0.34642,0.47983,-0.51882,1.77894,0.06937,0.06762,
1787040719566673152,27.59486,107.92708,0.70513,0.61562,-0.34840,0.48252,-0.51652,1.78016,0.02715,0.10430,
1787040719633338880,27.73195,107.93213,0.70722,0.61158,-0.35314,0.49050,-0.51056,1.73096,0.00654,0.08868,
1787040719700006912,27.85068,107.93117,0.71039,0.61153,-0.35202,0.49207,-0.50988,1.70878,-0.01758,-0.02318,
1787040719766673152,27.95159,107.93273,0.70405,0.61060,-0.34735,0.49495,-0.51141,1.70034,-0.00901,-0.11955,
1787040719833338880,28.06495,107.93207,0.69360,0.61240,-0.34303,0.49238,-0.51464,1.72091,-0.00895,-0.22041,
1787040719900006912,28.17354,107.92991,0.67728,0.61343,-0.33876,0.49047,-0.51805,1.74416,-0.03262,-0.24631,
1787040719966672896,28.22634,107.92680,0.66088,0.61436,-0.33705,0.48821,-0.52021,1.73131,-0.02936,-0.13279,
1787040720033340928,28.34276,107.91958,0.66010,0.61434,-0.34164,0.49239,-0.51325,1.78984,-0.01659,-0.00556,
1787040720100006144,28.45947,107.92184,0.66179,0.61129,-0.34720,0.50542,-0.50033,1.75305,0.08179,0.11659,
1787040720166672896,28.57553,107.93039,0.67016,0.60786,-0.35532,0.51290,-0.49111,1.67123,0.13587,0.09333,
1787040720233339136,28.70409,107.95140,0.66818,0.60550,-0.35705,0.51378,-0.49185,1.64066,0.17859,-0.03649,
1787040720300007168,28.79832,107.96769,0.65956,0.60212,-0.35813,0.51431,-0.49465,1.61832,0.20364,-0.13803,
1787040720366673920,28.90627,107.98172,0.64852,0.59900,-0.35526,0.51515,-0.49961,1.57309,0.22397,-0.20745,
1787040720433339136,29.00852,107.99531,0.63299,0.59392,-0.34790,0.52063,-0.50514,1.58513,0.21958,-0.20138,
1787040720500006912,29.09518,108.00311,0.62798,0.58872,-0.33723,0.52550,-0.51336,1.48397,0.20740,-0.08080,
1787040720566673152,29.15592,108.01005,0.62372,0.58206,-0.32353,0.53320,-0.52177,1.45772,0.15240,-0.01925,
1787040720633339904,29.22859,108.01756,0.62145,0.57609,-0.31399,0.54064,-0.52653,1.46119,0.09978,0.02779,
1787040720700006912,29.28769,108.01473,0.62759,0.56374,-0.31551,0.55618,-0.52279,1.36406,0.05434,0.05958,
1787040720766673920,29.41433,108.02800,0.62705,0.55909,-0.31316,0.55972,-0.52541,1.28917,0.03704,0.01436,
1787040720833338880,29.44635,108.01760,0.63011,0.55868,-0.30796,0.56147,-0.52706,1.24404,-0.00126,-0.07641,
1787040720900005120,29.56092,108.02541,0.61608,0.56011,-0.30634,0.56152,-0.52643,1.28873,-0.05170,-0.15363,
1787040720966672896,29.63994,108.02122,0.60473,0.56117,-0.30356,0.56280,-0.52554,1.30722,-0.10205,-0.17548,
1787040721033338112,29.72433,108.01012,0.59503,0.56446,-0.30061,0.55978,-0.52693,1.31227,-0.17390,-0.15896,
1787040721100007168,29.80047,107.99132,0.58773,0.56940,-0.29437,0.55358,-0.53168,1.34122,-0.27457,-0.09832,
1787040721166672896,29.88621,107.96898,0.58402,0.57434,-0.29278,0.55128,-0.52962,1.41250,-0.32483,0.06200,
1787040721233339136,29.94150,107.94049,0.59190,0.57287,-0.30453,0.55751,-0.51795,1.23645,-0.30552,0.15800,
1787040721300007936,29.99940,107.91820,0.60551,0.56876,-0.30402,0.56143,-0.51853,1.06906,-0.21384,0.15088,
1787040721366672128,30.02106,107.89714,0.61345,0.56023,-0.30808,0.56084,-0.52600,0.86956,-0.13741,0.11532,
1787040721433337856,30.05542,107.88446,0.62409,0.55045,-0.30469,0.56041,-0.53862,0.81200,-0.12790,0.05586,
1787040721500006912,30.03978,107.86213,0.63350,0.53612,-0.29603,0.56377,-0.55418,0.67073,-0.12653,0.05558,
1787040721566672128,30.04983,107.84805,0.63778,0.51668,-0.28007,0.56364,-0.58045,0.59965,-0.11345,0.04256,
1787040721633339904,30.06866,107.83793,0.63962,-0.49485,0.26197,-0.56279,0.60808,0.54844,-0.12454,-0.01482,
1787040721700006912,30.08400,107.82816,0.63943,-0.47215,0.24365,-0.56406,0.63209,0.50675,-0.14022,-0.03169,
1787040721766673152,30.10413,107.81801,0.63907,-0.44824,0.22563,-0.56569,0.65434,0.42173,-0.15436,-0.01926,
1787040721833339904,30.10337,107.81062,0.63749,-0.42138,0.19660,-0.56395,0.68246,0.37965,-0.09186,-0.02101,
1787040721900006912,30.13596,107.82129,0.66255,-0.38396,0.16828,-0.55439,0.71896,0.50995,0.00439,0.00398,
1787040721966672896,30.13619,107.82970,0.65804,-0.33718,0.13979,-0.54385,0.75565,0.60666,0.06071,-0.01462,
1787040722033339136,30.17774,107.83161,0.65610,-0.28183,0.10626,-0.53453,0.78966,0.77494,0.10136,-0.01964,
1787040722100006144,30.25806,107.84678,0.66081,-0.22435,0.07129,-0.52496,0.81793,0.99932,0.13655,0.01315,
1787040722166671872,30.30091,107.85714,0.66288,-0.17337,0.03297,-0.51837,0.83675,1.03891,-0.00560,0.15623,
1787040722233339136,30.35832,107.85862,0.67266,-0.12415,0.00182,-0.52983,0.83897,0.92864,-0.01155,0.20665,
1787040722300007936,30.39752,107.86608,0.68128,-0.08910,-0.01609,-0.52005,0.84932,0.73325,0.02095,0.14251,
1787040722366672128,30.42284,107.87154,0.68377,-0.06213,-0.03317,-0.51622,0.85356,0.51728,0.00577,0.03749,
1787040722433339136,30.44447,107.87441,0.68360,-0.04590,-0.04931,-0.50766,0.85892,0.39655,0.00220,-0.00064,
1787040722500006912,30.46792,107.87555,0.68121,-0.03574,-0.06196,-0.50211,0.86184,0.33708,-0.01777,-0.01741,
1787040722566673152,30.49079,107.87415,0.67890,-0.02927,-0.06660,-0.49970,0.86314,0.27811,-0.03069,-0.02434,
1787040722633337856,30.50961,107.87083,0.67699,-0.02608,-0.06900,-0.49795,0.86407,0.23758,-0.05536,-0.02565,
1787040722700006912,30.52286,107.86515,0.67527,-0.02556,-0.07078,-0.50015,0.86266,0.20265,-0.09071,-0.03126,
1787040722766671872,30.53616,107.85675,0.67166,-0.03176,-0.07565,-0.50317,0.86028,0.18723,-0.13752,-0.05739,
1787040722833338880,30.54367,107.84159,0.66727,-0.04390,-0.07978,-0.51034,0.85514,0.21734,-0.21035,-0.07342,
1787040722900006144,30.55132,107.82337,0.66185,-0.05504,-0.07967,-0.51582,0.85121,0.21533,-0.26094,-0.08958,
1787040722966674176,30.55502,107.79407,0.65776,-0.06320,-0.07930,-0.51243,0.85272,0.18974,-0.38637,-0.10937,
1787040723033339136,30.56360,107.76150,0.64953,-0.07301,-0.08058,-0.51089,0.85274,0.16709,-0.55665,-0.16575,
1787040723100006144,30.56531,107.71534,0.64183,-0.08748,-0.08433,-0.50865,0.85236,0.16975,-0.67941,-0.15727,
1787040723166671872,30.57367,107.67227,0.63724,-0.10232,-0.08346,-0.50021,0.85577,0.19185,-0.76235,-0.14404,
1787040723233338112,30.58023,107.61168,0.62960,-0.11616,-0.07937,-0.48573,0.86272,0.18965,-0.87853,-0.10892,
1787040723300005888,30.58393,107.54838,0.63225,-0.12863,-0.07852,-0.46942,0.87002,0.17793,-0.95352,0.05716,
1787040723366672896,30.58581,107.48227,0.63783,-0.13271,-0.08299,-0.45890,0.87459,0.22231,-0.99352,0.18523,
1787040723433339136,30.59200,107.42457,0.65585,-0.12067,-0.08091,-0.46686,0.87231,0.25188,-0.83645,0.13482,
1787040723500006912,30.62063,107.36475,0.65173,-0.10157,-0.07463,-0.45824,0.87985,0.28277,-0.79282,0.11782,
1787040723566672128,30.63876,107.30882,0.65617,-0.08276,-0.06450,-0.45245,0.88560,0.23386,-0.86704,0.03716,
1787040723633337856,30.65413,107.24391,0.64574,-0.07129,-0.06066,-0.45471,0.88570,0.22362,-0.94201,-0.03522,
1787040723700005888,30.66705,107.17791,0.64164,-0.06377,-0.05027,-0.45588,0.88633,0.16218,-0.99879,-0.12163,
1787040723766673152,30.68010,107.10818,0.63370,-0.05941,-0.04575,-0.45645,0.88658,0.10454,-1.07905,-0.18513,
1787040723833338880,30.68816,107.03526,0.61783,-0.05498,-0.04923,-0.45791,0.88593,0.05092,-1.11697,-0.20113,
1787040723900006144,30.69100,106.95700,0.60924,-0.05053,-0.05945,-0.45577,0.88667,0.02876,-1.23081,-0.09764,
1787040723966674176,30.69004,106.87041,0.60705,-0.04132,-0.08134,-0.46660,0.87975,-0.06012,-1.36196,0.05579,
1787040724033339904,30.69347,106.77677,0.61015,-0.03095,-0.10863,-0.48812,0.86544,-0.10074,-1.29674,0.13614,
1787040724100008960,30.69225,106.69128,0.61791,-0.01661,-0.12290,-0.49852,0.85796,-0.15325,-1.24687,0.15308,
1787040724166673920,30.68641,106.60818,0.62403,0.00108,-0.13551,-0.51093,0.84888,-0.18261,-1.17778,0.04558,
1787040724233339136,30.67416,106.53222,0.62244,0.01441,-0.14638,-0.51369,0.84527,-0.20710,-1.11914,-0.10362,
1787040724300005888,30.66535,106.45226,0.61361,0.02455,-0.15937,-0.49994,0.85092,-0.19170,-1.08522,-0.19528,
1787040724366672128,30.65712,106.37434,0.59994,0.03775,-0.16402,-0.47987,0.86104,-0.18027,-1.14455,-0.28414,
1787040724433339136,30.64479,106.29919,0.58672,0.04685,-0.16146,-0.46075,0.87146,-0.21369,-1.22930,-0.17791,
1787040724500005888,30.63173,106.21281,0.58255,0.04983,-0.15236,-0.45143,0.87779,-0.21370,-1.26576,0.00396,
1787040724566673152,30.64352,106.09161,0.59031,0.05105,-0.14197,-0.44709,0.88167,-0.14103,-1.31874,0.18751,
1787040724633338880,30.60824,106.03956,0.60334,0.04814,-0.14593,-0.44532,0.88209,-0.13446,-1.24519,0.26662,
1787040724700006912,30.60391,105.95933,0.62009,0.04734,-0.15104,-0.45494,0.87634,0.00540,-1.20847,0.26066,
1787040724766673920,30.62402,105.85174,0.63720,0.05455,-0.13916,-0.45753,0.87654,0.09977,-1.19414,0.08808,
1787040724833338880,30.61274,105.80159,0.63161,0.05834,-0.12263,-0.45287,0.88117,0.08395,-1.20425,-0.09983,
1787040724900006144,30.61827,105.71282,0.61339,0.06216,-0.10758,-0.45351,0.88255,0.05885,-1.26199,-0.24995,
1787040724966672896,30.62279,105.61976,0.59341,0.06350,-0.10094,-0.45061,0.88472,0.03817,-1.29813,-0.25284,
1787040725033339136,30.62742,105.53227,0.58512,0.06469,-0.10187,-0.44335,0.88819,0.06822,-1.34278,-0.13907,
1787040725100006144,30.64262,105.41927,0.59864,0.07025,-0.10385,-0.43637,0.89099,0.09072,-1.39119,0.03970,
1787040725166672896,30.63610,105.34828,0.58472,0.08166,-0.10673,-0.43171,0.89194,0.03880,-1.34337,0.12869,
1787040725233339136,30.63612,105.25265,0.59754,0.09714,-0.09893,-0.42994,0.89215,-0.06728,-1.33706,0.22627,
1787040725300005888,30.62652,105.14287,0.60745,0.10807,-0.10214,-0.44722,0.88198,-0.28171,-1.32294,0.15518,
1787040725366673920,30.60412,105.05387,0.60949,0.10118,-0.12751,-0.46088,0.87240,-0.42475,-1.25439,-0.06375,
1787040725433339136,30.57545,104.96319,0.59216,0.08150,-0.16289,-0.47290,0.86209,-0.48552,-1.28659,-0.27669,
1787040725500006912,30.54356,104.87676,0.56683,0.06485,-0.19300,-0.48049,0.85304,-0.45341,-1.28400,-0.37126,
1787040725566674944,30.51502,104.78528,0.54384,0.06387,-0.20720,-0.47098,0.85509,-0.40569,-1.26135,-0.29735,
1787040725633338880,30.48758,104.68345,0.53251,0.06422,-0.21293,-0.46426,0.85732,-0.36710,-1.32474,-0.13812,
1787040725700005120,30.46229,104.59457,0.53528,0.06467,-0.20322,-0.45503,0.86456,-0.33362,-1.26535,0.05329,
1787040725766673152,30.44172,104.52131,0.54451,0.06818,-0.19682,-0.43833,0.87435,-0.25760,-1.20465,0.19644,
1787040725833338112,30.42468,104.43441,0.56326,0.07120,-0.19629,-0.43043,0.87814,-0.20991,-1.28252,0.26263,
1787040725900006144,30.41038,104.33733,0.57904,0.07426,-0.19445,-0.44097,0.87305,-0.15046,-1.30968,0.15976,
1787040725966676992,30.39212,104.26755,0.58340,0.08300,-0.19203,-0.44712,0.86967,-0.15073,-1.28947,-0.02351,
1787040726033338112,30.38969,104.16402,0.57683,0.09328,-0.19032,-0.45736,0.86365,-0.17094,-1.41323,-0.19869,
1787040726100006144,30.37086,104.05251,0.56421,0.09843,-0.18843,-0.47829,0.85208,-0.19712,-1.53642,-0.32410,
1787040726166672896,30.36720,103.95001,0.53729,0.09278,-0.18774,-0.50629,0.83655,-0.13154,-1.58013,-0.30163,
1787040726233339136,30.36187,103.85594,0.52493,0.08954,-0.18206,-0.52293,0.82788,-0.09605,-1.52050,-0.09749,
1787040726300005888,30.35158,103.75836,0.52573,0.10036,-0.18217,-0.53275,0.82031,-0.19635,-1.49773,0.07425,
1787040726366672896,30.33210,103.64639,0.53525,0.11669,-0.18944,-0.54266,0.80995,-0.30363,-1.34626,0.19766,
1787040726433339136,30.30560,103.53480,0.55017,0.13030,-0.20405,-0.54330,0.80387,-0.41082,-1.34717,0.20801,
1787040726500005888,30.27389,103.45648,0.56060,0.13913,-0.21854,-0.54315,0.79867,-0.42376,-1.30242,0.05968,
1787040726566672128,30.24730,103.36480,0.55995,0.14652,-0.22822,-0.54159,0.79569,-0.44589,-1.32471,-0.12124,
1787040726633338880,30.21617,103.27641,0.54808,0.15615,-0.23731,-0.53869,0.79317,-0.47131,-1.33124,-0.25967,
1787040726700005888,30.18294,103.19344,0.52968,0.16826,-0.24470,-0.53631,0.79005,-0.51524,-1.33644,-0.32420,
1787040726766673920,30.14715,103.11093,0.51602,0.17870,-0.25541,-0.53633,0.78434,-0.55664,-1.36933,-0.18736,
1787040726833339904,30.11173,103.02576,0.51568,0.18774,-0.25777,-0.53150,0.78474,-0.52639,-1.28396,0.04597,
1787040726900006144,30.07575,102.92757,0.52560,0.19511,-0.26198,-0.52280,0.78739,-0.50288,-1.28459,0.18718,
1787040726966672896,30.04357,102.82982,0.54431,0.19858,-0.27327,-0.51734,0.78629,-0.44150,-1.31324,0.30648,
1787040727033339136,30.01694,102.74386,0.56545,0.20047,-0.27262,-0.51754,0.78590,-0.36644,-1.31084,0.28840,
1787040727100006144,29.99492,102.65953,0.57994,0.19770,-0.26488,-0.51399,0.79156,-0.33147,-1.30085,0.10261,
1787040727166672896,29.97188,102.57239,0.58048,0.19191,-0.25610,-0.50658,0.80060,-0.35843,-1.36333,-0.09132,
1787040727233339136,29.94709,102.48426,0.56799,0.18558,-0.24774,-0.50368,0.80653,-0.38020,-1.40390,-0.24419,
1787040727300007168,29.91977,102.38632,0.55134,0.17607,-0.24125,-0.49451,0.81625,-0.38868,-1.44157,-0.22679,
1787040727366672896,29.89146,102.28381,0.54095,0.16593,-0.23857,-0.48455,0.82508,-0.37988,-1.50361,-0.05023,
1787040727433339136,29.86153,102.18076,0.54537,0.16284,-0.23361,-0.47666,0.83169,-0.45498,-1.50915,0.21922,
1787040727500005888,29.82940,102.09372,0.56320,0.15888,-0.22566,-0.46005,0.84391,-0.50426,-1.29943,0.32839,
1787040727566673920,29.78735,101.99956,0.58381,0.16035,-0.22514,-0.44640,0.85107,-0.63217,-1.31066,0.32333,
1787040727633338880,29.74170,101.91093,0.59632,0.16585,-0.22750,-0.44176,0.85182,-0.68570,-1.29432,0.10993,
1787040727700005888,29.69254,101.81921,0.59236,0.17039,-0.23249,-0.43495,0.85307,-0.76841,-1.33219,-0.15627,
1787040727766673152,29.64111,101.72917,0.57669,0.17048,-0.24166,-0.43138,0.85232,-0.79067,-1.38102,-0.30432,
1787040727833338880,29.58904,101.63723,0.55891,0.17780,-0.23284,-0.42201,0.85795,-0.81990,-1.38632,-0.16970,
1787040727900006144,29.53183,101.54303,0.55684,0.18349,-0.21947,-0.41986,0.86133,-0.87055,-1.37393,0.05798,
1787040727966676992,29.47460,101.44439,0.56802,0.18621,-0.20439,-0.41882,0.86495,-0.82116,-1.36811,0.21660,
1787040728033339136,29.42129,101.35520,0.58635,0.18674,-0.19109,-0.41533,0.86955,-0.75821,-1.34811,0.28503,
1787040728100004864,29.37131,101.25949,0.60872,0.18405,-0.18968,-0.42268,0.86688,-0.74568,-1.42384,0.36370,
1787040728166672896,29.32362,101.16934,0.62512,0.18041,-0.19334,-0.43683,0.85980,-0.67542,-1.33993,0.15351,
1787040728233338112,29.27874,101.08378,0.62886,0.18108,-0.19574,-0.43289,0.86111,-0.66220,-1.35135,-0.06726,
1787040728300007168,29.23507,100.99621,0.61771,0.18129,-0.19308,-0.42944,0.86339,-0.65527,-1.38205,-0.27155,
1787040728366674944,29.19038,100.90296,0.59900,0.17996,-0.19067,-0.41846,0.86957,-0.66745,-1.43825,-0.27457,
1787040728433337856,29.14352,100.80433,0.58822,0.17932,-0.19069,-0.41559,0.87107,-0.70379,-1.52956,-0.04442,
1787040728500005888,29.08987,100.69522,0.59227,0.18260,-0.19555,-0.42121,0.86660,-0.75950,-1.56580,0.16983,
1787040728566674944,29.04056,100.59158,0.60190,0.18408,-0.20663,-0.44070,0.85394,-0.76142,-1.55151,0.24472,
1787040728633339904,28.98770,100.48602,0.62060,0.18365,-0.20296,-0.47405,0.83687,-0.82519,-1.56608,0.27263,
1787040728700006912,28.93402,100.38536,0.62846,0.17592,-0.20911,-0.51134,0.81477,-0.79897,-1.44072,0.08304,
1787040728766671872,28.87052,100.26727,0.63105,0.17036,-0.21545,-0.51505,0.81196,-0.76776,-1.36335,-0.08976,
1787040728833338880,28.81438,100.17114,0.62493,0.16702,-0.22049,-0.50576,0.81713,-0.76791,-1.35922,-0.20110,
1787040728900006144,28.76047,100.07567,0.61419,0.16560,-0.21790,-0.48537,0.83037,-0.76616,-1.35195,-0.16905,
1787040728966674176,28.69938,99.97349,0.61513,0.16043,-0.21026,-0.46272,0.84614,-0.83024,-1.44005,0.05807,
1787040729033339904,28.64320,99.87616,0.63112,0.15062,-0.19498,-0.45285,0.85687,-0.76051,-1.46873,0.32572,
1787040729100006144,28.59228,99.77177,0.65465,0.13763,-0.17807,-0.45340,0.86242,-0.67058,-1.45937,0.37198,
1787040729166672896,28.54820,99.66586,0.68094,0.12294,-0.17606,-0.46515,0.85879,-0.53885,-1.45577,0.42015,
1787040729233339136,28.51058,99.55895,0.70606,0.11520,-0.16736,-0.46567,0.86132,-0.45761,-1.41910,0.25697,
1787040729300004864,28.48140,99.46887,0.71605,0.11174,-0.16209,-0.46164,0.86495,-0.42827,-1.45503,0.00800,
1787040729366672896,28.45484,99.37082,0.70947,0.10843,-0.15276,-0.45711,0.86946,-0.40615,-1.52036,-0.17760,
1787040729433337856,28.42882,99.27506,0.69686,0.10459,-0.14490,-0.45041,0.87475,-0.40122,-1.55868,-0.24164,
1787040729500005120,28.39756,99.16486,0.68577,0.10699,-0.14515,-0.44387,0.87776,-0.42212,-1.61286,-0.06913,
1787040729566673152,28.36469,99.04377,0.69088,0.12168,-0.15765,-0.43351,0.87887,-0.42818,-1.63183,0.23313,
1787040729633339904,28.33690,98.93371,0.71066,0.14478,-0.16647,-0.43241,0.87427,-0.46936,-1.63351,0.36816,
1787040729700006912,28.30339,98.82106,0.73481,0.17045,-0.17243,-0.44120,0.86404,-0.52730,-1.40967,0.39862,
1787040729766673152,28.27084,98.73552,0.75830,0.19688,-0.19844,-0.42837,0.85928,-0.53296,-1.27054,0.26398,
1787040729833338880,28.24193,98.65841,0.76854,0.22145,-0.21517,-0.41335,0.85662,-0.52818,-1.29136,0.04362,
1787040729900006912,28.21203,98.58218,0.76428,0.24589,-0.23246,-0.39913,0.85217,-0.53003,-1.31144,-0.13439,
1787040729966676992,28.17814,98.47611,0.75354,0.27614,-0.24405,-0.37937,0.84868,-0.50184,-1.36647,-0.22260,
1787040730033339136,28.14942,98.39888,0.73804,0.31303,-0.24319,-0.36264,0.84342,-0.52084,-1.41224,-0.19499,
1787040730100007168,28.11303,98.29301,0.73180,0.35032,-0.23550,-0.33978,0.84046,-0.58147,-1.47327,-0.04556,
1787040730166673920,28.07363,98.20063,0.73770,0.37474,-0.23224,-0.32112,0.83816,-0.64415,-1.51173,0.16932,
1787040730233339136,28.02701,98.08177,0.75458,0.38367,-0.24032,-0.32484,0.83037,-0.60839,-1.51679,0.29141,
1787040730300005888,27.99337,98.00119,0.77962,0.38368,-0.24666,-0.32462,0.82860,-0.50289,-1.52660,0.38157,
1787040730366672128,27.95943,97.88858,0.80083,0.38219,-0.23732,-0.33123,0.82939,-0.44206,-1.53288,0.21203,
1787040730433340160,27.93064,97.78699,0.80793,0.37972,-0.22705,-0.32887,0.83433,-0.44625,-1.55876,-0.02306,
1787040730500006912,27.89840,97.68397,0.80033,0.37566,-0.21654,-0.32541,0.84030,-0.52217,-1.62486,-0.18970,
1787040730566673920,27.86168,97.57992,0.78416,0.36724,-0.20946,-0.33217,0.84316,-0.55315,-1.66178,-0.23527,
1787040730633337856,27.82431,97.49192,0.76832,0.35354,-0.20754,-0.33731,0.84744,-0.59295,-1.65532,-0.12986,
1787040730700005120,27.78158,97.38573,0.76302,0.34519,-0.21337,-0.34136,0.84781,-0.61316,-1.59172,0.09251,
1787040730766673152,27.73661,97.28215,0.76914,0.33968,-0.22624,-0.34426,0.84553,-0.65401,-1.53832,0.21265,
1787040730833338880,27.69046,97.16917,0.78717,0.33325,-0.22633,-0.35092,0.84532,-0.68261,-1.47974,0.30637,
1787040730900006144,27.64240,97.08772,0.80019,0.32350,-0.22985,-0.36348,0.84285,-0.75901,-1.40439,0.19475,
1787040730966671872,27.59077,96.99332,0.80389,0.31417,-0.23713,-0.36898,0.84197,-0.77418,-1.37389,-0.03683,
1787040731033339136,27.53535,96.89331,0.79151,0.30439,-0.24699,-0.36818,0.84308,-0.80024,-1.40005,-0.21857,
1787040731100007168,27.48155,96.79956,0.77121,0.29692,-0.25156,-0.36583,0.84541,-0.82721,-1.42867,-0.33124,
1787040731166672896,27.42752,96.71311,0.74573,0.28862,-0.25355,-0.35912,0.85055,-0.86722,-1.43981,-0.25262,
1787040731233339136,27.36930,96.61940,0.73670,0.27664,-0.25141,-0.34927,0.85923,-0.84738,-1.46901,-0.05688,
1787040731300005888,27.31220,96.51705,0.73860,0.26384,-0.23488,-0.33855,0.87212,-0.86303,-1.49582,0.14871,
1787040731366672896,27.25846,96.43062,0.75292,0.25190,-0.23306,-0.32851,0.87995,-0.77932,-1.47826,0.28229,
1787040731433340160,27.20301,96.31881,0.77161,0.24359,-0.23551,-0.33522,0.87910,-0.72262,-1.57603,0.28341,
1787040731500008192,27.15843,96.22311,0.78165,0.23766,-0.22747,-0.34643,0.87850,-0.64129,-1.56719,0.06393,
1787040731566673920,27.11464,96.12411,0.77747,0.23346,-0.21346,-0.34909,0.88208,-0.65912,-1.57584,-0.14971,
1787040731633337856,27.06357,96.00577,0.76187,0.22771,-0.20516,-0.35106,0.88477,-0.70070,-1.63828,-0.29795,
1787040731700005888,27.01495,95.89557,0.73942,0.22254,-0.20255,-0.35322,0.88583,-0.71892,-1.66206,-0.30385,
1787040731766673152,26.96742,95.78755,0.72416,0.21776,-0.20100,-0.35418,0.88698,-0.73077,-1.67987,-0.13357,
1787040731833338880,26.91484,95.66626,0.72044,0.21372,-0.20249,-0.35539,0.88714,-0.77935,-1.67517,0.08046,
1787040731900007936,26.85968,95.55527,0.72942,0.20999,-0.20482,-0.36659,0.88293,-0.84743,-1.61616,0.19812,
1787040731966672896,26.80328,95.45002,0.74310,0.20534,-0.21078,-0.37592,0.87869,-0.89893,-1.53941,0.24970,
1787040732033338112,26.74498,95.35623,0.75094,0.20002,-0.22082,-0.38623,0.87296,-0.92317,-1.49270,0.04196,
1787040732100007936,26.68507,95.26822,0.74685,0.19424,-0.23259,-0.39036,0.86936,-0.92884,-1.45024,-0.19526,
1787040732166671872,26.61758,95.15614,0.72862,0.18888,-0.24386,-0.38672,0.86908,-0.93582,-1.49273,-0.33776,
1787040732233339136,26.55482,95.05699,0.70449,0.18798,-0.24906,-0.37994,0.87079,-0.92929,-1.50126,-0.37961,
1787040732300007168,26.48976,94.95687,0.68711,0.18579,-0.25119,-0.37095,0.87452,-0.97846,-1.58826,-0.20957,
1787040732366672896,26.42778,94.84517,0.67736,0.17887,-0.24153,-0.37190,0.87827,-0.91190,-1.60373,-0.02486,
1787040732433337856,26.37036,94.74486,0.68077,0.16971,-0.22729,-0.37270,0.88353,-0.80665,-1.58915,0.11112,
1787040732500005120,26.31820,94.63727,0.69285,0.16006,-0.21899,-0.37519,0.88637,-0.77718,-1.64151,0.27658,
1787040732566673152,26.26760,94.52389,0.71031,0.14381,-0.21230,-0.39559,0.88191,-0.69426,-1.63766,0.21204,
1787040732633338880,26.21795,94.40270,0.71571,0.12436,-0.20329,-0.40558,0.88245,-0.69901,-1.59622,-0.05371,
1787040732700006912,26.17131,94.29861,0.70594,0.10414,-0.19689,-0.40274,0.88780,-0.73002,-1.60870,-0.26144,
1787040732766673152,26.12190,94.19077,0.68559,0.08797,-0.19252,-0.39812,0.89258,-0.75521,-1.62739,-0.36328,
1787040732833338880,26.06942,94.07062,0.66400,0.07252,-0.19397,-0.38649,0.89875,-0.78890,-1.68697,-0.24587,
1787040732900006144,26.01723,93.95171,0.65643,0.05839,-0.20128,-0.38118,0.90043,-0.80817,-1.68798,0.00055,
1787040732966676992,25.96560,93.83794,0.66289,0.04933,-0.21008,-0.37870,0.90001,-0.81652,-1.66432,0.15498,
1787040733033339904,25.91134,93.72984,0.67633,0.04463,-0.20990,-0.38888,0.89595,-0.81877,-1.57843,0.27184,
1787040733100006144,25.86320,93.64543,0.69548,0.04384,-0.21140,-0.39902,0.89116,-0.84497,-1.46655,0.17215,
1787040733166671872,25.80619,93.55364,0.70023,0.05107,-0.21542,-0.40234,0.88832,-0.84135,-1.43073,-0.06147,
1787040733233339136,25.75133,93.45952,0.68959,0.06190,-0.22246,-0.39996,0.88697,-0.86354,-1.45576,-0.23362,
1787040733300007168,25.69749,93.36189,0.67319,0.07695,-0.22840,-0.39811,0.88511,-0.85192,-1.49745,-0.30422,
1787040733366673920,25.64317,93.26307,0.65561,0.09321,-0.22621,-0.39461,0.88568,-0.87315,-1.53460,-0.22549,
1787040733433337856,25.58782,93.16260,0.64684,0.10365,-0.22121,-0.39770,0.88440,-0.86145,-1.57776,-0.08084,
1787040733500005888,25.53253,93.05094,0.64895,0.11064,-0.21087,-0.40429,0.88308,-0.84387,-1.64032,0.10104,
1787040733566673152,25.48644,93.00203,0.63905,0.10998,-0.20645,-0.41701,0.87828,-0.77206,-1.57427,0.19756,
1787040733633338880,25.42566,92.86243,0.65181,0.10718,-0.20887,-0.44264,0.86542,-0.74525,-1.66563,0.18208,
1787040733700006912,25.38121,92.75383,0.66052,0.10949,-0.20788,-0.46840,0.85170,-0.66477,-1.59485,0.00016,
1787040733766673152,25.34156,92.65692,0.65747,0.11200,-0.19718,-0.47564,0.84991,-0.66224,-1.56749,-0.18699,
1787040733833338880,25.29566,92.55096,0.64276,0.11039,-0.19196,-0.48208,0.84768,-0.70907,-1.57251,-0.32047,
1787040733900007936,25.24705,92.44311,0.62024,0.11137,-0.19088,-0.48136,0.84821,-0.72532,-1.58672,-0.31503,
1787040733966672896,25.19694,92.32874,0.60753,0.11408,-0.19554,-0.48398,0.84529,-0.74055,-1.60551,-0.13884,
1787040734033339136,25.14645,92.22286,0.60602,0.12539,-0.19692,-0.48353,0.84362,-0.76316,-1.55127,0.06804,
1787040734100009984,25.09310,92.11727,0.61554,0.13753,-0.20067,-0.48530,0.83982,-0.83596,-1.46135,0.18608,
1787040734166673920,25.03549,92.00971,0.63336,0.14441,-0.20712,-0.48983,0.83446,-0.90751,-1.40250,0.24124,
1787040734233339904,24.97861,91.91654,0.64904,0.14685,-0.21808,-0.49060,0.83077,-0.87069,-1.29662,0.10134,
1787040734300005888,24.92648,91.83300,0.65418,0.15012,-0.22210,-0.47307,0.83925,-0.83642,-1.26031,-0.09539,
1787040734366672896,24.86872,91.74207,0.64356,0.15427,-0.22315,-0.45338,0.84903,-0.84507,-1.31019,-0.24665,
1787040734433340160,24.82156,91.66639,0.63119,0.15780,-0.21548,-0.43519,0.85981,-0.87149,-1.33954,-0.28796,
1787040734500012032,24.76315,91.56514,0.61741,0.15664,-0.21056,-0.42283,0.86737,-0.91984,-1.42995,-0.12375,
1787040734566672128,24.70672,91.46630,0.61371,0.15639,-0.19847,-0.41761,0.87278,-0.86569,-1.42768,0.03277,
1787040734633341184,24.65472,91.37428,0.61954,0.15613,-0.18535,-0.41550,0.87672,-0.80242,-1.42790,0.16285,
1787040734700007936,24.60709,91.28671,0.63410,0.15806,-0.18122,-0.41004,0.87980,-0.77682,-1.46032,0.28224,
1787040734766671872,24.55608,91.18258,0.64970,0.15640,-0.18637,-0.42489,0.87194,-0.70283,-1.49820,0.20122,
1787040734833338880,24.51173,91.07503,0.65734,0.15867,-0.17973,-0.43133,0.86975,-0.60129,-1.44723,-0.00019,
1787040734900009984,24.47595,90.98199,0.65358,0.15961,-0.15848,-0.42707,0.87580,-0.63063,-1.50809,-0.19690,
1787040734966674176,24.42987,90.87561,0.63566,0.15635,-0.14460,-0.42893,0.87788,-0.66856,-1.52100,-0.31261,
1787040735033339904,24.38862,90.78152,0.62064,0.15604,-0.13843,-0.42626,0.88022,-0.70754,-1.53509,-0.21600,
1787040735100007936,24.33687,90.67330,0.61503,0.16117,-0.14357,-0.42424,0.87945,-0.73358,-1.50802,0.00838,
1787040735166672896,24.28924,90.57560,0.62347,0.16919,-0.15178,-0.41992,0.87864,-0.76870,-1.45390,0.19945,
1787040735233339136,24.23817,90.47767,0.63604,0.17983,-0.15902,-0.42404,0.87325,-0.82032,-1.44905,0.26685,
1787040735300005888,24.18225,90.37589,0.65240,0.18545,-0.17098,-0.44688,0.85830,-0.93346,-1.43911,0.19192,
1787040735366673920,24.12096,90.27333,0.65746,0.18464,-0.19616,-0.47149,0.83972,-0.95588,-1.41716,-0.05204,
1787040735433339136,24.06337,90.18278,0.64966,0.18112,-0.21875,-0.48810,0.82529,-0.94358,-1.40746,-0.23332,
1787040735500008192,24.00155,90.07470,0.63477,0.17694,-0.22944,-0.49216,0.82087,-0.88447,-1.39692,-0.29203,
1787040735566672128,23.94283,89.96480,0.62002,0.17696,-0.22560,-0.48516,0.82608,-0.87349,-1.42611,-0.20999,
1787040735633339904,23.88259,89.86649,0.61150,0.17449,-0.21900,-0.48193,0.83026,-0.87758,-1.44450,-0.06060,
1787040735700006912,23.82554,89.77485,0.61513,0.17834,-0.20833,-0.47404,0.83671,-0.82460,-1.42260,0.12555,
1787040735766673152,23.77185,89.66901,0.63081,0.18205,-0.19861,-0.46457,0.84356,-0.77485,-1.44072,0.25304,
1787040735833338112,23.72106,89.56984,0.64713,0.17965,-0.20036,-0.46725,0.84217,-0.76710,-1.53001,0.27207,
1787040735900006144,23.66932,89.45584,0.65801,0.17773,-0.20334,-0.48124,0.83395,-0.68269,-1.54201,0.10466,
1787040735966678016,23.62707,89.35344,0.65990,0.17839,-0.19530,-0.48527,0.83339,-0.63719,-1.55711,-0.08745,
1787040736033339904,23.57962,89.23131,0.64327,0.17406,-0.18638,-0.49030,0.83341,-0.67965,-1.66071,-0.27342,
1787040736100006144,23.53354,89.11659,0.62188,0.16730,-0.18041,-0.49527,0.83317,-0.68817,-1.68195,-0.29379,
1787040736166672896,23.48751,88.99496,0.60269,0.15863,-0.18200,-0.50297,0.82990,-0.71549,-1.74596,-0.15418,
1787040736266673152,23.41327,88.82161,0.60075,0.15097,-0.19446,-0.51909,0.81850,-0.77521,-1.71279,0.12715,
1787040736366672128,23.34064,88.66170,0.61664,0.14568,-0.20793,-0.54232,0.80089,-0.80657,-1.54306,0.19934,
1787040736466671104,23.26153,88.49744,0.62424,0.13645,-0.22405,-0.55318,0.79068,-0.79141,-1.47668,-0.05771,
1787040736566673152,23.18637,88.34185,0.60733,0.12869,-0.23522,-0.55483,0.78757,-0.78490,-1.50157,-0.28014,
1787040736666672896,23.11149,88.19043,0.57802,0.12197,-0.23670,-0.54902,0.79226,-0.82497,-1.57044,-0.25415,
1787040736766673152,23.02833,88.02757,0.56513,0.10988,-0.23008,-0.55150,0.79426,-0.79845,-1.60594,0.02621,
1787040736866672128,22.95306,87.85429,0.58083,0.09909,-0.22158,-0.55124,0.79826,-0.71475,-1.60986,0.23945,
1787040736966672896,22.89821,87.72087,0.60953,0.09524,-0.22134,-0.56636,0.78814,-0.53330,-1.53925,0.18887,
1787040737066673152,22.84529,87.56568,0.61746,0.09944,-0.19940,-0.56165,0.79681,-0.53776,-1.57083,-0.12552,
1787040737166672896,22.78880,87.41340,0.59460,0.09887,-0.19087,-0.56521,0.79645,-0.59601,-1.60001,-0.30496,
1787040737266671872,22.72578,87.24513,0.57644,0.09994,-0.19728,-0.56280,0.79646,-0.61598,-1.59595,-0.04164,
1787040737366672896,22.66428,87.08864,0.58848,0.10146,-0.20480,-0.55460,0.80011,-0.65340,-1.55389,0.23797,
1787040737433339136,22.61413,86.96543,0.60341,0.09906,-0.20486,-0.55685,0.79884,-0.77689,-1.51275,0.27307,
1787040737533340928,22.53274,86.81894,0.61700,0.09441,-0.22814,-0.55938,0.79129,-0.81220,-1.36712,0.02318,
1787040737633338880,22.45084,86.67965,0.60512,0.09620,-0.24652,-0.55158,0.79103,-0.82479,-1.42743,-0.24195,
1787040737733339136,22.37051,86.53673,0.56973,0.10069,-0.25057,-0.53995,0.79720,-0.84420,-1.44567,-0.25763,
1787040737833338880,22.28747,86.37841,0.55790,0.10884,-0.24800,-0.52911,0.80417,-0.78010,-1.49129,0.05001,
1787040737933337856,22.21949,86.24435,0.57782,0.11326,-0.22368,-0.51945,0.81689,-0.66185,-1.44687,0.26654,
1787040738033339136,22.14975,86.06446,0.61065,0.10917,-0.21596,-0.52807,0.81399,-0.58555,-1.52127,0.24481,
1787040738133339904,22.09585,85.91973,0.62498,0.11819,-0.19839,-0.52573,0.81871,-0.54044,-1.44008,-0.02007,
1787040738233338112,22.03802,85.76498,0.61351,0.13030,-0.18414,-0.50679,0.83203,-0.57471,-1.45229,-0.24286,
1787040738333338880,21.97902,85.62333,0.60119,0.14156,-0.18056,-0.47924,0.84717,-0.62989,-1.49819,-0.06329,
1787040738433339136,21.91577,85.48233,0.61344,0.15420,-0.19270,-0.45933,0.85329,-0.71198,-1.50845,0.24518,
1787040738533339136,21.84144,85.33131,0.64168,0.16592,-0.20129,-0.45457,0.85166,-0.77918,-1.37703,0.30781,
1787040738633338880,21.76007,85.19727,0.66185,0.17174,-0.22331,-0.45247,0.84611,-0.82841,-1.29681,0.03206,
1787040738733339136,21.67470,85.06265,0.65143,0.17412,-0.24454,-0.44597,0.84321,-0.85926,-1.36574,-0.22441,
1787040738833338880,21.58667,84.91380,0.62723,0.17404,-0.25005,-0.43575,0.84694,-0.87734,-1.40875,-0.19949,
1787040738933337856,21.49762,84.77953,0.61992,0.17594,-0.24229,-0.42733,0.85307,-0.89137,-1.42771,0.06712,
1787040739000005888,21.43882,84.68605,0.63035,0.17633,-0.23357,-0.42080,0.85865,-0.83320,-1.43743,0.23279,
1787040739100004864,21.35809,84.54075,0.65713,0.17832,-0.23128,-0.42568,0.85645,-0.73405,-1.48276,0.33672,
1787040739200006912,21.29077,84.39801,0.67393,0.18788,-0.22144,-0.42913,0.85529,-0.62060,-1.40761,0.03411,
1787040739300005888,21.22698,84.25058,0.66432,0.19831,-0.20551,-0.42330,0.85980,-0.66768,-1.50395,-0.23128,
1787040739400007936,21.16084,84.09482,0.63478,0.20154,-0.19773,-0.41332,0.86571,-0.69728,-1.55482,-0.18862,
1787040739500005888,21.09149,83.94236,0.62555,0.19935,-0.20100,-0.40933,0.86735,-0.73344,-1.52234,0.11073,
1787040739600006144,21.01895,83.80547,0.63924,0.20107,-0.21009,-0.41701,0.86112,-0.80662,-1.42413,0.22286,
1787040739666673920,20.96204,83.71310,0.65220,0.20261,-0.21516,-0.43210,0.85203,-0.89690,-1.40534,0.18922,
1787040739766673152,20.86922,83.56727,0.65040,0.19761,-0.23286,-0.45665,0.83558,-0.93351,-1.36562,-0.15184,
1787040739866673920,20.77335,83.41301,0.62431,0.19514,-0.24712,-0.46542,0.82718,-0.94131,-1.38074,-0.33766,
1787040739966672896,20.67439,83.25753,0.59488,0.19453,-0.24956,-0.45726,0.83114,-1.00913,-1.42144,-0.23042,
1787040740066673920,20.57900,83.10267,0.59043,0.19451,-0.24109,-0.45020,0.83747,-0.89067,-1.42455,0.08601,
1787040740166671872,20.49401,82.95260,0.61257,0.20024,-0.23131,-0.44377,0.84230,-0.80985,-1.46856,0.30371,
1787040740266674944,20.42909,82.80671,0.64703,0.20059,-0.22636,-0.45665,0.83666,-0.63036,-1.44605,0.16708,
1787040740366672896,20.37321,82.66454,0.65151,0.20828,-0.19787,-0.44424,0.84860,-0.66024,-1.48319,-0.15715,
1787040740466675968,20.31170,82.52617,0.63082,0.21184,-0.18311,-0.43395,0.85632,-0.70407,-1.49990,-0.26609,
1787040740566672128,20.24278,82.38245,0.61726,0.21529,-0.18039,-0.42850,0.85878,-0.77681,-1.48944,0.01571,
1787040740666673920,20.15581,82.21657,0.63160,0.22162,-0.19369,-0.42483,0.85609,-0.83083,-1.36713,0.22713,
1787040740733339136,20.10067,82.12888,0.64800,0.22171,-0.19867,-0.42061,0.85701,-0.89194,-1.32873,0.27451,
1787040740833338112,20.01346,82.00479,0.66464,0.21209,-0.22153,-0.42339,0.85246,-0.90154,-1.24724,0.02347,
1787040740933339136,19.92344,81.88628,0.65662,0.20707,-0.23658,-0.41521,0.85367,-0.89094,-1.28441,-0.21973,
1787040741033339136,19.83326,81.74761,0.62944,0.20766,-0.23242,-0.41577,0.85440,-0.89684,-1.38805,-0.21271,
1787040741133341184,19.73777,81.60281,0.61864,0.19817,-0.20534,-0.41184,0.86542,-0.92616,-1.36328,0.03118,
1787040741200005120,19.67465,81.50904,0.62595,0.18149,-0.18693,-0.40790,0.87506,-0.93011,-1.36131,0.16417,
1787040741300004864,19.57510,81.35327,0.64970,0.15428,-0.18397,-0.40666,0.88147,-0.91714,-1.48230,0.31104,
1787040741400006144,19.49251,81.22100,0.66762,0.13058,-0.19064,-0.42590,0.87476,-0.79188,-1.46020,0.01811,
1787040741500005888,19.40259,81.06154,0.65286,0.11983,-0.17806,-0.42990,0.87699,-0.82378,-1.54094,-0.27479,
1787040741600006144,19.31640,80.91349,0.62040,0.11764,-0.18610,-0.44804,0.86648,-0.89025,-1.62938,-0.23624,
1787040741700005888,19.21682,80.74819,0.60796,0.13767,-0.21702,-0.47577,0.84118,-0.91912,-1.53572,0.10569,
1787040741766673920,19.14763,80.63650,0.61731,0.15314,-0.23742,-0.48502,0.82761,-0.89383,-1.41316,0.17941,
1787040741866672896,19.05092,80.48982,0.63835,0.16612,-0.25071,-0.49986,0.81221,-0.95908,-1.29804,0.16750,
1787040742000008960,18.92263,80.30790,0.63920,0.18380,-0.27871,-0.49646,0.80129,-0.91458,-1.24245,-0.16692,
1787040742066673152,18.86859,80.23588,0.62770,0.19501,-0.28527,-0.48577,0.80289,-0.90412,-1.26021,-0.26729,
1787040742166672896,18.78015,80.10690,0.61043,0.21417,-0.28254,-0.46605,0.81062,-0.89230,-1.31788,-0.10268,
1787040742266673152,18.69036,79.95490,0.61864,0.23283,-0.25872,-0.45120,0.82175,-0.81478,-1.39950,0.15973,
1787040742366673920,18.61136,79.80952,0.64269,0.23643,-0.23640,-0.43843,0.83427,-0.80978,-1.43694,0.30420,
1787040742500006912,18.52042,79.63008,0.67432,0.22737,-0.23052,-0.44515,0.83487,-0.63169,-1.40963,0.05722,
1787040742566673920,18.47356,79.52168,0.67369,0.23122,-0.20948,-0.43860,0.84278,-0.67265,-1.48038,-0.14212,
1787040742666672896,18.40104,79.36546,0.65130,0.23033,-0.19467,-0.43359,0.84914,-0.73361,-1.50029,-0.23758,
1787040742766673152,18.33388,79.23163,0.63760,0.22822,-0.19360,-0.42785,0.85287,-0.79481,-1.48075,0.05176,
1787040742866673920,18.25532,79.08936,0.65405,0.23033,-0.20678,-0.42443,0.85091,-0.82405,-1.38138,0.24981,
1787040742966674176,18.16641,78.95572,0.68297,0.23164,-0.21359,-0.43046,0.84583,-0.92495,-1.20669,0.23791,
1787040743066674944,18.07241,78.83781,0.68858,0.23174,-0.23742,-0.42339,0.84301,-0.95479,-1.16171,-0.08031,
1787040743133338880,18.00701,78.76108,0.67673,0.23237,-0.25159,-0.41785,0.84149,-0.98945,-1.21788,-0.23305,
1787040743233339136,17.90715,78.63724,0.64733,0.23954,-0.26505,-0.41507,0.83671,-1.01927,-1.26182,-0.24025,
1787040743333338112,17.80523,78.51430,0.63657,0.24269,-0.26225,-0.41696,0.83574,-1.01774,-1.27608,0.04175,
1787040743433339136,17.70182,78.37948,0.64913,0.23771,-0.24675,-0.41685,0.84193,-1.00223,-1.28629,0.22422,
1787040743500005120,17.63280,78.28551,0.66224,0.22793,-0.25285,-0.42630,0.83808,-1.01626,-1.38995,0.23658,
1787040743600007168,17.54203,78.16651,0.67402,0.22189,-0.25538,-0.45601,0.82317,-0.88667,-1.36929,-0.01616,
1787040743700007936,17.45517,78.03851,0.66244,0.22515,-0.24374,-0.45576,0.82594,-0.86590,-1.34394,-0.24613,
1787040743800005888,17.35384,77.87826,0.63787,0.22428,-0.23223,-0.43935,0.83830,-0.92862,-1.41278,-0.18993,
1787040743866672128,17.29025,77.78439,0.63204,0.22214,-0.23542,-0.43458,0.84046,-0.98614,-1.39606,0.03851,
1787040743966672896,17.18986,77.65266,0.65277,0.22258,-0.25047,-0.43849,0.83393,-1.01053,-1.27641,0.24382,
1787040744066673152,17.08689,77.53634,0.67823,0.21905,-0.25882,-0.44507,0.82882,-1.06679,-1.09230,0.21622,
1787040744166673920,16.97468,77.42120,0.68662,0.22271,-0.27362,-0.43164,0.83019,-1.03856,-1.03643,-0.10455,
1787040744266673152,16.86987,77.31924,0.66632,0.23262,-0.27990,-0.41297,0.83487,-1.07764,-1.10802,-0.27906,
1787040744366673920,16.75003,77.17982,0.64350,0.24677,-0.27512,-0.39739,0.83994,-1.15414,-1.23156,-0.10582,
1787040744466672896,16.62898,77.03853,0.64688,0.25685,-0.25803,-0.39691,0.84256,-1.09578,-1.28615,0.13777,
1787040744566672128,16.51355,76.89950,0.66847,0.25691,-0.24483,-0.40058,0.84474,-1.10746,-1.35854,0.30227,
1787040744666671872,16.41012,76.76289,0.68909,0.25277,-0.24880,-0.42217,0.83425,-0.93497,-1.34811,0.09711,
1787040744733338112,16.34519,76.66923,0.69231,0.26344,-0.23251,-0.42328,0.83509,-0.95027,-1.38223,-0.11780,
1787040744833338880,16.24991,76.53102,0.67036,0.27262,-0.22092,-0.42206,0.83591,-1.00059,-1.36595,-0.30182,
1787040744933339136,16.12589,76.36336,0.64306,0.27368,-0.22235,-0.41681,0.83781,-1.07613,-1.38696,-0.05585,
1787040745033339136,16.02462,76.22716,0.66058,0.28046,-0.23512,-0.41416,0.83339,-1.09716,-1.31560,0.23991,
1787040745133339904,15.92876,76.11796,0.68716,0.28060,-0.23760,-0.42526,0.82702,-1.13374,-1.18044,0.27029,
1787040745200006912,15.85426,76.03442,0.69930,0.27869,-0.24458,-0.43008,0.82313,-1.11666,-1.12150,0.05806,
1787040745300007168,15.74025,75.91515,0.69350,0.27883,-0.24930,-0.42386,0.82489,-1.13384,-1.15134,-0.19870,
1787040745400007936,15.62423,75.80049,0.66971,0.28393,-0.24909,-0.41259,0.82892,-1.15200,-1.15670,-0.23184,
1787040745500005888,15.50379,75.68143,0.65896,0.28516,-0.23983,-0.40644,0.83425,-1.18988,-1.18220,0.00940,
1787040745566673920,15.41643,75.56157,0.67378,0.27818,-0.22973,-0.40688,0.83922,-1.21168,-1.25366,0.20169,
1787040745666671872,15.32061,75.47001,0.70437,0.26188,-0.23432,-0.41400,0.83971,-1.09193,-1.30317,0.34748,
1787040745733339136,15.24886,75.38541,0.72235,0.25557,-0.23315,-0.42586,0.83605,-0.99184,-1.30747,0.17006,
1787040745833339904,15.13857,75.24168,0.72011,0.25208,-0.21588,-0.42423,0.84254,-1.01824,-1.36320,-0.15445,
1787040745933339136,15.03178,75.09928,0.69366,0.24409,-0.20778,-0.41959,0.84923,-1.07453,-1.39215,-0.27720,
1787040746033339136,14.91956,74.96190,0.67206,0.23455,-0.21703,-0.43209,0.84331,-1.16849,-1.44741,-0.02188,
1787040746100006144,14.83936,74.86525,0.66437,0.23514,-0.23578,-0.44980,0.82873,-1.22620,-1.38317,0.11832,
1787040746200006912,14.71317,74.72272,0.67526,0.24291,-0.25827,-0.46054,0.81375,-1.21686,-1.23198,0.23348,
1787040746300007168,14.59201,74.60142,0.68588,0.24530,-0.28422,-0.47391,0.79653,-1.18730,-1.12135,-0.03290,
1787040746400006912,14.45717,74.45479,0.66950,0.24902,-0.30486,-0.46442,0.79333,-1.20675,-1.19072,-0.28260,
1787040746500005888,14.33798,74.32636,0.64370,0.25742,-0.30493,-0.45446,0.79638,-1.23029,-1.25689,-0.23318,
1787040746600007168,14.22806,74.20980,0.63664,0.25951,-0.29984,-0.44957,0.80040,-1.18204,-1.30224,0.03028,
1787040746700009984,14.11145,74.06443,0.65358,0.25314,-0.28641,-0.44562,0.80952,-1.09010,-1.36716,0.28464,
1787040746800005888,14.00819,73.92137,0.68481,0.23619,-0.28212,-0.46540,0.80500,-0.94618,-1.41245,0.26062,
1787040746900007936,13.92536,73.79247,0.69767,0.23994,-0.24795,-0.46696,0.81418,-0.91636,-1.41435,-0.09497,
1787040747033339136,13.78856,73.59488,0.66624,0.23703,-0.22519,-0.46902,0.82044,-1.05897,-1.43604,-0.25731,
1787040747100007936,13.71664,73.49708,0.65501,0.24035,-0.22955,-0.46603,0.81998,-1.12311,-1.43460,-0.08682,
1787040747200006912,13.61146,73.36512,0.66052,0.25629,-0.25142,-0.46004,0.81208,-1.09997,-1.34066,0.20712,
1787040747300005888,13.49668,73.23238,0.68693,0.26504,-0.26076,-0.47574,0.79714,-1.19235,-1.22804,0.27008,
1787040747400006912,13.38544,73.12145,0.69696,0.26348,-0.28633,-0.47845,0.78719,-1.13942,-1.06457,-0.04573,
1787040747500006912,13.26408,72.97938,0.68892,0.26750,-0.30534,-0.45948,0.78999,-1.13618,-1.15178,-0.25968,
1787040747600007168,13.15387,72.87040,0.66367,0.27544,-0.30916,-0.43608,0.79899,-1.14757,-1.20224,-0.15431,
1787040747700006912,13.03366,72.74395,0.66357,0.28074,-0.29583,-0.42143,0.80998,-1.10239,-1.22312,0.12570,
1787040747800005888,12.92329,72.62634,0.68865,0.27765,-0.27747,-0.39776,0.82928,-1.13915,-1.27870,0.32358,
1787040747900006144,12.79672,72.47897,0.71295,0.25906,-0.28918,-0.40657,0.82702,-1.09275,-1.38888,0.16874,
1787040748000006912,12.68423,72.33139,0.71142,0.25217,-0.27485,-0.40804,0.83329,-1.04324,-1.43451,-0.13766,
1787040748066673152,12.61830,72.24909,0.69579,0.25332,-0.26534,-0.40207,0.83891,-1.05260,-1.42841,-0.25644,
1787040748166672896,12.50106,72.09551,0.67444,0.27181,-0.25686,-0.37466,0.84839,-1.09499,-1.47821,-0.07458,
1787040748266673152,12.39310,71.95923,0.68648,0.29351,-0.26210,-0.36311,0.84458,-1.14228,-1.46683,0.26466,
1787040748366673920,12.26685,71.80694,0.71794,0.30379,-0.25744,-0.38545,0.83239,-1.18833,-1.27535,0.36191,
1787040748466672896,12.14633,71.68774,0.73945,0.32036,-0.27250,-0.39016,0.81908,-1.18838,-1.16862,0.04846,
1787040748566673152,12.01784,71.56230,0.73092,0.32824,-0.28681,-0.38056,0.81558,-1.23407,-1.20690,-0.20694,
1787040748666672896,11.89265,71.44183,0.70920,0.33949,-0.28860,-0.36806,0.81608,-1.25082,-1.23666,-0.16488,
1787040748766673152,11.76612,71.31679,0.70472,0.35135,-0.27499,-0.36102,0.81890,-1.28421,-1.28285,0.09906,
1787040748866672128,11.63567,71.18626,0.72238,0.35254,-0.27184,-0.36198,0.81902,-1.24497,-1.31113,0.32114,
1787040748933340160,11.54464,71.08852,0.74179,0.34463,-0.27955,-0.37100,0.81574,-1.23891,-1.38307,0.31174,
1787040749066673152,11.39210,70.90573,0.75563,0.34463,-0.27206,-0.37833,0.81491,-1.12674,-1.41454,-0.11324,
1787040749133338880,11.30785,70.80034,0.73716,0.34832,-0.26403,-0.37654,0.81680,-1.18381,-1.46821,-0.27652,
1787040749233340928,11.18874,70.65024,0.70825,0.34977,-0.25638,-0.36799,0.82250,-1.21878,-1.48527,-0.13858,
1787040749333338880,11.06601,70.50465,0.71256,0.34739,-0.26002,-0.35697,0.82722,-1.27863,-1.44209,0.23003,
1787040749433339136,10.94428,70.37395,0.73687,0.33758,-0.26145,-0.37250,0.82397,-1.27400,-1.25852,0.33749,
1787040749533339136,10.80960,70.25395,0.76079,0.32768,-0.27437,-0.37953,0.82055,-1.34625,-1.13658,0.04769,
1787040749633341184,10.68189,70.15404,0.74766,0.32561,-0.29574,-0.37072,0.81797,-1.35774,-1.14065,-0.22212,
1787040749700005888,10.58986,70.07309,0.72882,0.33122,-0.30328,-0.36494,0.81556,-1.36031,-1.16933,-0.28307,
1787040749800007168,10.45853,69.96247,0.70715,0.34460,-0.30047,-0.35254,0.81651,-1.42532,-1.22543,-0.09751,
1787040749900006144,10.31691,69.83785,0.71274,0.34882,-0.29090,-0.35442,0.81737,-1.41614,-1.29025,0.19822,
1787040750000008192,10.17947,69.70323,0.74058,0.34855,-0.29422,-0.36972,0.80948,-1.29953,-1.36787,0.30353,
1787040750100008960,10.06325,69.56627,0.76157,0.35190,-0.28009,-0.38874,0.80411,-1.17451,-1.40307,0.01485,
1787040750166672896,9.99768,69.48025,0.75791,0.35403,-0.26463,-0.39395,0.80588,-1.19427,-1.45891,-0.16153,
1787040750266671872,9.87363,69.32813,0.73207,0.35517,-0.25168,-0.41401,0.79944,-1.24577,-1.45364,-0.29133,
1787040750366673920,9.75633,69.19074,0.71876,0.35834,-0.24462,-0.41106,0.80174,-1.27245,-1.37074,-0.01001,
1787040750466674944,9.63900,69.07030,0.73443,0.36188,-0.25200,-0.40883,0.79900,-1.28061,-1.27942,0.26601,
1787040750533339136,9.55183,68.99029,0.75303,0.36643,-0.25486,-0.41754,0.79147,-1.30301,-1.15283,0.32021,
1787040750633338880,9.42216,68.87809,0.77427,0.36943,-0.27097,-0.41740,0.78478,-1.25938,-1.03265,0.05175,
1787040750733339904,9.29683,68.77612,0.76341,0.36492,-0.27844,-0.40105,0.79276,-1.33529,-1.11259,-0.20861,
1787040750833338112,9.16662,68.66736,0.73545,0.36468,-0.28058,-0.40176,0.79175,-1.34795,-1.15128,-0.21979,
1787040750933339136,9.03686,68.56223,0.72283,0.36895,-0.27235,-0.39385,0.79661,-1.39327,-1.17370,0.01046,
1787040751033339136,8.89920,68.43979,0.73547,0.35764,-0.26480,-0.39877,0.80185,-1.29913,-1.20843,0.21959,
1787040751100004864,8.81796,68.35988,0.74864,0.34777,-0.26376,-0.40589,0.80296,-1.25159,-1.28848,0.25213,
1787040751200005888,8.70939,68.24078,0.76735,0.34190,-0.25171,-0.42126,0.80142,-1.10800,-1.26551,0.00590,
1787040751300007168,8.59588,68.11383,0.75212,0.33856,-0.23582,-0.42392,0.80627,-1.15125,-1.32209,-0.25345,
1787040751366672896,8.52166,68.03443,0.73354,0.33827,-0.22810,-0.41740,0.81199,-1.15537,-1.32725,-0.27014,
1787040751433339136,8.44087,67.94001,0.72018,0.33939,-0.22671,-0.41184,0.81474,-1.20593,-1.38135,-0.11867,
1787040751533339136,8.32099,67.80454,0.72210,0.34401,-0.23902,-0.40750,0.81146,-1.23507,-1.35323,0.17610,
1787040751600007936,8.24192,67.71968,0.73943,0.34647,-0.24490,-0.41179,0.80648,-1.19417,-1.24678,0.28815,
1787040751666672896,8.16121,67.63873,0.75673,0.34991,-0.24978,-0.41830,0.80012,-1.24162,-1.16165,0.21499,
1787040751766676992,8.03778,67.52733,0.76135,0.35210,-0.26911,-0.41487,0.79466,-1.24482,-1.12290,-0.12160,
1787040751866672896,7.91863,67.41191,0.74302,0.34850,-0.27034,-0.40582,0.80048,-1.23019,-1.20853,-0.28275,
1787040751966674944,7.78546,67.27472,0.72178,0.34345,-0.25685,-0.39586,0.81201,-1.31034,-1.25194,-0.16754,
1787040752033338112,7.70604,67.19605,0.71906,0.33885,-0.24955,-0.39368,0.81726,-1.30503,-1.28135,0.04809,
1787040752133339904,7.59318,67.08204,0.73875,0.33278,-0.24175,-0.39977,0.81914,-1.21324,-1.30359,0.27283,
1787040752233339136,7.46590,66.92991,0.76465,0.32273,-0.24155,-0.41349,0.81641,-1.07907,-1.32001,0.19475,
1787040752300007936,7.40765,66.85517,0.77230,0.31753,-0.23535,-0.41331,0.82034,-1.03287,-1.31424,-0.01336,
1787040752400006144,7.30062,66.71432,0.75947,0.31292,-0.22245,-0.41364,0.82553,-1.07362,-1.37763,-0.24042,
1787040752466672896,7.23881,66.63317,0.74387,0.31074,-0.21797,-0.41183,0.82845,-1.11361,-1.42681,-0.24846,
1787040752566673152,7.12500,66.48603,0.72718,0.30895,-0.22910,-0.41956,0.82221,-1.17320,-1.41817,0.00173,
1787040752666672896,7.00336,66.34771,0.74203,0.31073,-0.26243,-0.41325,0.81474,-1.14653,-1.23024,0.23971,
1787040752766673152,6.89738,66.23342,0.76894,0.31464,-0.27463,-0.40567,0.81303,-1.17554,-1.10755,0.23655,
1787040752833338880,6.82850,66.16251,0.77662,0.31547,-0.28564,-0.39920,0.81212,-1.17359,-1.07461,0.00924,
1787040752933339136,6.70058,65.99070,0.76342,0.31812,-0.29445,-0.38335,0.81556,-1.18240,-1.18296,-0.25687,
1787040753033339136,6.57739,65.85761,0.73226,0.32730,-0.28940,-0.36506,0.82210,-1.23633,-1.26195,-0.26860,
1787040753133337856,6.46899,65.72934,0.72153,0.33963,-0.27496,-0.35212,0.82768,-1.28531,-1.33472,0.12792,
1787040753233338112,6.36134,65.62311,0.74633,0.33392,-0.28515,-0.36211,0.82223,-1.23183,-1.37531,0.33997,
1787040753333338880,6.27626,65.52838,0.77543,0.33284,-0.27614,-0.37253,0.82109,-0.97013,-1.28774,0.18963,
1787040753433337856,6.17528,65.40318,0.77423,0.33448,-0.27059,-0.37510,0.82110,-1.04710,-1.31186,-0.15395,
1787040753500005888,6.10574,65.32271,0.75862,0.33813,-0.26910,-0.37585,0.81975,-1.09298,-1.30649,-0.28185,
1787040753600006144,5.99248,65.19669,0.73209,0.35307,-0.29172,-0.36826,0.80909,-1.13879,-1.24762,-0.18523,
1787040753700005120,5.87738,65.06841,0.73319,0.36253,-0.31986,-0.34781,0.80330,-1.15166,-1.27052,0.20281,
1787040753766673152,5.80667,64.99899,0.75161,0.36633,-0.32308,-0.35043,0.79914,-1.15524,-1.16310,0.29425,
1787040753866679040,5.68514,64.89036,0.77530,0.36513,-0.33972,-0.35520,0.79064,-1.20323,-1.04576,0.12826,
1787040753966671872,5.56523,64.78941,0.77156,0.36558,-0.35052,-0.35194,0.78716,-1.20626,-1.01567,-0.19640,
1787040754066673152,5.44787,64.70169,0.74631,0.36895,-0.35264,-0.33809,0.79070,-1.25075,-1.00767,-0.32792,
1787040754133338880,5.36079,64.63326,0.73133,0.37051,-0.34928,-0.32675,0.79622,-1.30748,-1.02731,-0.16797,
1787040754233339136,5.22165,64.52383,0.73141,0.37257,-0.33609,-0.32185,0.80290,-1.35396,-1.06960,0.14026,
1787040754333341952,5.08387,64.41067,0.75553,0.37439,-0.33676,-0.32938,0.79870,-1.24349,-1.09915,0.31254,
1787040754433339136,4.96586,64.31182,0.78078,0.37928,-0.32762,-0.34216,0.79482,-1.15081,-1.09737,0.13527,
1787040754533339136,4.84650,64.19512,0.78089,0.38686,-0.31057,-0.34303,0.79763,-1.20482,-1.13679,-0.16641,
1787040754633338880,4.72441,64.08727,0.76239,0.39068,-0.29798,-0.34101,0.80143,-1.24758,-1.14724,-0.25951,
1787040754733339136,4.58742,63.96316,0.74870,0.39092,-0.29781,-0.34284,0.80060,-1.31687,-1.14905,0.03538,
1787040754800007936,4.49781,63.88475,0.75610,0.39401,-0.30463,-0.34559,0.79532,-1.33951,-1.11531,0.19859,
1787040754900006144,4.34701,63.76600,0.78314,0.39974,-0.30519,-0.35102,0.78985,-1.36497,-0.90730,0.29128,
1787040755000006912,4.21197,63.68508,0.80361,0.40578,-0.32627,-0.35233,0.77766,-1.35948,-0.84468,0.02160,
1787040755100006144,4.08634,63.62235,0.78914,0.42040,-0.33849,-0.33976,0.77023,-1.37907,-0.82157,-0.25856,
1787040755200005888,3.94012,63.54035,0.76353,0.43605,-0.34041,-0.32143,0.76855,-1.45619,-0.83204,-0.19433,
1787040755300005888,3.77965,63.44418,0.75688,0.44617,-0.33267,-0.31515,0.76873,-1.50439,-0.88317,0.08395,
1787040755400005120,3.63134,63.35936,0.77698,0.45659,-0.32473,-0.31409,0.76643,-1.46785,-0.90847,0.29440,
1787040755466671872,3.53262,63.30384,0.79707,0.45949,-0.33397,-0.32041,0.75807,-1.46978,-0.94078,0.26527,
1787040755566676992,3.38908,63.20347,0.81054,0.46340,-0.33586,-0.32859,0.75133,-1.39006,-0.98350,-0.02635,
1787040755666672896,3.24520,63.10763,0.79670,0.45944,-0.32208,-0.33994,0.75473,-1.43682,-1.01750,-0.24659,
1787040755766674944,3.09715,63.00230,0.77152,0.45303,-0.30833,-0.33706,0.76556,-1.48373,-1.02797,-0.13649,
1787040755866672128,2.94924,62.90872,0.77616,0.44555,-0.31489,-0.33840,0.76669,-1.50600,-1.01070,0.19718,
1787040755966672896,2.78365,62.80119,0.80339,0.44114,-0.31463,-0.35775,0.76054,-1.53334,-0.90511,0.32094,
1787040756066672128,2.63284,62.72123,0.82570,0.43263,-0.32931,-0.37350,0.75158,-1.50188,-0.74985,0.05919,
1787040756133341952,2.52745,62.67302,0.82143,0.42838,-0.34030,-0.36555,0.75303,-1.51013,-0.72749,-0.15058,
1787040756200005888,2.42040,62.62534,0.80724,0.42651,-0.34902,-0.35463,0.75532,-1.51770,-0.73950,-0.27508,
1787040756300005888,2.26847,62.54733,0.78557,0.43025,-0.33991,-0.33500,0.76624,-1.53112,-0.77409,-0.14601,
1787040756400006144,2.10797,62.46494,0.78344,0.42434,-0.32080,-0.32795,0.78069,-1.55104,-0.81637,0.13135,
1787040756500006912,1.94860,62.37819,0.80564,0.40795,-0.31883,-0.32260,0.79237,-1.52957,-0.87937,0.32270,
1787040756600007168,1.79709,62.28701,0.82963,0.38518,-0.33335,-0.33598,0.79223,-1.43977,-0.93305,0.10774,
1787040756700005888,1.64831,62.19176,0.82304,0.37835,-0.33128,-0.33298,0.79764,-1.43492,-0.97089,-0.18343,
1787040756800005888,1.51437,62.10315,0.79818,0.37667,-0.32516,-0.33144,0.80158,-1.41596,-0.98878,-0.25314,
1787040756866674944,1.41978,62.03372,0.78338,0.37206,-0.32524,-0.33008,0.80426,-1.43811,-1.04375,-0.09769,
1787040756966674176,1.25827,61.91741,0.78915,0.37068,-0.32538,-0.32940,0.80512,-1.42296,-1.01199,0.22470,
1787040757066673152,1.11007,61.81400,0.81555,0.37617,-0.32157,-0.33179,0.80312,-1.45924,-0.92787,0.30255,
1787040757166672896,0.96312,61.72607,0.83087,0.37736,-0.33125,-0.33623,0.79675,-1.48488,-0.84558,0.02702,
1787040757233339136,0.85839,61.66213,0.82591,0.37548,-0.34319,-0.33394,0.79355,-1.51845,-0.86862,-0.16934,
1787040757333338112,0.69325,61.55847,0.79722,0.37252,-0.34980,-0.33296,0.79247,-1.51965,-0.90201,-0.28522,
1787040757433339136,0.53482,61.45999,0.77841,0.37409,-0.34224,-0.33389,0.79463,-1.55739,-0.90492,-0.09344,
1787040757533339136,0.37366,61.35606,0.77775,0.37229,-0.32875,-0.33623,0.80017,-1.51479,-0.92055,0.13573,
1787040757633339904,0.21552,61.25472,0.80018,0.37144,-0.32844,-0.33812,0.79990,-1.53380,-0.94762,0.24894,
1787040757700012032,0.11994,61.18160,0.81373,0.36450,-0.33705,-0.34625,0.79602,-1.43481,-0.97098,0.09441,
1787040757800005888,-0.02171,61.07713,0.81251,0.36789,-0.32537,-0.34047,0.80179,-1.39369,-1.00892,-0.12722,
1787040757900006144,-0.15171,60.97122,0.79050,0.36858,-0.32027,-0.34070,0.80343,-1.44579,-1.06726,-0.24383,
1787040758000005888,-0.28526,60.85972,0.77512,0.36826,-0.31819,-0.33511,0.80675,-1.44738,-1.11824,-0.03822,
1787040758100006144,-0.43263,60.75714,0.78852,0.38370,-0.33135,-0.33874,0.79261,-1.51378,-1.01719,0.19454,
1787040758200006912,-0.57622,60.66505,0.81161,0.41547,-0.35401,-0.33355,0.76864,-1.59230,-0.83760,0.20387,
1787040758266673152,-0.65893,60.62202,0.82387,0.43604,-0.37716,-0.33410,0.74565,-1.54028,-0.76330,0.01289,
1787040758366673920,-0.80336,60.54630,0.81611,0.46782,-0.40189,-0.31972,0.71931,-1.53622,-0.72039,-0.22270,
1787040758466671872,-0.95745,60.46577,0.78999,0.49816,-0.40463,-0.30460,0.70380,-1.57489,-0.68059,-0.23827,
1787040758566672128,-1.11988,60.38940,0.77708,0.51792,-0.40370,-0.29745,0.69304,-1.63987,-0.64127,0.00890,
1787040758666672896,-1.28087,60.31989,0.78750,0.51880,-0.40049,-0.30021,0.69305,-1.62597,-0.59938,0.16583,
1787040758733339904,-1.38289,60.27875,0.80029,0.51508,-0.41194,-0.30148,0.68855,-1.58932,-0.62160,0.23829,
1787040758833338880,-1.51994,60.23538,0.81905,0.53038,-0.41774,-0.29425,0.67647,-1.46306,-0.55191,0.05972,
1787040758933340160,-1.64230,60.20016,0.81527,0.56722,-0.41421,-0.27243,0.65763,-1.43058,-0.51807,-0.13650,
1787040759000008192,-1.70878,60.19230,0.80627,0.59572,-0.40604,-0.25214,0.64550,-1.42062,-0.45406,-0.19678,
1787040759133338880,-1.88759,60.16618,0.78957,0.63654,-0.41050,-0.21086,0.61794,-1.47993,-0.27450,-0.00417,
1787040759200006912,-2.00252,60.14169,0.79762,0.65035,-0.42774,-0.18990,0.59835,-1.51090,-0.19357,0.08640,
1787040759300007168,-2.17416,60.11878,0.81128,0.67855,-0.44255,-0.17702,0.55892,-1.60331,-0.00110,0.21001,
1787040759366674944,-2.27945,60.12219,0.81796,0.69100,-0.46631,-0.18174,0.52158,-1.54299,0.12312,0.05970,
1787040759433340160,-2.37220,60.13645,0.81451,0.70828,-0.48450,-0.17253,0.48356,-1.43192,0.18097,-0.10706,
1787040759533339904,-2.50314,60.16917,0.79178,0.72965,-0.49914,-0.15336,0.44154,-1.42446,0.32029,-0.31926,
1787040759633337856,-2.64902,60.20575,0.76214,0.74654,-0.50298,-0.13346,0.41458,-1.45009,0.44803,-0.22415,
1787040759733339136,-2.81388,60.24532,0.75243,0.76640,-0.49042,-0.11946,0.39729,-1.46882,0.51646,0.03591,
1787040759800005888,-2.90951,60.28566,0.76404,0.77629,-0.48766,-0.11457,0.38266,-1.45210,0.55701,0.20731,
1787040759933339136,-3.08388,60.37472,0.79847,0.80151,-0.48617,-0.09112,0.33604,-1.42242,0.62380,0.13267,
1787040760000006912,-3.14803,60.43100,0.81292,0.81518,-0.48149,-0.08177,0.31139,-1.39090,0.71120,0.00995,
1787040760100014080,-3.28012,60.51620,0.80849,0.83074,-0.47849,-0.06597,0.27671,-1.36580,0.84215,-0.14548,
1787040760200005888,-3.41221,60.61037,0.79648,0.84181,-0.47640,-0.04539,0.24969,-1.30862,0.94964,-0.03295,
1787040760266673152,-3.49349,60.68168,0.79806,0.84808,-0.47701,-0.02338,0.22952,-1.22479,1.04667,0.13231,
1787040760366672896,-3.60107,60.79539,0.81442,0.85378,-0.48343,0.00858,0.19309,-1.10609,1.15034,0.26621,
1787040760466674176,-3.68706,60.92628,0.83727,0.85527,-0.49846,0.01701,0.14059,-0.90816,1.29540,0.13640,
1787040760566673152,-3.74747,61.05779,0.83257,0.86116,-0.49965,0.05489,0.07581,-0.68404,1.31651,-0.17497,
1787040760666673920,-3.79610,61.19545,0.80854,0.86771,-0.48517,0.10789,0.00608,-0.55009,1.38641,-0.23276,
1787040760766673152,-3.84417,61.34378,0.79923,0.86957,-0.46949,0.14581,-0.04644,-0.45592,1.52651,0.11530,
1787040760833340928,-3.87709,61.44829,0.80849,0.86104,-0.47519,0.16225,-0.08051,-0.42483,1.56404,0.26408,
1787040760933340160,-3.91389,61.58435,0.84097,0.84852,-0.47971,0.18927,-0.11861,-0.41513,1.31578,0.34125,
1787040761033339136,-3.94795,61.71577,0.86156,0.84365,-0.47163,0.20618,-0.15269,-0.33957,1.35715,0.10484,
1787040761133338880,-3.96857,61.84989,0.86194,0.83996,-0.46025,0.22480,-0.17918,-0.26824,1.42432,-0.08253,
1787040761233339904,-3.98322,61.98811,0.85307,0.84264,-0.44264,0.23934,-0.19171,-0.21830,1.46214,-0.09197,
1787040761333338880,-3.99540,62.13756,0.84805,0.83458,-0.43861,0.26055,-0.20789,-0.11300,1.46731,0.14586,
1787040761433339136,-3.99252,62.28212,0.86606,0.82768,-0.42791,0.28045,-0.23063,0.05559,1.49409,0.28648,
1787040761533339136,-3.97248,62.43312,0.88228,0.81116,-0.43685,0.29027,-0.25871,0.24071,1.47253,0.05089,
1787040761633338880,-3.93314,62.55788,0.88581,0.80166,-0.43573,0.30073,-0.27757,0.35111,1.40390,-0.19750,
1787040761733339136,-3.88397,62.67970,0.86266,0.80551,-0.42106,0.29921,-0.29042,0.45384,1.40537,-0.23402,
1787040761833338880,-3.81069,62.76705,0.85263,0.81195,-0.41392,0.29330,-0.28877,0.59999,1.37822,-0.00709,
1787040761933340160,-3.74213,62.90810,0.86129,0.81541,-0.42224,0.28251,-0.27751,0.56101,1.35900,0.19965,
1787040762033339136,-3.68021,63.02595,0.88545,0.81208,-0.42887,0.28115,-0.27848,0.51208,1.33174,0.27090,
1787040762100007168,-3.63559,63.09736,0.89671,0.81022,-0.42978,0.27834,-0.28525,0.49654,1.31611,0.09163,
1787040762200007936,-3.58257,63.22242,0.89474,0.81303,-0.42169,0.26618,-0.30051,0.55346,1.35752,-0.16364,
1787040762300005888,-3.51946,63.35716,0.87129,0.81468,-0.41462,0.25802,-0.31276,0.64741,1.39278,-0.25226,
1787040762366672896,-3.46473,63.43897,0.85998,0.81662,-0.40805,0.25765,-0.31660,0.70055,1.38464,-0.08932,
1787040762433341952,-3.40910,63.52649,0.86399,0.81966,-0.39528,0.26141,-0.32184,0.77829,1.37592,0.17680,
1787040762533339904,-3.32730,63.67053,0.88557,0.80658,-0.40527,0.27163,-0.33376,0.87633,1.27198,0.30203,
1787040762600006144,-3.26092,63.76935,0.90075,0.79330,-0.42125,0.28303,-0.33632,0.97196,1.16645,0.20256,
1787040762666671872,-3.19084,63.85371,0.90372,0.78286,-0.43025,0.30122,-0.33359,0.98632,1.10394,-0.03490,
1787040762766671872,-3.08378,63.97123,0.88670,0.77604,-0.42974,0.32446,-0.32834,1.05993,1.12274,-0.27738,
1787040762866672896,-2.97542,64.07683,0.85775,0.77481,-0.42433,0.33726,-0.32538,1.11004,1.12761,-0.29922,
1787040762933337856,-2.90138,64.14608,0.84611,0.77620,-0.41853,0.34418,-0.32233,1.10263,1.17006,-0.11523,
1787040763000005888,-2.82886,64.23103,0.84493,0.78142,-0.41702,0.33343,-0.32295,1.01953,1.19966,0.06349,
1787040763100006144,-2.72495,64.35497,0.86438,0.79833,-0.40887,0.30634,-0.31883,1.01485,1.20421,0.22338,
1787040763166672896,-2.65350,64.43326,0.88170,0.79970,-0.40713,0.31074,-0.31330,1.03919,1.25341,0.21537,
1787040763233339904,-2.58784,64.50589,0.89459,0.79332,-0.41525,0.31786,-0.31172,0.93820,1.25914,0.07029,
1787040763333338880,-2.49736,64.63324,0.89080,0.79818,-0.40937,0.30338,-0.32138,0.94322,1.27931,-0.18114,
1787040763400006912,-2.42571,64.72683,0.87761,0.80102,-0.40533,0.29676,-0.32560,0.98042,1.29879,-0.21470,
1787040763500006912,-2.32532,64.84476,0.86362,0.80212,-0.39770,0.30096,-0.32841,1.07662,1.29887,-0.06593,
1787040763566673152,-2.25156,64.93016,0.86518,0.79804,-0.39219,0.31631,-0.33057,1.09749,1.26803,0.17701,
1787040763666672896,-2.13307,65.06775,0.88693,0.79029,-0.39508,0.32944,-0.33290,1.12145,1.20040,0.26045,
1787040763766673152,-2.01873,65.18193,0.90586,0.77700,-0.40427,0.34608,-0.33625,1.12799,1.07300,0.08367,
1787040763866679808,-1.90244,65.29273,0.90132,0.77281,-0.39575,0.35913,-0.34230,1.13735,1.04899,-0.15697,
1787040763933337856,-1.82740,65.36769,0.89010,0.77493,-0.38371,0.36208,-0.34807,1.15530,1.07502,-0.24427,
1787040764033339136,-1.71526,65.47214,0.86868,0.77797,-0.36931,0.36027,-0.35858,1.20670,1.10388,-0.14374,
1787040764133339904,-1.58280,65.61267,0.86693,0.78590,-0.35987,0.34193,-0.36870,1.14263,1.15307,0.11131,
1787040764233339904,-1.47139,65.72994,0.88713,0.79649,-0.34091,0.32198,-0.38172,1.15548,1.16481,0.26038,
1787040764333338880,-1.35763,65.85085,0.90738,0.78860,-0.35574,0.32973,-0.37794,1.13457,1.21466,0.12304,
1787040764433340160,-1.24336,65.98124,0.90575,0.79183,-0.35743,0.32017,-0.37782,1.16463,1.22056,-0.14230,
1787040764500005888,-1.16512,66.06904,0.89000,0.79114,-0.36092,0.31936,-0.37662,1.22545,1.26139,-0.24312,
1787040764566673152,-1.07937,66.15708,0.87080,0.78902,-0.36377,0.32074,-0.37715,1.29257,1.28361,-0.21685,
1787040764666675968,-0.96495,66.26363,0.85768,0.78206,-0.36527,0.33647,-0.37650,1.31980,1.22687,0.02942,
1787040764733339136,-0.87313,66.34534,0.86459,0.77069,-0.36939,0.35090,-0.38269,1.37407,1.18924,0.12607,
1787040764833338880,-0.72696,66.47189,0.88019,0.75332,-0.38006,0.36903,-0.38972,1.41098,1.01314,0.20487,
1787040764933339136,-0.58968,66.57358,0.88960,0.74088,-0.38214,0.38742,-0.39367,1.38697,0.93065,-0.04395,
1787040765033339136,-0.45787,66.66480,0.87551,0.73670,-0.37177,0.39713,-0.40169,1.38464,0.93480,-0.25208,
1787040765133341184,-0.32471,66.75039,0.85144,0.74312,-0.35190,0.38888,-0.41558,1.42568,0.90178,-0.21870,
1787040765233339136,-0.18316,66.83689,0.84159,0.74663,-0.34208,0.38693,-0.41930,1.49667,0.94024,0.04999,
1787040765333338880,-0.04068,66.92667,0.85757,0.75206,-0.33734,0.38430,-0.41584,1.39629,0.93477,0.20574,
1787040765433339136,0.09844,67.02390,0.87896,0.74358,-0.34341,0.39675,-0.41443,1.33166,1.01663,0.18118,
1787040765533339136,0.21313,67.10472,0.88716,0.73952,-0.34814,0.38573,-0.42791,1.30134,1.00332,-0.05531,
1787040765633339904,0.34879,67.20548,0.86903,0.73886,-0.34956,0.37383,-0.43835,1.34755,0.99421,-0.23942,
1787040765733339136,0.48395,67.30448,0.84643,0.74176,-0.34189,0.36952,-0.44312,1.38000,0.98088,-0.12489,
1787040765800005888,0.58764,67.37921,0.84116,0.74377,-0.32780,0.37160,-0.44863,1.38137,0.94768,0.02626,
1787040765866672896,0.68091,67.44341,0.85103,0.74358,-0.31153,0.37609,-0.45672,1.35539,0.90828,0.17175,
1787040765966676992,0.81595,67.52727,0.87156,0.74785,-0.29565,0.36343,-0.47036,1.50362,0.83787,0.23608,
1787040766066673152,0.96682,67.60894,0.88056,0.74406,-0.30183,0.37096,-0.46654,1.48414,0.78194,-0.01795,
1787040766166675200,1.12515,67.69747,0.86344,0.75380,-0.30197,0.36004,-0.45931,1.54456,0.79911,-0.23570,
1787040766266671872,1.28191,67.77372,0.83511,0.76458,-0.30354,0.34376,-0.45290,1.61929,0.76378,-0.26654,
1787040766366671104,1.44914,67.85343,0.81077,0.77325,-0.30981,0.32897,-0.44483,1.67067,0.77093,-0.08532,
1787040766466672896,1.62518,67.93626,0.80940,0.77812,-0.31739,0.32190,-0.43610,1.66534,0.78555,0.15620,
1787040766566672128,1.77878,68.00359,0.82207,0.76945,-0.33061,0.33554,-0.43134,1.63523,0.84689,0.14069,
1787040766666672896,1.91545,68.06782,0.82085,0.76297,-0.34555,0.33568,-0.43103,1.53499,0.82724,-0.11231,
1787040766766673920,2.07171,68.14456,0.79667,0.75918,-0.35657,0.33060,-0.43268,1.56562,0.78930,-0.32410,
1787040766833338880,2.18851,68.20161,0.77462,0.76037,-0.35301,0.32946,-0.43437,1.59495,0.79744,-0.28730,
1787040766933339136,2.35193,68.28424,0.75756,0.76079,-0.34064,0.33342,-0.44044,1.62286,0.78577,-0.02185,
1787040767000005888,2.46162,68.33667,0.76346,0.75515,-0.33585,0.34067,-0.44821,1.62766,0.73867,0.13056,
1787040767100006144,2.62300,68.40308,0.77906,0.74653,-0.33284,0.34431,-0.46191,1.68035,0.61391,0.16818,
1787040767200007936,2.77553,68.45023,0.78836,0.73404,-0.32678,0.36298,-0.47186,1.61440,0.49480,-0.06277,
1787040767300005888,2.94009,68.50492,0.77279,0.72732,-0.31106,0.37583,-0.48270,1.65386,0.49474,-0.27844,
1787040767400005120,3.11911,68.57190,0.74626,0.72343,-0.30446,0.38023,-0.48926,1.73751,0.51189,-0.28560,
1787040767466671872,3.22419,68.60850,0.73978,0.72146,-0.30367,0.37886,-0.49372,1.72955,0.50788,-0.14973,
1787040767533340928,3.34696,68.64569,0.73518,0.71930,-0.30419,0.37777,-0.49737,1.79231,0.50357,0.06201,
1787040767633339904,3.53329,68.71059,0.75551,0.70315,-0.31391,0.40166,-0.49569,1.71172,0.49945,0.21506,
1787040767700006912,3.64588,68.73944,0.76664,0.68728,-0.31935,0.41677,-0.50196,1.66526,0.47376,0.10965,
1787040767766671872,3.73529,68.76412,0.77594,0.67342,-0.31946,0.42685,-0.51210,1.60362,0.43508,-0.03876,
1787040767833338112,3.83485,68.79038,0.77144,0.66298,-0.31484,0.43385,-0.52259,1.64205,0.41144,-0.17124,
1787040767933340160,3.99535,68.82780,0.75127,0.64721,-0.29775,0.44585,-0.54193,1.62452,0.33884,-0.25535,
1787040768033339136,4.15736,68.86077,0.73198,0.62996,-0.26911,0.46420,-0.56148,1.62664,0.29504,-0.11606,
1787040768133338880,4.31658,68.88298,0.73459,0.60531,-0.23681,0.48288,-0.58681,1.61663,0.18671,0.12251,
1787040768200005888,4.43720,68.89705,0.75026,0.58778,-0.22419,0.48529,-0.60724,1.66525,0.07803,0.18158,
1787040768300007168,4.60433,68.89579,0.76707,0.55478,-0.21434,0.50507,-0.62545,1.58721,-0.08695,0.05631,
1787040768400006144,4.75548,68.88174,0.76087,0.52887,-0.18817,0.50808,-0.65325,1.51032,-0.16507,-0.17308,
1787040768500005888,4.89019,68.85311,0.73849,0.51386,-0.16464,0.49662,-0.67986,1.52072,-0.29612,-0.27515,
1787040768600007168,5.02474,68.80650,0.71845,0.50426,-0.14702,0.49169,-0.69451,1.50860,-0.45083,-0.13635,
1787040768700005888,5.14469,68.74516,0.71447,-0.49850,0.12020,-0.48748,0.70669,1.43716,-0.50757,0.05300,
1787040768800007168,5.26845,68.68483,0.72906,-0.48832,0.09788,-0.49126,0.71458,1.46166,-0.50644,0.18063,
1787040768900005120,5.38920,68.62200,0.74111,-0.46545,0.09396,-0.50133,0.72333,1.39771,-0.57499,0.01656,
1787040768966674176,5.46558,68.57418,0.73374,-0.44093,0.08179,-0.50953,0.73435,1.37080,-0.68984,-0.17855,
1787040769033339904,5.54810,68.52347,0.71531,-0.40806,0.06455,-0.52040,0.74733,1.33512,-0.74083,-0.29918,
1787040769133338880,5.66072,68.44041,0.68393,-0.35967,0.03199,-0.52687,0.76943,1.26510,-0.79821,-0.25582,
1787040769200005888,5.73108,68.38021,0.67182,-0.33107,0.00677,-0.52356,0.78501,1.19697,-0.89852,-0.06595,
1787040769266673920,5.79656,68.31330,0.67258,-0.29415,-0.01823,-0.53140,0.79420,1.15065,-1.00504,0.10787,
1787040769366672896,5.89118,68.20300,0.68992,-0.22960,-0.03865,-0.54670,0.80431,0.94972,-1.13701,0.17675,
1787040769433337856,5.94916,68.12321,0.69634,-0.19128,-0.05465,-0.55255,0.80939,0.83684,-1.16283,0.00098,
1787040769533339136,6.02745,68.00360,0.68538,-0.13990,-0.08396,-0.54945,0.81944,0.73429,-1.17732,-0.22436,
1787040769600006144,6.06434,67.92555,0.67116,-0.10696,-0.09685,-0.53603,0.83177,0.66141,-1.21361,-0.28690,
1787040769666675200,6.10622,67.83685,0.65521,-0.07979,-0.11219,-0.52339,0.84090,0.60295,-1.35339,-0.21095,
1787040769766671872,6.16146,67.69405,0.64744,-0.05207,-0.12927,-0.51446,0.84611,0.53933,-1.41414,0.03370,
1787040769833338880,6.18925,67.60701,0.65760,-0.02205,-0.14502,-0.50810,0.84872,0.52689,-1.30659,0.22697,
1787040769900006144,6.21011,67.52740,0.67577,0.01034,-0.15495,-0.50746,0.84757,0.50504,-1.25858,0.27971,
1787040770000006912,6.22227,67.41331,0.68627,0.05063,-0.16276,-0.49109,0.85427,0.36737,-1.26426,0.03162,
1787040770066673152,6.25648,67.31174,0.68234,0.07193,-0.17416,-0.48183,0.85577,0.32921,-1.36144,-0.14024,
1787040770166672896,6.27908,67.17761,0.66385,0.08778,-0.20503,-0.46921,0.85446,0.26112,-1.34477,-0.21009,
1787040770266671872,6.29254,67.04817,0.65657,0.11671,-0.22746,-0.43726,0.86223,0.19067,-1.41407,0.07025,
1787040770333338880,6.29051,66.95875,0.66608,0.14268,-0.24211,-0.42494,0.86049,0.07512,-1.45875,0.21865,
1787040770433340928,6.26730,66.82225,0.68942,0.18168,-0.25457,-0.42506,0.84942,-0.24558,-1.33331,0.25545,
1787040770533339136,6.21205,66.71257,0.69930,0.21238,-0.27624,-0.41803,0.83895,-0.46357,-1.23012,-0.05388,
1787040770633339904,6.14352,66.59615,0.67699,0.22796,-0.29666,-0.41242,0.83063,-0.66338,-1.32944,-0.28577,
1787040770733339136,6.06639,66.44192,0.64222,0.22180,-0.29774,-0.43312,0.82132,-0.88275,-1.45877,-0.25063,
1787040770833339904,5.96687,66.30642,0.62825,0.21036,-0.30443,-0.45726,0.80869,-0.91844,-1.48431,0.06211,
1787040770900006912,5.90263,66.22293,0.63377,0.20561,-0.30562,-0.48134,0.79538,-0.81130,-1.39954,0.18143,
1787040771000008192,5.82242,66.09409,0.65435,0.20462,-0.29737,-0.50678,0.78286,-0.71350,-1.32755,0.17775,
1787040771066673152,5.77278,66.02628,0.66428,0.20757,-0.29070,-0.51536,0.77898,-0.70875,-1.22914,0.02424,
1787040771166671872,5.69780,65.90059,0.65997,0.21397,-0.27985,-0.51254,0.78307,-0.75910,-1.23086,-0.16570,
1787040771233339136,5.64391,65.81714,0.64611,0.21820,-0.27307,-0.50498,0.78919,-0.82575,-1.24926,-0.24439,
1787040771300005888,5.58291,65.72453,0.63570,0.22276,-0.27033,-0.49217,0.79691,-0.88252,-1.25990,-0.16382,
1787040771400006912,5.48992,65.60532,0.63326,0.23416,-0.27990,-0.46998,0.80371,-0.98996,-1.23043,0.10585,
1787040771466672896,5.42306,65.52762,0.64565,0.24706,-0.29512,-0.46872,0.79509,-0.97990,-1.13010,0.24815,
1787040771533339136,5.35770,65.45777,0.66338,0.26204,-0.29732,-0.46683,0.79057,-1.01751,-1.04289,0.26993,
1787040771600006144,5.29134,65.41249,0.67805,0.27425,-0.30997,-0.46637,0.78179,-1.03473,-0.92068,0.08046,
1787040771666672896,5.21355,65.33033,0.67498,0.28641,-0.32273,-0.44925,0.78229,-1.03295,-0.95187,-0.12614,
1787040771733339136,5.14412,65.26559,0.66171,0.29627,-0.33316,-0.43932,0.77989,-1.07521,-1.04506,-0.24911,
1787040771833342976,5.03888,65.16078,0.63620,0.31439,-0.32877,-0.42520,0.78248,-1.09128,-1.11311,-0.22915,
1787040771900006144,4.96468,65.08424,0.62556,0.32222,-0.32481,-0.42860,0.77909,-1.09272,-1.16945,-0.07445,
1787040771966674176,4.89381,65.00237,0.62802,0.32217,-0.30793,-0.43161,0.78428,-1.04650,-1.18570,0.12997,
1787040772033339136,4.82711,64.92157,0.64394,0.31811,-0.29213,-0.43399,0.79065,-0.96379,-1.14871,0.30689,
1787040772100006144,4.76650,64.84080,0.66545,0.31607,-0.28063,-0.44156,0.79143,-0.93398,-1.16934,0.29240,
1787040772200005888,4.67394,64.71330,0.68027,0.31633,-0.25726,-0.44859,0.79531,-0.94523,-1.19624,-0.02518,
1787040772266673152,4.60714,64.63092,0.67154,0.31283,-0.24462,-0.45235,0.79855,-1.03981,-1.22839,-0.20995,
1787040772333338880,4.54340,64.54762,0.65468,0.30699,-0.23696,-0.45715,0.80039,-1.05292,-1.26047,-0.29703,
1787040772400006144,4.47677,64.45876,0.63885,0.30121,-0.23286,-0.46122,0.80145,-1.04658,-1.31331,-0.19031,
1787040772466672896,4.39608,64.37118,0.63368,0.30132,-0.22535,-0.46318,0.80242,-1.04731,-1.29073,0.01512,
1787040772533339136,4.33712,64.28045,0.64226,0.30163,-0.22224,-0.46745,0.80070,-1.11559,-1.26633,0.19246,
1787040772633338880,4.22339,64.15853,0.66120,0.29242,-0.22312,-0.47520,0.79931,-1.18795,-1.12070,0.23883,
1787040772700006912,4.14386,64.08803,0.67562,0.28900,-0.23394,-0.47596,0.79700,-1.15725,-1.00243,0.12419,
1787040772800004864,4.03373,63.97658,0.67340,0.29663,-0.23841,-0.46283,0.80060,-1.18269,-1.03831,-0.16265,
1787040772900007936,3.90806,63.87406,0.65074,0.30863,-0.24361,-0.45400,0.79955,-1.27247,-0.97033,-0.29956,
1787040772966671872,3.83398,63.81303,0.63985,0.32106,-0.25221,-0.44529,0.79688,-1.35183,-0.98452,-0.17678,
1787040773066673920,3.71119,63.71189,0.63622,0.32892,-0.26503,-0.43319,0.79619,-1.26962,-0.97399,0.11482,
1787040773166672896,3.61766,63.64102,0.65930,0.32938,-0.27038,-0.42327,0.79953,-1.18027,-1.01437,0.28424,
1787040773266673920,3.49603,63.52323,0.67961,0.32408,-0.27905,-0.42904,0.79563,-1.11379,-0.98812,0.08701,
1787040773366672896,3.38286,63.42292,0.67486,0.32785,-0.28843,-0.41297,0.79924,-1.14522,-1.01736,-0.19831,
1787040773466674176,3.28229,63.33459,0.65383,0.32887,-0.28656,-0.39435,0.80884,-1.13792,-1.08032,-0.24822,
1787040773533339904,3.20624,63.26176,0.64526,0.32540,-0.28645,-0.38627,0.81416,-1.17485,-1.17943,-0.08605,
1787040773633337856,3.08545,63.14322,0.65457,0.32634,-0.29270,-0.38876,0.81036,-1.21205,-1.16062,0.23108,
1787040773733339136,2.96688,63.04324,0.67933,0.33827,-0.29674,-0.39636,0.80026,-1.26084,-0.96965,0.27314,
1787040773800005888,2.88110,62.97592,0.69457,0.34371,-0.30683,-0.39523,0.79468,-1.22597,-0.86891,0.10265,
1787040773900007936,2.76432,62.90029,0.69381,0.34288,-0.31607,-0.37984,0.79891,-1.23860,-0.85425,-0.16745,
1787040773966674176,2.67243,62.83406,0.68207,0.34571,-0.31451,-0.36902,0.80337,-1.26303,-0.88181,-0.24863,
1787040774033339136,2.56765,62.75153,0.66646,0.35550,-0.31022,-0.35769,0.80588,-1.33230,-0.90323,-0.17673,
1787040774133339904,2.43151,62.65105,0.65875,0.36041,-0.30162,-0.35156,0.80965,-1.33066,-0.94931,0.06014,
1787040774233339136,2.30495,62.55018,0.67263,0.35797,-0.28460,-0.34878,0.81805,-1.30636,-1.01359,0.28708,
1787040774333338880,2.16551,62.42945,0.69546,0.34684,-0.29888,-0.36631,0.81005,-1.23580,-1.06096,0.17573,
1787040774433337856,2.05339,62.32234,0.69492,0.35162,-0.28900,-0.36126,0.81384,-1.15338,-1.07995,-0.12541,
1787040774500009984,1.98129,62.25109,0.67972,0.35418,-0.28288,-0.35861,0.81604,-1.16398,-1.09868,-0.26385,
1787040774566673152,1.89571,62.16667,0.66705,0.35746,-0.27389,-0.34724,0.82258,-1.18311,-1.12131,-0.20805,
1787040774633338880,1.81332,62.08646,0.65397,0.35788,-0.27222,-0.34233,0.82500,-1.21241,-1.11414,-0.03895,
1787040774733339904,1.70209,61.98311,0.66408,0.36260,-0.27366,-0.32841,0.82812,-1.24956,-1.07393,0.23204,
1787040774833338880,1.57095,61.87784,0.69074,0.36837,-0.27531,-0.34016,0.82025,-1.34835,-0.93879,0.26792,
1787040774933342976,1.44538,61.79077,0.69964,0.36922,-0.29449,-0.34593,0.81073,-1.33110,-0.82494,-0.09090,
1787040775033338112,1.30001,61.69036,0.67969,0.36989,-0.30962,-0.33587,0.80902,-1.36969,-0.85026,-0.28991,
1787040775133338880,1.16401,61.60364,0.65542,0.37352,-0.30192,-0.31927,0.81694,-1.41153,-0.85938,-0.18748,
1787040775200005120,1.07341,61.54772,0.65076,0.37240,-0.29287,-0.31180,0.82360,-1.41177,-0.88157,-0.01124,
1787040775300007168,0.92277,61.44485,0.66350,0.37135,-0.27630,-0.30987,0.83051,-1.40719,-0.93370,0.22127,
1787040775400007936,0.77400,61.33319,0.68943,0.36532,-0.28574,-0.31768,0.82702,-1.37387,-1.06716,0.26983,
1787040775500006912,0.63717,61.21938,0.70121,0.36010,-0.28003,-0.33956,0.82256,-1.28707,-1.05866,-0.02108,
1787040775600007936,0.51162,61.11813,0.68745,0.35730,-0.26241,-0.34511,0.82727,-1.36599,-1.05160,-0.26895,
1787040775700006912,0.36253,60.99344,0.67254,0.34997,-0.25627,-0.33913,0.83477,-1.41883,-1.07914,-0.14887,
1787040775766673152,0.27732,60.93219,0.66779,0.34590,-0.25441,-0.33277,0.83958,-1.42241,-1.03697,0.06325,
1787040775866672128,0.11993,60.82701,0.67518,0.34302,-0.26492,-0.33374,0.83712,-1.46010,-0.93458,0.23402,
1787040775933339136,0.00907,60.75171,0.69456,0.34175,-0.26926,-0.34130,0.83320,-1.52884,-0.86261,0.26691,
1787040776000005888,-0.10472,60.68125,0.70127,0.33397,-0.28744,-0.35099,0.82622,-1.53191,-0.79993,0.06176,
1787040776100006144,-0.24232,60.61545,0.70266,0.32555,-0.30087,-0.34362,0.82790,-1.51681,-0.76728,-0.20102,
1787040776166672896,-0.34520,60.55619,0.68758,0.31966,-0.30494,-0.33856,0.83079,-1.55640,-0.80006,-0.29510,
1787040776266673152,-0.50657,60.47397,0.66193,0.31319,-0.30095,-0.32913,0.83846,-1.63869,-0.83268,-0.12097,
1787040776333338880,-0.61767,60.40709,0.66180,0.30731,-0.29388,-0.32926,0.84308,-1.62861,-0.87257,0.09011,
1787040776400006144,-0.72187,60.34164,0.67271,0.29802,-0.29072,-0.33496,0.84526,-1.56456,-0.92600,0.23914,
1787040776500006912,-0.87504,60.24084,0.69921,0.28910,-0.29379,-0.35213,0.84031,-1.47807,-1.05535,0.26317,
1787040776566673152,-0.97172,60.15675,0.70822,0.28847,-0.29235,-0.37453,0.83129,-1.43951,-1.13100,0.04531,
1787040776633338880,-1.04478,60.09565,0.70190,0.29177,-0.28491,-0.39902,0.82126,-1.42994,-1.13836,-0.14787,
1787040776733339904,-1.19662,59.97208,0.67604,0.29183,-0.27714,-0.42308,0.81181,-1.47695,-1.07553,-0.31314,
1787040776800007168,-1.29302,59.89736,0.66066,0.28636,-0.27878,-0.41628,0.81670,-1.47988,-1.06334,-0.17508,
1787040776866672896,-1.40704,59.80500,0.65001,0.28726,-0.28012,-0.40480,0.82167,-1.50138,-1.08974,0.05956,
1787040776933339136,-1.49245,59.75144,0.67065,0.29414,-0.28291,-0.40402,0.81867,-1.50680,-1.04377,0.23518,
1787040777033344000,-1.63747,59.65619,0.70054,0.30323,-0.28353,-0.41013,0.81207,-1.54730,-0.83364,0.28473,
1787040777100007168,-1.74503,59.60087,0.71537,0.30275,-0.29409,-0.40573,0.81070,-1.55896,-0.71626,0.09894,
1787040777166673920,-1.84871,59.54656,0.71728,0.30430,-0.30527,-0.39323,0.81215,-1.59377,-0.71257,-0.11287,
1787040777266673920,-2.01565,59.46873,0.69472,0.30880,-0.31621,-0.37190,0.81630,-1.62698,-0.76505,-0.28549,
1787040777333338880,-2.12596,59.40305,0.68091,0.31309,-0.31259,-0.36276,0.82016,-1.67961,-0.80720,-0.18784,
1787040777433339136,-2.29981,59.29986,0.67638,0.31026,-0.30004,-0.35526,0.82916,-1.64941,-0.86951,0.08167,
1787040777533338112,-2.46162,59.20837,0.69506,0.30751,-0.29001,-0.35685,0.83306,-1.56351,-0.92985,0.30433,
1787040777600008960,-2.56635,59.12452,0.71270,0.30036,-0.29831,-0.36894,0.82745,-1.52771,-0.99220,0.30850,
1787040777700005888,-2.70703,59.01212,0.72430,0.30694,-0.29629,-0.37944,0.82099,-1.42018,-1.00476,-0.00415,
1787040777800007168,-2.84697,58.89544,0.70384,0.31437,-0.27881,-0.38291,0.82269,-1.50919,-1.01328,-0.27862,
1787040777866672896,-2.95426,58.82267,0.68702,0.31331,-0.27246,-0.37831,0.82733,-1.54895,-1.00933,-0.25572,
1787040777966676992,-3.08713,58.72561,0.67343,0.30888,-0.27130,-0.36540,0.83515,-1.59073,-1.04916,0.05157,
1787040778066673152,-3.25230,58.61409,0.69262,0.30815,-0.27499,-0.37005,0.83216,-1.59940,-0.98235,0.26940,
1787040778166673920,-3.40751,58.51147,0.71900,0.30586,-0.27951,-0.37702,0.82836,-1.64426,-0.77912,0.21814,
1787040778266671872,-3.57193,58.44106,0.72521,0.30360,-0.29714,-0.36637,0.82783,-1.64955,-0.75170,-0.13390,
1787040778333338112,-3.65803,58.39694,0.70672,0.30396,-0.30373,-0.36028,0.82798,-1.66335,-0.80080,-0.28656,
1787040778433339136,-3.81296,58.31503,0.67090,0.30734,-0.30150,-0.35444,0.83007,-1.67696,-0.82205,-0.24011,
1787040778533339136,-3.97995,58.23053,0.66105,0.30492,-0.29146,-0.34900,0.83682,-1.62775,-0.86537,0.05638,
1787040778600007936,-4.08451,58.16535,0.66445,0.30718,-0.28436,-0.34604,0.83966,-1.54563,-0.88744,0.20820,
1787040778700005888,-4.21757,58.07980,0.68847,0.31768,-0.29286,-0.34817,0.83192,-1.44392,-0.96542,0.27912,
1787040778766673920,-4.30893,58.01307,0.70369,0.32907,-0.29071,-0.35252,0.82639,-1.34080,-0.99318,0.09472,
1787040778833338880,-4.40502,57.93090,0.70000,0.34440,-0.27631,-0.35542,0.82384,-1.37970,-1.01978,-0.11760,
1787040778900006144,-4.50227,57.85913,0.68563,0.35278,-0.26773,-0.35837,0.82185,-1.45731,-0.99766,-0.28702,
1787040779000006912,-4.65106,57.74521,0.65848,0.35879,-0.26341,-0.34940,0.82450,-1.49242,-1.05112,-0.19251,
1787040779100007168,-4.80695,57.62968,0.65571,0.35702,-0.25443,-0.33655,0.83339,-1.55162,-1.09374,0.12112,
1787040779200005888,-4.93114,57.54729,0.67833,0.34177,-0.25615,-0.34595,0.83540,-1.57450,-0.90304,0.28427,
1787040779266673920,-5.03001,57.49755,0.69882,0.32829,-0.26448,-0.35062,0.83627,-1.63337,-0.76257,0.21162,
1787040779366672896,-5.18236,57.44043,0.70149,0.31129,-0.29258,-0.34703,0.83491,-1.65453,-0.71521,-0.16219,
1787040779433339136,-5.29328,57.39449,0.68683,0.30557,-0.30354,-0.34160,0.83534,-1.65243,-0.73217,-0.29638,
1787040779500005888,-5.40714,57.34403,0.66942,0.30322,-0.30625,-0.33844,0.83650,-1.65564,-0.75639,-0.32130,
1787040779566673152,-5.52163,57.28849,0.65208,0.29032,-0.29897,-0.33855,0.84363,-1.71042,-0.80569,-0.15627,
1787040779666672896,-5.68517,57.20877,0.65287,0.24897,-0.27820,-0.34736,0.86021,-1.61912,-0.85113,0.14675,
1787040779766671872,-5.86261,57.09931,0.67421,0.20804,-0.26267,-0.36082,0.87036,-1.54989,-0.94751,0.27871,
1787040779866673920,-5.99630,57.01333,0.69530,0.17397,-0.26299,-0.39036,0.86498,-1.42227,-0.91592,0.09558,
1787040779966672896,-6.13669,56.92334,0.69148,0.15856,-0.25382,-0.39732,0.86751,-1.46658,-0.88971,-0.18835,
1787040780066672128,-6.27829,56.83957,0.66749,0.14428,-0.24927,-0.39946,0.87033,-1.53264,-0.90145,-0.25516,
1787040780133341184,-6.38860,56.76269,0.64289,0.13887,-0.25191,-0.40331,0.86868,-1.56876,-0.98695,-0.11970,
1787040780200005888,-6.50026,56.68876,0.64575,0.14830,-0.25312,-0.41037,0.86344,-1.56489,-0.98906,0.15462,
1787040780266678016,-6.58585,56.64692,0.65951,0.17000,-0.26190,-0.42235,0.85095,-1.48755,-0.80089,0.22734,
1787040780333339904,-6.69739,56.58585,0.67917,0.18923,-0.25928,-0.42642,0.84565,-1.52640,-0.76256,0.29437,
1787040780400006912,-6.80382,56.52887,0.69429,0.17997,-0.25516,-0.43114,0.84654,-1.49344,-0.73197,0.13962,
1787040780466676992,-6.88838,56.49667,0.70007,0.15728,-0.23897,-0.43140,0.85560,-1.48209,-0.73620,-0.07310,
1787040780533339904,-6.99182,56.43600,0.68712,0.12839,-0.21551,-0.43336,0.86561,-1.50117,-0.72833,-0.22733,
1787040780600006144,-7.08914,56.38870,0.67015,0.10914,-0.19403,-0.42659,0.87662,-1.51925,-0.66167,-0.29190,
1787040780666671872,-7.19434,56.33995,0.65343,0.10726,-0.17564,-0.41364,0.88687,-1.57815,-0.65530,-0.14242,
1787040780733339136,-7.29418,56.29931,0.65037,0.10885,-0.16150,-0.40995,0.89107,-1.52680,-0.63309,0.06070,
1787040780800007168,-7.39564,56.25621,0.65910,0.10990,-0.14834,-0.40398,0.89594,-1.49958,-0.62294,0.19883,
1787040780900008960,-7.53755,56.19099,0.68603,0.10468,-0.14324,-0.40292,0.89787,-1.43682,-0.71333,0.29878,
1787040781000005888,-7.68217,56.12765,0.70386,0.11297,-0.14970,-0.40736,0.89380,-1.39471,-0.64041,0.01019,
1787040781100006144,-7.83282,56.05007,0.69070,0.15663,-0.14812,-0.40388,0.88905,-1.47548,-0.66792,-0.24504,
1787040781166671872,-7.92967,56.01124,0.67269,0.20313,-0.15421,-0.39297,0.88348,-1.54926,-0.67006,-0.26687,
1787040781266673152,-8.06997,55.95482,0.65795,0.26248,-0.18765,-0.37565,0.86878,-1.59061,-0.68900,0.00660,
1787040781366673920,-8.21526,55.89515,0.67347,0.29393,-0.21776,-0.36417,0.85649,-1.57396,-0.61772,0.23241,
1787040781466674944,-8.38322,55.82573,0.70016,0.31581,-0.24327,-0.36720,0.84039,-1.57309,-0.48578,0.20800,
1787040781533339904,-8.51199,55.77311,0.70771,0.33245,-0.27137,-0.35826,0.82915,-1.57605,-0.48003,-0.01696,
1787040781600007936,-8.61898,55.74096,0.70851,0.35212,-0.29046,-0.34798,0.81887,-1.56959,-0.52514,-0.17046,
1787040781700009216,-8.79710,55.66345,0.68147,0.37897,-0.29807,-0.33646,0.80891,-1.59888,-0.57455,-0.27758,
1787040781766673152,-8.89814,55.63682,0.67881,0.39399,-0.29216,-0.32608,0.80813,-1.64491,-0.55569,-0.11477,
1787040781833338112,-8.99728,55.60641,0.68027,0.40245,-0.28466,-0.32054,0.80886,-1.61946,-0.54881,0.06904,
1787040781900006912,-9.11174,55.56394,0.69180,0.40670,-0.27810,-0.31524,0.81110,-1.55173,-0.57936,0.23018,
1787040781966672896,-9.22256,55.51528,0.71569,0.40713,-0.27344,-0.31268,0.81345,-1.56519,-0.67212,0.39009,
1787040782033338112,-9.32289,55.46832,0.73271,0.39930,-0.27930,-0.32471,0.81063,-1.50532,-0.69852,0.26032,
1787040782100007936,-9.42393,55.41741,0.74420,0.39727,-0.27672,-0.32981,0.81045,-1.43418,-0.69807,0.00698,
1787040782166673920,-9.50010,55.37851,0.74314,0.40081,-0.26013,-0.32741,0.81516,-1.45173,-0.71293,-0.17540,
1787040782233339136,-9.60015,55.33039,0.72705,0.40430,-0.25124,-0.32632,0.81666,-1.52487,-0.72599,-0.25154,
1787040782300007936,-9.70210,55.28165,0.71787,0.40989,-0.25280,-0.32104,0.81548,-1.56419,-0.73301,-0.12578,
1787040782366675968,-9.80943,55.23084,0.71551,0.41960,-0.25934,-0.31462,0.81098,-1.57682,-0.72956,0.09480,
1787040782433339136,-9.91866,55.17903,0.73114,0.42924,-0.26949,-0.31599,0.80205,-1.62645,-0.70812,0.26457,
1787040782500005888,-10.00970,55.14187,0.73304,0.43388,-0.28194,-0.33562,0.78715,-1.63348,-0.61841,0.32525,
1787040782566672128,-10.14279,55.09239,0.75169,0.43004,-0.30884,-0.36413,0.76622,-1.71050,-0.51716,0.19738,
1787040782633338880,-10.25975,55.04159,0.75333,0.42488,-0.34127,-0.37947,0.74767,-1.62394,-0.47042,-0.04042,
1787040782700005120,-10.36964,55.00110,0.74723,0.42778,-0.35680,-0.37127,0.74287,-1.56797,-0.47208,-0.18300,
1787040782766673152,-10.47197,54.97018,0.73559,0.43404,-0.35653,-0.35608,0.74680,-1.49650,-0.47099,-0.23034,
1787040782866672896,-10.64253,54.89386,0.71709,0.45186,-0.33684,-0.33100,0.75684,-1.59598,-0.53640,-0.06486,
1787040782933339136,-10.73285,54.85964,0.71629,0.46053,-0.31697,-0.32365,0.76334,-1.53456,-0.55709,0.10835,
1787040783000008192,-10.85156,54.80405,0.72679,0.46221,-0.30128,-0.32636,0.76752,-1.52172,-0.60615,0.27064,
1787040783066672128,-10.94882,54.76092,0.74645,0.46326,-0.29677,-0.32748,0.76817,-1.54278,-0.64459,0.35926,
1787040783133338880,-11.05016,54.71221,0.76519,0.45796,-0.30385,-0.34087,0.76273,-1.45817,-0.67177,0.23183,
1787040783233339904,-11.18931,54.64480,0.77251,0.46295,-0.29242,-0.33949,0.76479,-1.40324,-0.69055,-0.08901,
1787040783300007168,-11.27777,54.59791,0.75665,0.46845,-0.28256,-0.33950,0.76515,-1.46797,-0.70087,-0.24027,
1787040783400006144,-11.42692,54.53145,0.73034,0.48743,-0.28762,-0.33352,0.75396,-1.55498,-0.69867,-0.14649,
1787040783500006912,-11.59571,54.45019,0.72437,0.50849,-0.30670,-0.32325,0.73680,-1.53942,-0.61086,0.19859,
1787040783566673920,-11.68057,54.41643,0.73461,0.51922,-0.32014,-0.32217,0.72397,-1.45050,-0.50634,0.26216,
1787040783633339904,-11.77934,54.37956,0.74897,0.52911,-0.32998,-0.32327,0.71180,-1.45680,-0.39459,0.24827,
1787040783700009216,-11.87896,54.34738,0.75705,0.53349,-0.34757,-0.31942,0.70182,-1.40837,-0.35719,0.06761,
1787040783800007936,-12.03182,54.29779,0.74899,0.54137,-0.35703,-0.30430,0.69774,-1.44739,-0.38704,-0.20868,
1787040783866672896,-12.13050,54.26499,0.73135,0.54642,-0.35712,-0.29392,0.69821,-1.46721,-0.40967,-0.29443,
1787040783966674176,-12.29994,54.20554,0.70616,0.55281,-0.34908,-0.28364,0.70149,-1.59316,-0.43408,-0.13717,
1787040784033339136,-12.41671,54.16189,0.70013,0.55193,-0.34389,-0.28647,0.70360,-1.61980,-0.47401,0.02040,
1787040784133338880,-12.57363,54.10599,0.71381,0.54145,-0.33893,-0.29593,0.71019,-1.51954,-0.52648,0.23266,
1787040784200005120,-12.67852,54.06758,0.73037,0.53388,-0.34176,-0.30503,0.71073,-1.51658,-0.56203,0.23091,
1787040784300007168,-12.83532,53.99719,0.74308,0.52646,-0.34475,-0.31277,0.71145,-1.43478,-0.59098,-0.05576,
1787040784366672896,-12.91462,53.96299,0.73699,0.52705,-0.33739,-0.30925,0.71607,-1.46326,-0.61137,-0.21851,
1787040784466672896,-13.06865,53.89492,0.71020,0.52569,-0.33016,-0.31233,0.71910,-1.50877,-0.64449,-0.24142,
1787040784533339904,-13.16145,53.85143,0.70203,0.52304,-0.33090,-0.31245,0.72063,-1.51156,-0.62141,-0.09218,
1787040784600006144,-13.26339,53.81357,0.70192,0.52304,-0.33202,-0.30648,0.72268,-1.50380,-0.55360,0.09746,
1787040784666671872,-13.36523,53.77199,0.71254,0.52326,-0.34036,-0.30426,0.71957,-1.46363,-0.46578,0.15197,
1787040784766673920,-13.51853,53.72891,0.73381,0.52515,-0.35185,-0.30877,0.71069,-1.54603,-0.36581,0.20718,
1787040784833340928,-13.61468,53.70042,0.74290,0.51867,-0.36622,-0.31901,0.70363,-1.50412,-0.34457,-0.02481,
1787040784900005120,-13.71211,53.67232,0.73894,0.50883,-0.37189,-0.31634,0.70903,-1.48641,-0.33733,-0.22524,
1787040785000008192,-13.87267,53.62452,0.71640,0.49726,-0.36585,-0.30651,0.72452,-1.53232,-0.36093,-0.29516,
1787040785066672128,-13.98710,53.59472,0.69889,0.49006,-0.35821,-0.30049,0.73569,-1.60443,-0.36862,-0.14531,
1787040785166671872,-14.13964,53.55558,0.70427,0.47859,-0.34104,-0.30543,0.74924,-1.54908,-0.40254,0.10933,
1787040785266676992,-14.29101,53.51698,0.73056,0.46443,-0.32901,-0.29992,0.76558,-1.53522,-0.46812,0.30821,
1787040785366672896,-14.45339,53.46337,0.75793,0.44567,-0.34282,-0.31839,0.76320,-1.44295,-0.56577,0.12722,
1787040785466672896,-14.60025,53.40578,0.75583,0.44671,-0.32000,-0.32699,0.76885,-1.44517,-0.59434,-0.16622,
1787040785566672128,-14.76426,53.34286,0.73153,0.43952,-0.30952,-0.32889,0.77644,-1.50198,-0.57296,-0.23826,
1787040785633339904,-14.88494,53.29397,0.72025,0.43261,-0.30673,-0.32559,0.78279,-1.53516,-0.60863,-0.06444,
1787040785700009216,-14.98501,53.25366,0.72406,0.43135,-0.30391,-0.31759,0.78785,-1.50185,-0.57397,0.17537,
1787040785800007168,-15.13671,53.19858,0.74763,0.43924,-0.30319,-0.31634,0.78427,-1.45193,-0.48488,0.29629,
1787040785900006144,-15.28233,53.15519,0.77240,0.44551,-0.31209,-0.31800,0.77653,-1.46704,-0.33879,0.15012,
1787040785966671872,-15.38193,53.13369,0.77517,0.44967,-0.32136,-0.31087,0.77323,-1.45173,-0.32478,-0.07120,
1787040786066676992,-15.52842,53.09242,0.75435,0.45690,-0.32340,-0.29427,0.77463,-1.50979,-0.37691,-0.26184,
1787040786166672896,-15.71569,53.02270,0.72839,0.46430,-0.31551,-0.28254,0.77785,-1.62075,-0.42390,-0.14205,
1787040786233339136,-15.80763,52.99522,0.72174,0.46425,-0.30993,-0.28571,0.77896,-1.59674,-0.46027,0.04498,
1787040786333338880,-15.98827,52.92857,0.73361,0.45312,-0.29761,-0.29044,0.78852,-1.58224,-0.52635,0.24564,
1787040786433339136,-16.15289,52.86558,0.75706,0.43179,-0.30722,-0.30887,0.78979,-1.54420,-0.64147,0.20566,
1787040786533339136,-16.29483,52.79620,0.75974,0.41982,-0.29838,-0.32517,0.79308,-1.45434,-0.65776,-0.08706,
1787040786633338880,-16.42663,52.73563,0.73726,0.40858,-0.28209,-0.33227,0.80192,-1.50643,-0.64962,-0.27886,
1787040786700005120,-16.54439,52.67957,0.71598,0.39968,-0.27854,-0.33110,0.80811,-1.56136,-0.67179,-0.18989,
1787040786800007168,-16.70766,52.60831,0.70508,0.39066,-0.28141,-0.32783,0.81284,-1.57224,-0.64848,0.10098,
1787040786866672128,-16.81311,52.56884,0.71682,0.38647,-0.29065,-0.33323,0.80939,-1.53608,-0.57118,0.18085,
1787040786966674176,-16.97370,52.51449,0.73802,0.38093,-0.29985,-0.34223,0.80490,-1.55552,-0.43362,0.17842,
1787040787033338112,-17.07896,52.48324,0.74051,0.37364,-0.31741,-0.34409,0.80078,-1.52923,-0.42008,-0.03238,
1787040787133338880,-17.22309,52.44300,0.72569,0.36867,-0.33063,-0.33834,0.80018,-1.51410,-0.43987,-0.24180,
1787040787233338112,-17.38160,52.39378,0.69914,0.37646,-0.32789,-0.32933,0.80144,-1.52100,-0.41808,-0.20695,
1787040787300007168,-17.47644,52.36842,0.68916,0.38704,-0.32714,-0.32897,0.79684,-1.50806,-0.42166,-0.08513,
1787040787366672896,-17.57994,52.33763,0.69187,0.40547,-0.31924,-0.32300,0.79332,-1.46871,-0.41578,0.09417,
1787040787433339136,-17.67318,52.31148,0.70435,0.42204,-0.31548,-0.31548,0.78919,-1.42044,-0.47280,0.22227,
1787040787533339136,-17.80572,52.26380,0.72839,0.43898,-0.32168,-0.31339,0.77821,-1.40969,-0.58701,0.20622,
1787040787600007936,-17.91039,52.21614,0.73464,0.44976,-0.32510,-0.31933,0.76815,-1.35166,-0.63163,0.00696,
1787040787666671872,-18.00561,52.17121,0.72869,0.46224,-0.31524,-0.31933,0.76484,-1.37084,-0.66907,-0.15808,
1787040787733338112,-18.09026,52.13111,0.71386,0.46968,-0.30783,-0.31929,0.76335,-1.36881,-0.68132,-0.27570,
1787040787800005888,-18.18568,52.08291,0.69586,0.47411,-0.30268,-0.31543,0.76427,-1.39678,-0.71936,-0.21870,
1787040787866672128,-18.29217,52.02751,0.68492,0.47676,-0.30052,-0.31278,0.76457,-1.38616,-0.72487,-0.06771,
1787040787933339136,-18.38822,51.97927,0.69030,0.48314,-0.29556,-0.30309,0.76639,-1.42087,-0.70471,0.17973,
1787040788000008192,-18.48291,51.93337,0.70274,0.48795,-0.29557,-0.30650,0.76198,-1.38752,-0.62844,0.23890,
1787040788066673152,-18.57232,51.89848,0.71691,0.49518,-0.29477,-0.31192,0.75539,-1.41604,-0.49092,0.22846,
1787040788133338880,-18.66718,51.87001,0.72771,0.50072,-0.30816,-0.31030,0.74702,-1.38373,-0.40650,0.05743,
1787040788200005120,-18.75666,51.84596,0.72323,0.50674,-0.31742,-0.30570,0.74095,-1.39946,-0.37446,-0.12809,
1787040788300004864,-18.92201,51.79566,0.69906,0.50940,-0.32745,-0.29854,0.73767,-1.46777,-0.37236,-0.29478,
1787040788366672896,-19.03224,51.76305,0.67745,0.51273,-0.32671,-0.29226,0.73821,-1.53661,-0.36064,-0.23291,
1787040788433340160,-19.14329,51.73388,0.66514,0.50770,-0.32590,-0.29409,0.74131,-1.57405,-0.35830,-0.10614,
1787040788533339136,-19.30573,51.69312,0.67085,0.49058,-0.31513,-0.29765,0.75592,-1.54129,-0.38872,0.16329,
1787040788600006144,-19.40982,51.66212,0.68594,0.47940,-0.31545,-0.29895,0.76242,-1.53756,-0.45643,0.25025,
1787040788666671872,-19.51970,51.61984,0.70813,0.46383,-0.32212,-0.31303,0.76361,-1.49546,-0.53067,0.17913,
1787040788733339136,-19.61457,51.58551,0.71366,0.45114,-0.32096,-0.32465,0.76685,-1.44851,-0.54557,-0.02529,
1787040788833338112,-19.75244,51.53757,0.70673,0.43994,-0.31177,-0.33876,0.77104,-1.52525,-0.56262,-0.24337,
1787040788900006912,-19.85270,51.50348,0.69551,0.43078,-0.31027,-0.34352,0.77470,-1.52610,-0.54643,-0.27033,
1787040788966672896,-19.95048,51.47239,0.68564,0.41380,-0.30717,-0.34557,0.78422,-1.54369,-0.54582,-0.11984,
1787040789066672128,-20.12177,51.41246,0.68907,0.39121,-0.30147,-0.34238,0.79928,-1.57553,-0.50016,0.19210,
1787040789133339904,-20.22737,51.38193,0.70299,0.37888,-0.30203,-0.34708,0.80297,-1.53728,-0.40936,0.25151,
1787040789200009984,-20.32548,51.36324,0.71983,0.37339,-0.30731,-0.35533,0.79993,-1.59095,-0.28201,0.22878,
1787040789266673152,-20.42826,51.34962,0.72836,0.36738,-0.32805,-0.35817,0.79318,-1.54143,-0.20911,0.02890,
1787040789333339904,-20.53219,51.33603,0.72351,0.36700,-0.34183,-0.35356,0.78959,-1.52450,-0.18679,-0.15050,
1787040789400005120,-20.63877,51.31855,0.70864,0.36941,-0.35152,-0.34852,0.78645,-1.57150,-0.19569,-0.26796,
1787040789500005120,-20.81172,51.29238,0.67836,0.38200,-0.37380,-0.35065,0.76902,-1.68334,-0.17257,-0.21995,
1787040789566670848,-20.91939,51.28019,0.67036,0.39267,-0.38108,-0.35299,0.75894,-1.65945,-0.18616,0.02123,
1787040789666672896,-21.09906,51.24997,0.68531,0.40725,-0.38546,-0.36336,0.74400,-1.59968,-0.23133,0.24798,
1787040789766673152,-21.24497,51.22039,0.71198,0.41985,-0.39597,-0.36708,0.72951,-1.51452,-0.39373,0.26935,
1787040789833338112,-21.34361,51.18996,0.72556,0.42895,-0.39176,-0.37771,0.72101,-1.42511,-0.41295,0.10994,
1787040789933339136,-21.48802,51.14468,0.72366,0.44071,-0.37450,-0.38094,0.72140,-1.45171,-0.43149,-0.15385,
1787040790033339904,-21.63945,51.10224,0.70220,0.44792,-0.36144,-0.37003,0.72926,-1.50055,-0.41383,-0.26070,
1787040790100011008,-21.75525,51.06710,0.69164,0.45085,-0.35792,-0.36294,0.73274,-1.56488,-0.44713,-0.10769,
1787040790200006912,-21.90944,51.02500,0.69628,0.45910,-0.35552,-0.34702,0.73649,-1.59948,-0.37668,0.16983,
1787040790266673152,-22.01487,51.00152,0.71045,0.46442,-0.35413,-0.33757,0.73821,-1.56884,-0.30064,0.24717,
1787040790333338880,-22.12054,50.98193,0.72592,0.46153,-0.36499,-0.34171,0.73281,-1.60380,-0.18621,0.22630,
1787040790433340160,-22.26787,50.96907,0.73802,0.45569,-0.38432,-0.33151,0.73126,-1.46541,-0.12493,-0.01420,
1787040790500005888,-22.37293,50.95734,0.73085,0.45444,-0.38577,-0.31863,0.73698,-1.49563,-0.14587,-0.18448,
1787040790600006144,-22.50587,50.95090,0.70851,0.46251,-0.37822,-0.30041,0.74350,-1.52942,-0.13807,-0.20015,
1787040790666673920,-22.61946,50.94060,0.69982,0.46809,-0.37188,-0.29201,0.74655,-1.60761,-0.14009,-0.04512,
1787040790766673920,-22.76460,50.93292,0.70631,0.47306,-0.35371,-0.28902,0.75337,-1.52788,-0.18831,0.17602,
1787040790833338880,-22.86272,50.92137,0.72411,0.47774,-0.33642,-0.28871,0.75844,-1.58707,-0.24006,0.32760,
1787040790933337856,-23.03730,50.89096,0.75514,0.46209,-0.35061,-0.30761,0.75427,-1.50199,-0.26201,0.20410,
1787040791000006912,-23.14944,50.86737,0.76263,0.46321,-0.34540,-0.30621,0.75655,-1.49802,-0.31059,-0.01061,
1787040791066673920,-23.25074,50.84541,0.75789,0.46702,-0.33374,-0.30900,0.75830,-1.56196,-0.33930,-0.20828,
1787040791133339904,-23.35916,50.82182,0.74009,0.46706,-0.32536,-0.30925,0.76181,-1.60360,-0.33469,-0.27997,
1787040791233339136,-23.54859,50.77395,0.72117,0.46019,-0.32093,-0.30507,0.76952,-1.69740,-0.35006,-0.10323,
1787040791300007936,-23.66147,50.75319,0.72127,0.45712,-0.32616,-0.30110,0.77071,-1.66334,-0.30036,0.07292,
1787040791366672128,-23.76270,50.73127,0.73246,0.45471,-0.32590,-0.29588,0.77426,-1.60244,-0.29974,0.22213,
1787040791433337856,-23.87522,50.70846,0.74664,0.44847,-0.32188,-0.30997,0.77407,-1.67953,-0.27802,0.25905,
1787040791500006912,-23.98971,50.69214,0.75700,0.43406,-0.33681,-0.32778,0.76858,-1.69112,-0.22209,0.04081,
1787040791600006144,-24.16136,50.65376,0.74591,0.42151,-0.34642,-0.32360,0.77305,-1.63657,-0.27072,-0.22672,
1787040791666672896,-24.25928,50.63387,0.72688,0.41612,-0.34179,-0.31796,0.78033,-1.64239,-0.30455,-0.28506,
1787040791733339136,-24.36804,50.61410,0.70997,0.40919,-0.32959,-0.31425,0.79069,-1.71056,-0.31549,-0.19875,
1787040791833338112,-24.51516,50.58073,0.70154,0.38377,-0.31096,-0.32050,0.80827,-1.65748,-0.40619,0.09879,
1787040791900006144,-24.61306,50.55153,0.71216,0.36375,-0.30111,-0.32654,0.81877,-1.65841,-0.47571,0.30768,
1787040791966674176,-24.71728,50.52100,0.73216,0.33581,-0.30930,-0.34180,0.82142,-1.61362,-0.57093,0.32324,
1787040792066673152,-24.88251,50.45089,0.74283,0.30981,-0.30542,-0.36383,0.82363,-1.45734,-0.63819,-0.03469,
1787040792133338880,-24.98518,50.40817,0.73491,0.30236,-0.28643,-0.37760,0.82702,-1.51474,-0.64403,-0.23955,
1787040792200007936,-25.11173,50.35583,0.71238,0.29300,-0.28109,-0.38490,0.82885,-1.53908,-0.60838,-0.32689,
1787040792266673152,-25.20672,50.32231,0.69743,0.28865,-0.27913,-0.38265,0.83207,-1.55552,-0.62980,-0.15529,
1787040792333338880,-25.33472,50.26676,0.69290,0.28677,-0.27915,-0.38049,0.83371,-1.54912,-0.60635,0.08520,
1787040792433340160,-25.49048,50.20416,0.71347,0.28761,-0.28141,-0.37944,0.83313,-1.49777,-0.53724,0.25888,
1787040792500006912,-25.59534,50.16742,0.73008,0.28074,-0.28269,-0.38967,0.83032,-1.53737,-0.46305,0.22710,
1787040792566673152,-25.69466,50.14043,0.74160,0.26987,-0.29388,-0.39036,0.82971,-1.46767,-0.38815,0.07308,
1787040792633338880,-25.76643,50.12005,0.73812,0.26447,-0.29483,-0.38233,0.83484,-1.43273,-0.39095,-0.10584,
1787040792700006912,-25.87346,50.08185,0.68681,0.25103,-0.29083,-0.37557,0.84342,-1.46967,-0.44102,-0.29247,
1787040792766673152,-25.96310,50.05393,0.71074,0.23741,-0.28026,-0.36809,0.85417,-1.48724,-0.44389,-0.24567,
1787040792866672896,-26.09406,50.00813,0.69723,0.21752,-0.26538,-0.36685,0.86469,-1.51447,-0.47622,-0.05364,
1787040792966676992,-26.24895,49.94255,0.70619,0.19436,-0.24632,-0.37064,0.87417,-1.45700,-0.56828,0.21692,
1787040793033339136,-26.34499,49.89138,0.72354,0.17268,-0.24374,-0.37608,0.87712,-1.46336,-0.66876,0.29410,
1787040793100006144,-26.43310,49.84299,0.73965,0.15401,-0.25297,-0.39101,0.87144,-1.34082,-0.70704,0.17684,
1787040793166672896,-26.51464,49.79322,0.74507,0.15169,-0.24158,-0.39471,0.87340,-1.23467,-0.69951,-0.01292,
1787040793233339904,-26.57559,49.78048,0.80000,0.15570,-0.22106,-0.39897,0.87619,-1.28343,-0.68662,-0.12346,
1787040793333340928,-26.69201,49.72460,0.78100,0.17226,-0.20955,-0.39532,0.87757,-1.35404,-0.67993,-0.15407,
1787040793400007936,-26.80212,49.66665,0.77150,0.19057,-0.21796,-0.39391,0.87236,-1.40698,-0.70212,-0.02958,
1787040793500005888,-26.93283,49.59751,0.73667,0.24013,-0.23712,-0.38606,0.85853,-1.40648,-0.62985,0.15555,
1787040793566672128,-26.99706,49.57600,0.72809,0.27334,-0.25114,-0.38724,0.84396,-1.35213,-0.52546,0.25192,
1787040793666673920,-27.15761,49.50875,0.74893,0.31683,-0.28172,-0.38853,0.81810,-1.30611,-0.42044,0.06261,
1787040793733339136,-27.22789,49.48808,0.74859,0.34490,-0.29291,-0.37711,0.80811,-1.26605,-0.40268,-0.15234,
1787040793833338880,-27.36115,49.43966,0.72768,0.37703,-0.30098,-0.35952,0.79875,-1.30237,-0.43588,-0.30848,
1787040793933339136,-27.49918,49.39246,0.70750,0.40195,-0.29680,-0.33974,0.79682,-1.37156,-0.44974,-0.12612,
1787040794000006912,-27.58661,49.36557,0.70718,0.41493,-0.29066,-0.33366,0.79500,-1.33856,-0.45135,0.07852,
1787040794066672128,-27.68588,49.33044,0.71969,0.42449,-0.29155,-0.32537,0.79306,-1.30971,-0.47679,0.23469,
1787040794133338880,-27.77214,49.29831,0.73876,0.42977,-0.29972,-0.32114,0.78888,-1.29254,-0.56414,0.29653,
1787040794200005888,-27.86824,49.25130,0.75322,0.43414,-0.30312,-0.32694,0.78279,-1.21100,-0.61284,0.15876,
1787040794266671872,-27.94807,49.21035,0.75571,0.44747,-0.29246,-0.32360,0.78071,-1.20111,-0.63089,-0.05608,
1787040794333338112,-28.02829,49.16960,0.74695,0.46154,-0.28191,-0.32291,0.77668,-1.27848,-0.63525,-0.22816,
1787040794400006144,-28.12234,49.12474,0.72689,0.47112,-0.27889,-0.32291,0.77201,-1.34819,-0.63544,-0.29870,
1787040794500005120,-28.27779,49.05148,0.70466,0.47716,-0.28490,-0.31942,0.76755,-1.43393,-0.62314,-0.12481,
1787040794566672128,-28.37290,49.00803,0.70387,0.48300,-0.29164,-0.31140,0.76465,-1.44698,-0.56163,0.10307,
1787040794633338880,-28.45713,48.97826,0.71390,0.48779,-0.30437,-0.30967,0.75731,-1.39470,-0.46595,0.21588,
1787040794700007936,-28.54434,48.95407,0.73129,0.49794,-0.31095,-0.31192,0.74705,-1.40561,-0.34976,0.24993,
1787040794766671872,-28.62840,48.94035,0.73974,0.50807,-0.32453,-0.31022,0.73506,-1.38277,-0.25245,0.01651,
1787040794833338880,-28.72246,48.92603,0.73465,0.51679,-0.33766,-0.30077,0.72695,-1.39230,-0.22391,-0.19598,
1787040794933339136,-28.86532,48.90536,0.70751,0.52825,-0.34574,-0.28924,0.71955,-1.44290,-0.21912,-0.34454,
1787040795000005888,-28.95818,48.89524,0.69087,0.53599,-0.34192,-0.27917,0.71963,-1.47431,-0.20324,-0.21263,
1787040795066673152,-29.06593,48.87863,0.68344,0.54324,-0.33370,-0.27461,0.71981,-1.48973,-0.20731,-0.01869,
1787040795133337856,-29.16758,48.86633,0.69172,0.54682,-0.32824,-0.27559,0.71923,-1.44826,-0.21968,0.20153,
1787040795200006912,-29.26198,48.85029,0.70900,0.55094,-0.32908,-0.27025,0.71772,-1.40811,-0.27889,0.32478,
1787040795266671872,-29.34969,48.83501,0.73095,0.54871,-0.33534,-0.28004,0.71277,-1.31496,-0.35125,0.25888,
1787040795333338112,-29.43208,48.81511,0.74173,0.55415,-0.32730,-0.28352,0.71092,-1.27033,-0.33333,0.02693,
1787040795400006144,-29.52381,48.79702,0.73790,0.55886,-0.31824,-0.28378,0.71124,-1.35092,-0.31645,-0.16657,
1787040795500005888,-29.66366,48.76632,0.71304,0.56234,-0.31139,-0.28342,0.71168,-1.40571,-0.29233,-0.29245,
1787040795566673920,-29.76512,48.75036,0.70037,0.56340,-0.31020,-0.27957,0.71288,-1.46258,-0.28901,-0.12377,
1787040795633338880,-29.85932,48.73323,0.69881,0.56610,-0.30881,-0.27347,0.71371,-1.43146,-0.25044,0.10816,
1787040795700007936,-29.95400,48.72150,0.70974,0.56823,-0.31795,-0.27300,0.70816,-1.38631,-0.14674,0.21242,
1787040795766673152,-30.06304,48.71393,0.72940,0.57219,-0.31947,-0.27209,0.70463,-1.37188,-0.06339,0.31424,
1787040795833338880,-30.15545,48.71580,0.74592,0.57308,-0.32916,-0.27121,0.69977,-1.33126,0.01807,0.14104,
1787040795933340160,-30.28821,48.71789,0.74268,0.57434,-0.34072,-0.25570,0.69904,-1.32681,0.03072,-0.18789,
1787040796033339136,-30.42535,48.72149,0.71614,0.57844,-0.33852,-0.24375,0.70100,-1.37719,0.00695,-0.30446,
1787040796133339904,-30.57436,48.72402,0.69709,0.58176,-0.32845,-0.23119,0.70727,-1.44125,0.02672,-0.08240,
1787040796233338112,-30.73111,48.72362,0.70337,0.58002,-0.31813,-0.22822,0.71435,-1.44906,-0.03054,0.18335,
1787040796333338880,-30.89727,48.70923,0.72515,0.56913,-0.32710,-0.23290,0.71754,-1.52039,-0.16804,0.29574,
1787040796433340160,-31.07005,48.67846,0.73290,0.55879,-0.34491,-0.26150,0.70740,-1.48445,-0.26699,-0.05347,
1787040796500005888,-31.17945,48.65547,0.72143,0.56069,-0.33515,-0.27363,0.70600,-1.50554,-0.27807,-0.23416,
1787040796600007168,-31.34379,48.62792,0.69437,0.55569,-0.32817,-0.28400,0.70913,-1.55831,-0.25573,-0.27088,
1787040796666671872,-31.46252,48.60412,0.67868,0.54974,-0.32823,-0.28798,0.71212,-1.59859,-0.26143,-0.11545,
1787040796766673920,-31.62825,48.57980,0.68706,0.54634,-0.33135,-0.28933,0.71275,-1.54796,-0.14689,0.19237,
1787040796833338112,-31.73151,48.57289,0.70447,0.54498,-0.33511,-0.29388,0.71016,-1.49345,-0.04788,0.29505,
1787040796933339136,-31.89491,48.56906,0.73101,0.53951,-0.35361,-0.29632,0.70434,-1.43588,0.10288,0.07080,
1787040797033339136,-32.03810,48.57983,0.72463,0.54215,-0.36647,-0.28266,0.70133,-1.42766,0.12847,-0.21956,
1787040797100006144,-32.14119,48.58677,0.71044,0.54697,-0.36840,-0.27127,0.70109,-1.44520,0.13606,-0.30497,
1787040797200005120,-32.30357,48.59611,0.69243,0.55238,-0.36287,-0.25774,0.70482,-1.55875,0.15670,-0.09281,
1787040797266671872,-32.40984,48.60385,0.69490,0.55128,-0.35631,-0.25754,0.70909,-1.57031,0.11940,0.11360,
1787040797366672896,-32.56226,48.61021,0.71597,0.54573,-0.35698,-0.26209,0.71137,-1.51541,0.02527,0.31711,
1787040797433339136,-32.67552,48.60151,0.73728,0.53794,-0.36808,-0.27256,0.70770,-1.48872,-0.06529,0.25373,
1787040797500006912,-32.77591,48.58883,0.74798,0.53721,-0.36815,-0.27984,0.70538,-1.42922,-0.11497,0.02895,
1787040797566672128,-32.88135,48.57442,0.74547,0.54093,-0.35504,-0.28370,0.70771,-1.47312,-0.13581,-0.14416,
1787040797633338880,-32.98208,48.56636,0.73184,0.54109,-0.34626,-0.28935,0.70965,-1.52222,-0.11726,-0.26389,
1787040797700005888,-33.08414,48.56022,0.71643,0.53963,-0.34187,-0.28721,0.71375,-1.56934,-0.09688,-0.18477,
1787040797766671872,-33.16552,48.55951,0.71425,0.53897,-0.34575,-0.28526,0.71316,-1.53197,-0.07469,0.02076,
1787040797833338880,-33.26777,48.55693,0.72288,0.54139,-0.34823,-0.28383,0.71068,-1.52564,-0.02529,0.23722,
1787040797900006144,-33.36474,48.55684,0.74192,0.54228,-0.35316,-0.29136,0.70450,-1.44052,0.04332,0.32462,
1787040797966672896,-33.46086,48.56329,0.76061,0.54013,-0.36226,-0.30036,0.69772,-1.41353,0.15428,0.21333,
1787040798033338112,-33.56198,48.57594,0.77125,0.53686,-0.37203,-0.29866,0.69583,-1.39407,0.20454,-0.02461,
1787040798100006144,-33.65216,48.59273,0.76657,0.53383,-0.37924,-0.29127,0.69740,-1.42421,0.20736,-0.19699,
1787040798166672896,-33.75153,48.60565,0.75093,0.53193,-0.38322,-0.28846,0.69784,-1.44639,0.21149,-0.28247,
1787040798233339136,-33.86009,48.61870,0.73891,0.53220,-0.38127,-0.28315,0.70087,-1.48263,0.22105,-0.15796,
1787040798300007168,-33.96016,48.63247,0.73338,0.53097,-0.38051,-0.28312,0.70223,-1.49445,0.20472,0.03104,
1787040798366672896,-34.06017,48.64208,0.74289,0.52890,-0.37678,-0.28877,0.70350,-1.44702,0.13767,0.23552,
1787040798433339136,-34.15833,48.64860,0.76372,0.52734,-0.37490,-0.28581,0.70688,-1.46194,0.08098,0.35436,
1787040798500005888,-34.25749,48.64823,0.78569,0.51585,-0.38519,-0.29457,0.70623,-1.43759,-0.03382,0.27960,
1787040798566673920,-34.36394,48.63957,0.80397,0.51322,-0.37999,-0.30449,0.70675,-1.37052,-0.09151,0.07368,
1787040798633338880,-34.46086,48.62898,0.80520,0.51583,-0.36176,-0.31590,0.70940,-1.44820,-0.10661,-0.10701,
1787040798700005888,-34.56733,48.62298,0.79276,0.51447,-0.35595,-0.32498,0.70923,-1.48261,-0.03705,-0.22915,
1787040798766673152,-34.68435,48.61561,0.77936,0.51713,-0.35653,-0.32088,0.70887,-1.53483,-0.03609,-0.15967,
1787040798866672128,-34.84567,48.61220,0.77787,0.52565,-0.36204,-0.31219,0.70367,-1.51600,-0.01211,0.17940,
1787040798933337856,-34.94404,48.61356,0.79385,0.53307,-0.36957,-0.31020,0.69500,-1.45377,0.04484,0.28558,
1787040799000005888,-35.05333,48.61260,0.81206,0.53644,-0.37441,-0.31498,0.68763,-1.45040,0.14684,0.35266,
1787040799066672128,-35.17241,48.61308,0.82965,0.53621,-0.38913,-0.31088,0.68148,-1.40052,0.19899,0.19293,
1787040799133338880,-35.26228,48.62191,0.82835,0.53946,-0.39636,-0.30071,0.67930,-1.38532,0.17507,-0.03726,
1787040799200006912,-35.37170,48.62571,0.81542,0.54281,-0.39841,-0.29115,0.67960,-1.43306,0.13961,-0.21403,
1787040799266673152,-35.46949,48.62930,0.79530,0.54880,-0.39349,-0.28407,0.68065,-1.45386,0.13101,-0.27654,
1787040799333338880,-35.57652,48.63552,0.78284,0.55407,-0.38909,-0.27871,0.68113,-1.57298,0.13224,-0.11940,
1787040799400006912,-35.68499,48.63762,0.77726,0.55324,-0.38835,-0.28724,0.67868,-1.59687,0.10071,0.06926,
1787040799466672896,-35.80327,48.63899,0.78337,0.54613,-0.39431,-0.30044,0.67528,-1.65099,0.06091,0.19474,
1787040799533339136,-35.90422,48.64483,0.80013,0.53366,-0.41355,-0.31751,0.66586,-1.62630,-0.00800,0.31643,
1787040799600007936,-36.01624,48.62869,0.81003,0.52323,-0.43108,-0.33420,0.65476,-1.50940,-0.09394,0.18208,
1787040799666673920,-36.10226,48.61805,0.81443,0.52474,-0.42711,-0.34166,0.65230,-1.42757,-0.13064,-0.01052,
1787040799733339136,-36.20617,48.60883,0.80724,0.52852,-0.41331,-0.34579,0.65595,-1.46724,-0.09664,-0.21156,
1787040799800005888,-36.31485,48.59684,0.78688,0.52936,-0.40553,-0.33971,0.66327,-1.48163,-0.10247,-0.26512,
1787040799866674944,-36.41846,48.58549,0.77527,0.52930,-0.39620,-0.32862,0.67444,-1.54257,-0.10299,-0.10692,
1787040799933339136,-36.51802,48.58340,0.78117,0.52705,-0.38934,-0.31080,0.68850,-1.54211,-0.06299,0.13742,
1787040800000005888,-36.62606,48.58063,0.79522,0.52218,-0.39220,-0.30530,0.69304,-1.50462,-0.02254,0.23130,
1787040800066673152,-36.72336,48.62657,0.82158,0.51070,-0.39208,-0.30826,0.70031,-1.49623,0.14770,0.33825,
1787040800133337856,-36.83359,48.58247,0.82970,0.49658,-0.39727,-0.30810,0.70757,-1.41436,0.08228,0.20926,
1787040800200006912,-36.92347,48.59157,0.83451,0.48628,-0.39495,-0.30380,0.71781,-1.39819,0.06858,-0.02813,
1787040800266673152,-37.01621,48.59447,0.82560,0.48064,-0.38890,-0.29840,0.72712,-1.43977,0.03071,-0.20870,
1787040800333345024,-37.11777,48.59898,0.80400,0.47537,-0.38192,-0.30034,0.73346,-1.48508,0.04443,-0.27125,
1787040800433340160,-37.27940,48.60785,0.78701,0.46707,-0.37539,-0.30992,0.73816,-1.53153,0.09447,-0.04936,
1787040800500006912,-37.38128,48.61423,0.78955,0.47241,-0.37028,-0.31398,0.73562,-1.55487,0.04832,0.10271,
1787040800600008960,-37.54828,48.60805,0.81221,0.49558,-0.36039,-0.31816,0.72339,-1.53315,-0.09223,0.34222,
1787040800666672896,-37.65418,48.59911,0.82999,0.49774,-0.37160,-0.33403,0.70894,-1.49208,-0.10910,0.18237,
1787040800733340928,-37.76213,48.58698,0.83305,0.50573,-0.36846,-0.33761,0.70320,-1.44281,-0.11560,-0.03132,
1787040800833338880,-37.92382,48.56965,0.81291,0.51721,-0.36123,-0.33587,0.69943,-1.51736,-0.10513,-0.28814,
1787040800900006144,-38.03439,48.55952,0.79788,0.52501,-0.35732,-0.32602,0.70028,-1.54396,-0.11414,-0.21629,
1787040800966672896,-38.14584,48.54251,0.79364,0.53021,-0.35810,-0.31704,0.70009,-1.56962,-0.13182,-0.01781,
1787040801033339136,-38.28743,48.51518,0.80342,0.53612,-0.36222,-0.31143,0.69598,-1.64427,-0.15493,0.22910,
1787040801100007936,-38.38001,48.50080,0.82489,0.53794,-0.36821,-0.32244,0.68635,-1.51312,-0.09724,0.31863,
1787040801166672896,-38.36644,48.54069,0.83616,0.53773,-0.37733,-0.33064,0.67760,-1.32013,0.06816,0.23410,
1787040801233338112,-38.56048,48.52103,0.84324,0.54064,-0.38738,-0.32417,0.67273,-1.37468,0.06922,0.03684,
1787040801300005888,-38.65770,48.51910,0.84025,0.54531,-0.39476,-0.31381,0.66957,-1.42027,0.04846,-0.14681,
1787040801366672128,-38.73935,48.52048,0.82720,0.54857,-0.39966,-0.30667,0.66731,-1.39866,0.02057,-0.24079,
1787040801433339136,-38.83327,48.51804,0.81225,0.55625,-0.39328,-0.29780,0.66876,-1.43884,0.00672,-0.18223,
1787040801500006912,-38.93500,48.51676,0.80551,0.55902,-0.38819,-0.29866,0.66903,-1.44820,-0.00081,-0.06973,
1787040801566673152,-39.04920,48.50618,0.81007,0.56330,-0.37444,-0.29678,0.67410,-1.47606,-0.03364,0.12134,
1787040801633337856,-39.12155,48.51287,0.82189,0.56397,-0.36611,-0.29241,0.68000,-1.44854,-0.07072,0.27611,
1787040801733339904,-39.26371,48.50029,0.84526,0.55472,-0.37839,-0.30584,0.67496,-1.40339,-0.17252,0.18162,
1787040801800005888,-39.35289,48.48807,0.85034,0.55900,-0.36857,-0.30761,0.67606,-1.35038,-0.21006,-0.01850,
1787040801866673920,-39.45100,48.47305,0.83711,0.56437,-0.35782,-0.31415,0.67436,-1.45323,-0.20505,-0.21910,
1787040801933339136,-39.55713,48.45753,0.81915,0.56668,-0.35567,-0.32008,0.67076,-1.46529,-0.18618,-0.28604,
1787040802000006912,-39.65656,48.44767,0.80106,0.56735,-0.35311,-0.31781,0.67262,-1.50446,-0.14826,-0.17231,
1787040802100006144,-39.80858,48.43364,0.79903,0.56981,-0.35657,-0.30738,0.67356,-1.48932,-0.09351,0.12802,
1787040802200006912,-39.95413,48.42660,0.81953,0.57604,-0.36214,-0.30857,0.66469,-1.43096,0.02464,0.27786,
1787040802266673152,-40.04381,48.43293,0.83021,0.57922,-0.37542,-0.30679,0.65532,-1.34335,0.11279,0.16408,
1787040802366672128,-40.18905,48.44372,0.82859,0.59027,-0.39058,-0.28543,0.64618,-1.32578,0.12865,-0.15672,
1787040802466672896,-40.34012,48.44622,0.80625,0.60458,-0.39657,-0.26888,0.63633,-1.37781,0.09897,-0.29217,
1787040802566673152,-40.48697,48.45385,0.78435,0.61838,-0.39601,-0.25825,0.62777,-1.44877,0.07933,-0.11176,
1787040802666673920,-40.62748,48.45552,0.78694,0.63430,-0.38453,-0.25981,0.61831,-1.37900,0.03286,0.13520,
1787040802766673152,-40.77404,48.45120,0.81022,0.63293,-0.38956,-0.26269,0.61534,-1.42836,-0.01949,0.26262,
1787040802833338880,-40.90070,48.43635,0.82316,0.62650,-0.39614,-0.26986,0.61461,-1.38640,-0.09571,0.07980,
1787040802933339136,-41.03494,48.42695,0.81840,0.62907,-0.38436,-0.27415,0.61756,-1.43797,-0.11893,-0.20054,
1787040803000006912,-41.13639,48.41789,0.80196,0.63140,-0.38316,-0.27743,0.61446,-1.42552,-0.10321,-0.28777,
1787040803100007168,-41.28750,48.40665,0.78438,0.64656,-0.38476,-0.26847,0.60154,-1.43691,-0.08809,-0.10523,
1787040803200005888,-41.43512,48.39858,0.79367,0.65714,-0.39317,-0.25820,0.58899,-1.44082,-0.01932,0.23687,
1787040803266670848,-41.55115,48.38987,0.80906,0.66327,-0.39558,-0.26204,0.57872,-1.38962,0.06979,0.27778,
1787040803366674944,-41.69052,48.39938,0.82881,0.66561,-0.40913,-0.25492,0.56973,-1.29567,0.14607,0.03968,
1787040803433340160,-41.78570,48.40714,0.82568,0.66660,-0.41121,-0.24895,0.56972,-1.34895,0.17021,-0.14514,
1787040803533339136,-41.92781,48.42195,0.80504,0.66514,-0.41544,-0.24355,0.57068,-1.38157,0.17630,-0.26385,
1787040803633338880,-42.07411,48.43992,0.78748,0.66644,-0.41064,-0.24059,0.57389,-1.42968,0.19408,-0.09112,
1787040803700005888,-42.17452,48.44823,0.78882,0.66715,-0.40323,-0.24252,0.57749,-1.43905,0.15092,0.06784,
1787040803766673920,-42.26821,48.45861,0.79761,0.66192,-0.39675,-0.24804,0.58559,-1.41484,0.10443,0.21391,
1787040803866672896,-42.41217,48.46691,0.82175,0.64944,-0.40617,-0.26138,0.58730,-1.43892,0.02987,0.22077,
1787040803966674944,-42.55548,48.46570,0.82637,0.64151,-0.40472,-0.27372,0.59139,-1.38403,-0.06164,-0.06590,
1787040804033339904,-42.66906,48.46104,0.81732,0.63866,-0.39716,-0.28230,0.59556,-1.43673,-0.07677,-0.22471,
1787040804133339904,-42.85182,48.44936,0.79255,0.63604,-0.38362,-0.28775,0.60455,-1.51351,-0.07556,-0.18073,
1787040804200009216,-42.95693,48.44430,0.78678,0.62986,-0.38544,-0.28933,0.60910,-1.51024,-0.06151,-0.01299,
1787040804266673152,-43.08730,48.43781,0.79486,0.62553,-0.38788,-0.29021,0.61159,-1.51315,-0.02561,0.18509,
1787040804333338880,-43.18207,48.43797,0.80782,0.62647,-0.38642,-0.29124,0.61106,-1.44290,0.01622,0.25401,
1787040804400007936,-43.28613,48.44310,0.82473,0.62734,-0.39254,-0.29829,0.60281,-1.44896,0.11352,0.20993,
1787040804466672896,-43.38118,48.45076,0.83058,0.62420,-0.40057,-0.29831,0.60078,-1.40442,0.14609,-0.00015,
1787040804533339136,-43.49660,48.45828,0.82198,0.62082,-0.40475,-0.29274,0.60421,-1.44242,0.15203,-0.18445,
1787040804600011008,-43.58865,48.46851,0.80662,0.61801,-0.40171,-0.28835,0.61118,-1.45338,0.16145,-0.27328,
1787040804666675968,-43.69480,48.47751,0.79312,0.61746,-0.39395,-0.28155,0.61990,-1.49519,0.17499,-0.20856,
1787040804766673920,-43.88717,48.48249,0.78469,0.60976,-0.38941,-0.28592,0.62833,-1.56838,0.09699,0.04727,
1787040804833338880,-44.00182,48.48044,0.79441,0.59945,-0.38138,-0.30223,0.63551,-1.53553,0.03041,0.17248,
1787040804900006912,-44.11370,48.47814,0.80971,0.59113,-0.37353,-0.30399,0.64701,-1.57621,-0.03428,0.28482,
1787040805000006912,-44.26392,48.46578,0.83394,0.56931,-0.37714,-0.32013,0.65663,-1.48248,-0.13186,0.06692,
1787040805066673152,-44.36866,48.45341,0.83227,0.56203,-0.36471,-0.32566,0.66712,-1.50569,-0.17548,-0.11089,
1787040805133338880,-44.46737,48.44529,0.81737,0.55030,-0.35544,-0.33469,0.67736,-1.55452,-0.15984,-0.25781,
1787040805200009216,-44.58251,48.43259,0.79910,0.53706,-0.34814,-0.33704,0.69048,-1.59489,-0.16571,-0.24558,
1787040805266671872,-44.69479,48.42126,0.78425,0.52056,-0.34836,-0.34027,0.70134,-1.62346,-0.16695,-0.13921,
1787040805333338880,-44.79033,48.41315,0.78272,0.51223,-0.34921,-0.33766,0.70828,-1.62126,-0.16573,0.10753,
1787040805400006144,-44.90389,48.40333,0.79360,0.50601,-0.35824,-0.34334,0.70550,-1.57712,-0.13154,0.20831,
1787040805466674176,-45.00867,48.39646,0.80790,0.50380,-0.35984,-0.35794,0.69899,-1.55200,-0.05397,0.23555,
1787040805533339136,-45.09521,48.40129,0.81876,0.49905,-0.36800,-0.36306,0.69550,-1.43751,0.05248,0.07967,
1787040805633338880,-45.25242,48.40655,0.81162,0.49483,-0.37352,-0.35218,0.70114,-1.47516,0.10060,-0.19435,
1787040805733339136,-45.40448,48.41759,0.78645,0.49623,-0.38274,-0.34561,0.69844,-1.49845,0.14102,-0.26111,
1787040805833338880,-45.57099,48.42378,0.77614,0.50813,-0.38063,-0.33826,0.69463,-1.49178,0.14834,-0.01179,
1787040805933340160,-45.73231,48.42907,0.78833,0.52380,-0.37421,-0.32543,0.69259,-1.47542,0.10234,0.23857,
1787040806033339904,-45.89409,48.42940,0.81148,0.52792,-0.39739,-0.32247,0.67779,-1.57508,0.03343,0.21207,
1787040806133338880,-46.02582,48.43985,0.83171,0.53514,-0.41796,-0.32352,0.65899,-1.49192,-0.01600,-0.04606,
1787040806233339136,-46.13534,48.45731,0.84070,0.55289,-0.41182,-0.32229,0.64872,-1.47185,0.00329,-0.20935,
1787040806333338880,-46.41010,48.43776,0.82470,0.56590,-0.40896,-0.30892,0.64582,-1.64606,-0.01252,-0.07470,
1787040806400006144,-46.54289,48.42826,0.82615,0.57414,-0.40642,-0.29848,0.64506,-1.68413,-0.01677,0.15081,
1787040806500005888,-46.70505,48.42490,0.84759,0.58423,-0.41210,-0.29891,0.63206,-1.64610,0.07820,0.30783,
1787040806600007168,-46.85683,48.43738,0.87516,0.59229,-0.42659,-0.30103,0.61367,-1.54786,0.22418,0.19054,
1787040806733338112,-47.05484,48.45535,0.86374,0.60538,-0.44293,-0.28319,0.59761,-1.53323,0.24306,-0.19472,
1787040806800007936,-47.13376,48.46648,0.84433,0.61880,-0.43913,-0.27162,0.59201,-1.48207,0.23560,-0.21732,
1787040806900005120,-47.26285,48.49084,0.82809,0.64947,-0.43370,-0.25622,0.56960,-1.49138,0.22589,-0.00181,
1787040806966672896,-47.35955,48.50102,0.83533,0.66942,-0.42313,-0.25464,0.55497,-1.51254,0.18907,0.21783,
1787040807066672128,-47.52640,48.50412,0.86390,0.68136,-0.43148,-0.25274,0.53451,-1.56005,0.08182,0.33657,
1787040807133338880,-47.60912,48.51332,0.87701,0.68326,-0.44112,-0.26219,0.51945,-1.49054,0.00276,0.17059,
1787040807233339136,-47.75947,48.51012,0.87296,0.69473,-0.43135,-0.26961,0.50853,-1.53534,-0.00509,-0.15406,
1787040807333338880,-47.90694,48.51244,0.84528,0.69834,-0.42713,-0.27593,0.50373,-1.53131,0.02269,-0.27483,
1787040807400005120,-48.00782,48.51554,0.83105,0.69872,-0.42985,-0.27317,0.50240,-1.54803,0.01922,-0.13888,
1787040807466672896,-48.17555,48.49692,0.83799,0.69974,-0.42556,-0.26390,0.50953,-1.59226,0.03920,0.08820,
1787040807566672128,-48.27301,48.53229,0.84772,0.69566,-0.43971,-0.25188,0.50919,-1.47940,0.13632,0.23162,
1787040807633337856,-48.39315,48.53790,0.87191,0.69820,-0.44454,-0.25169,0.50154,-1.44318,0.18152,0.25321,
1787040807700005888,-48.46899,48.56960,0.86859,0.70192,-0.45033,-0.24208,0.49589,-1.34482,0.21660,0.07720,
1787040807766673920,-48.54672,48.58497,0.86920,0.70294,-0.45428,-0.23289,0.49525,-1.37349,0.19967,-0.07371,
1787040807833338880,-48.64061,48.60781,0.85423,0.69927,-0.45461,-0.23223,0.50041,-1.42115,0.21050,-0.22448,
1787040807900006144,-48.73893,48.62069,0.83642,0.69767,-0.45067,-0.23076,0.50685,-1.44166,0.22465,-0.28967,
1787040807966672896,-48.83308,48.63876,0.82075,0.69615,-0.44464,-0.23142,0.51391,-1.48935,0.25937,-0.16050,
1787040808033339136,-48.95106,48.66333,0.81417,0.69557,-0.43714,-0.23470,0.51962,-1.48165,0.25979,0.02357,
1787040808100006144,-49.04334,48.68144,0.82433,0.69449,-0.42837,-0.23631,0.52758,-1.46346,0.23448,0.20931,
1787040808166671872,-49.10954,48.71569,0.84006,0.69081,-0.42878,-0.23621,0.53211,-1.51476,0.24365,0.26583,
1787040808233339136,-49.19192,48.73421,0.85404,0.68147,-0.44290,-0.24524,0.52849,-1.46674,0.18017,0.15039,
1787040808300005888,-49.28547,48.76197,0.85722,0.68317,-0.44459,-0.24640,0.52432,-1.43066,0.18706,-0.05703,
1787040808366672896,-49.37797,48.78806,0.84975,0.69113,-0.44508,-0.24293,0.51500,-1.43988,0.20025,-0.20247,
1787040808433339136,-49.47724,48.80001,0.83421,0.70451,-0.43992,-0.23343,0.50562,-1.44061,0.16506,-0.27464,
1787040808500005888,-49.56867,48.82314,0.82203,0.71717,-0.43434,-0.22428,0.49670,-1.49109,0.16607,-0.15002,
1787040808566673152,-49.66880,48.84076,0.81809,0.72828,-0.42933,-0.21122,0.49058,-1.49683,0.16267,0.05865,
1787040808633338880,-49.79451,48.85733,0.82584,0.73658,-0.43193,-0.20677,0.47763,-1.48550,0.21022,0.16810,
1787040808733339136,-49.96226,48.88374,0.84702,0.74948,-0.43032,-0.20266,0.46047,-1.47271,0.29682,0.26146,
1787040808800007168,-50.06203,48.90455,0.85931,0.75068,-0.43791,-0.20173,0.45169,-1.40838,0.30683,0.10442,
1787040808866672896,-50.17124,48.92464,0.85791,0.74985,-0.44271,-0.19754,0.45023,-1.42943,0.33066,-0.10535,
1787040808933339136,-50.26631,48.94641,0.84697,0.74718,-0.44668,-0.19148,0.45336,-1.45272,0.30682,-0.24333,
1787040809033339136,-50.41470,48.97805,0.82080,0.75184,-0.43175,-0.18811,0.46146,-1.50174,0.33995,-0.22218,
1787040809133338880,-50.57501,49.01313,0.80897,0.74905,-0.43140,-0.19419,0.46380,-1.58371,0.34572,0.01988,
1787040809233339136,-50.73764,49.04952,0.81767,0.73415,-0.43732,-0.20678,0.47647,-1.62275,0.34577,0.18943,
1787040809333338112,-50.90147,49.08266,0.83349,0.70677,-0.46660,-0.22055,0.48386,-1.64762,0.26798,0.10640,
1787040809433339136,-51.07866,49.10942,0.82824,0.69120,-0.47482,-0.23176,0.49302,-1.65194,0.19589,-0.17893,
1787040809500005888,-51.18330,49.12664,0.81191,0.68526,-0.47474,-0.23953,0.49765,-1.67715,0.20794,-0.32306,
1787040809600006144,-51.34794,49.15024,0.78377,0.67837,-0.47567,-0.24163,0.50514,-1.73192,0.21092,-0.21117,
1787040809700005888,-51.50930,49.17696,0.77954,0.67235,-0.48534,-0.23530,0.50698,-1.67944,0.23122,0.12091,
1787040809766673152,-51.62815,49.19096,0.79112,0.67029,-0.49157,-0.23828,0.50229,-1.60857,0.24542,0.21644,
1787040809833339904,-51.74066,49.21375,0.80641,0.66655,-0.49746,-0.24747,0.49699,-1.55373,0.36807,0.20616,
1787040809900006912,-51.83645,49.24119,0.81552,0.66143,-0.51032,-0.24332,0.49283,-1.45439,0.38594,0.03284,
1787040809966672896,-51.92921,49.26854,0.81528,0.66121,-0.51529,-0.23701,0.49102,-1.47175,0.37260,-0.14701,
1787040810033338112,-52.03129,49.29354,0.80111,0.66098,-0.51814,-0.23312,0.49020,-1.51000,0.37376,-0.26792,
1787040810100007168,-52.13506,49.31803,0.78610,0.66461,-0.51164,-0.22847,0.49429,-1.51622,0.37134,-0.25926,
1787040810166671872,-52.25096,49.34255,0.77127,0.66600,-0.50510,-0.22686,0.49985,-1.60448,0.39348,-0.14451,
1787040810233339136,-52.37028,49.36546,0.77274,0.66617,-0.49793,-0.23167,0.50459,-1.61439,0.36104,0.06076,
1787040810300007168,-52.47832,49.38922,0.78241,0.66404,-0.49282,-0.23972,0.50864,-1.58901,0.31919,0.22449,
1787040810366672896,-52.59298,49.40777,0.80069,0.65895,-0.49795,-0.24582,0.50736,-1.61360,0.29182,0.26498,
1787040810433339136,-52.69289,49.42452,0.81488,0.65523,-0.50320,-0.25225,0.50382,-1.54591,0.21447,0.12296,
1787040810500005888,-52.83547,49.43041,0.81642,0.65913,-0.49704,-0.25387,0.50403,-1.60499,0.18140,-0.06699,
1787040810566672128,-52.94498,49.44230,0.80629,0.66181,-0.49205,-0.25963,0.50248,-1.66183,0.19315,-0.23389,
1787040810633338880,-53.05550,49.45653,0.79033,0.66521,-0.48683,-0.25947,0.50316,-1.65364,0.19480,-0.25154,
1787040810700005120,-53.14335,49.46558,0.78088,0.66792,-0.48669,-0.25480,0.50210,-1.67470,0.23173,-0.13713,
1787040810800005888,-53.30373,49.49393,0.78059,0.66705,-0.49993,-0.24878,0.49317,-1.72684,0.27860,0.17143,
1787040810866672896,-53.40950,49.50952,0.79260,0.66210,-0.50633,-0.26205,0.48639,-1.62003,0.29195,0.26609,
1787040810933339136,-53.51617,49.52662,0.81269,0.65481,-0.51366,-0.27364,0.48218,-1.51752,0.36547,0.19891,
1787040811000005888,-53.61626,49.55017,0.82610,0.65169,-0.51837,-0.27103,0.48284,-1.45296,0.40047,-0.00253,
1787040811066675968,-53.70325,49.57899,0.82474,0.64859,-0.52523,-0.26313,0.48397,-1.47520,0.43173,-0.16993,
1787040811133339904,-53.79729,49.60959,0.81215,0.64732,-0.52986,-0.25724,0.48380,-1.45629,0.42345,-0.24251,
1787040811200006912,-53.88246,49.64292,0.80131,0.65269,-0.52573,-0.24986,0.48494,-1.50210,0.46186,-0.17754,
1787040811266671872,-53.98346,49.67450,0.79433,0.65332,-0.52642,-0.25073,0.48290,-1.47920,0.44582,-0.00246,
1787040811333338880,-54.05757,49.70560,0.80243,0.65424,-0.52127,-0.25468,0.48516,-1.46616,0.43159,0.16982,
1787040811400006912,-54.14653,49.73407,0.81276,0.65305,-0.52229,-0.25052,0.48783,-1.47553,0.41668,0.25629,
1787040811466672896,-54.23343,49.76061,0.82908,0.64377,-0.53676,-0.25383,0.48272,-1.40168,0.32363,0.24819,
1787040811533338112,-54.31737,49.78353,0.84237,0.64792,-0.53596,-0.25070,0.47968,-1.33376,0.27584,0.07495,
1787040811633338880,-54.44007,49.81632,0.83415,0.65342,-0.53162,-0.25123,0.47676,-1.42426,0.30732,-0.20199,
1787040811733338112,-54.58601,49.84842,0.81358,0.66003,-0.52962,-0.24624,0.47246,-1.42392,0.30813,-0.16753,
1787040811833338112,-54.77224,49.88757,0.80778,0.67816,-0.52255,-0.22567,0.46488,-1.41934,0.35848,0.10532,
1787040811933339136,-54.90360,49.92666,0.83188,0.69221,-0.52431,-0.21032,0.44911,-1.36233,0.40717,0.24964,
1787040812000009984,-54.98712,49.96409,0.83850,0.68981,-0.53642,-0.21240,0.43739,-1.35614,0.54775,0.18256,
1787040812100006144,-55.15720,50.02256,0.84411,0.68725,-0.55486,-0.20299,0.42262,-1.28299,0.54569,-0.04376,
1787040812200005888,-55.23763,50.07629,0.82566,0.68915,-0.56559,-0.18890,0.41170,-1.26434,0.55803,-0.23241,
1787040812266673152,-55.39378,50.11867,0.80672,0.69377,-0.56590,-0.18078,0.40714,-1.33837,0.60847,-0.23138,
1787040812333338880,-55.51194,50.16180,0.79279,0.69587,-0.56874,-0.17579,0.40174,-1.37075,0.65028,-0.11781,
1787040812433340160,-55.63331,50.22932,0.79646,0.69798,-0.57569,-0.16688,0.39185,-1.29108,0.65940,0.17347,
1787040812500006912,-55.70932,50.27251,0.81175,0.69893,-0.58752,-0.15226,0.37832,-1.17259,0.57537,0.27815,
1787040812566673152,-55.79233,50.31062,0.83453,0.71534,-0.58181,-0.13800,0.36159,-1.01435,0.51844,0.26715,
1787040812633338880,-55.84715,50.34669,0.85160,0.74024,-0.56840,-0.11079,0.34162,-1.00439,0.56640,0.08340,
1787040812700007936,-55.92309,50.38842,0.85657,0.75956,-0.55844,-0.08692,0.32196,-1.03069,0.60363,-0.04486,
1787040812766673920,-55.96394,50.42566,0.85090,0.77758,-0.54850,-0.06730,0.29999,-0.98187,0.62617,-0.15893,
1787040812833338112,-56.02493,50.46962,0.84575,0.79702,-0.53430,-0.04125,0.27853,-0.92856,0.65099,-0.12591,
1787040812900007936,-56.08769,50.51279,0.83997,0.81412,-0.52354,-0.01399,0.25085,-0.89217,0.66498,0.00972,
1787040812966674176,-56.12505,50.55608,0.84428,0.82780,-0.51521,0.01350,0.22163,-0.80798,0.77915,0.18159,
1787040813033338112,-56.18410,50.60932,0.85630,0.83937,-0.50683,0.03514,0.19327,-0.75655,0.82281,0.24332,
1787040813133338880,-56.26123,50.69815,0.87860,0.84698,-0.50763,0.04950,0.14992,-0.63659,0.91931,0.13354,
1787040813200005120,-56.31534,50.76139,0.88265,0.85327,-0.50313,0.05966,0.12340,-0.55115,0.94358,-0.01449,
1787040813266673152,-56.37113,50.83058,0.87455,0.86001,-0.49468,0.07504,0.10024,-0.49660,1.00636,-0.13881,
1787040813333338880,-56.42361,50.90523,0.86796,0.86886,-0.48074,0.08594,0.08115,-0.48018,1.12030,-0.12078,
1787040813400006912,-56.46804,50.98648,0.86601,0.87487,-0.47138,0.09118,0.06400,-0.44673,1.22569,-0.01888,
1787040813466672896,-56.50494,51.07176,0.87202,0.87853,-0.46604,0.09395,0.04644,-0.38439,1.27172,0.13444,
1787040813533339136,-56.53822,51.15862,0.88625,0.88050,-0.46220,0.10147,0.02808,-0.35657,1.26188,0.22078,
1787040813600008960,-56.57346,51.24798,0.90355,0.87949,-0.46317,0.10849,0.01393,-0.37821,1.31024,0.28261,
1787040813666672896,-56.59454,51.33461,0.91822,0.87894,-0.46420,0.10934,0.00453,-0.36299,1.31995,0.15963,
1787040813733339136,-56.60895,51.42210,0.92019,0.88021,-0.46186,0.10908,-0.00470,-0.31873,1.37650,-0.00055,
1787040813800007936,-56.62769,51.51651,0.91449,0.88170,-0.45877,0.10913,-0.01531,-0.26745,1.46290,-0.14711,
1787040813866672128,-56.64139,51.61845,0.90000,0.88292,-0.45517,0.11284,-0.02330,-0.22045,1.54826,-0.21965,
1787040813933339136,-56.65594,51.72547,0.88830,0.88138,-0.45634,0.11868,-0.02906,-0.18884,1.61725,-0.10694,
1787040814000008192,-56.67062,51.84144,0.88868,0.88295,-0.45028,0.12813,-0.03503,-0.13966,1.68036,0.14094,
1787040814066672128,-56.67562,51.95339,0.90095,0.87963,-0.45122,0.14323,-0.04629,-0.07954,1.73988,0.27604,
1787040814133341184,-56.68285,52.07688,0.91263,0.86871,-0.46793,0.15167,-0.05823,0.01212,1.75704,0.29316,
1787040814200005888,-56.67418,52.18998,0.92139,0.85222,-0.49366,0.15933,-0.06810,0.09410,1.71198,0.19517,
1787040814266671872,-56.66473,52.30343,0.92183,0.84182,-0.50815,0.16502,-0.07672,0.15854,1.66212,-0.04320,
1787040814333338880,-56.65165,52.41497,0.90919,0.83517,-0.51414,0.17625,-0.08422,0.19954,1.66546,-0.22601,
1787040814400006912,-56.63881,52.53063,0.88701,0.83539,-0.51055,0.18323,-0.08881,0.21845,1.68630,-0.32318,
1787040814466672896,-56.61602,52.63453,0.86626,0.83985,-0.50179,0.18531,-0.09225,0.25704,1.76488,-0.18098,
1787040814566673152,-56.59374,52.81515,0.86018,0.84237,-0.50278,0.17176,-0.09018,0.20689,1.83055,0.08813,
1787040814633338880,-56.58448,52.94167,0.86826,0.84328,-0.50817,0.15370,-0.08380,0.12921,1.77187,0.22275,
1787040814733338112,-56.56513,53.12649,0.89105,0.83774,-0.51885,0.15190,-0.07689,0.11807,1.81725,0.24862,
1787040814833338112,-56.55047,53.31614,0.89458,0.82913,-0.53332,0.15017,-0.07466,0.07058,1.82382,-0.09225,
1787040814933337856,-56.53282,53.49432,0.87189,0.82960,-0.53502,0.14178,-0.07363,0.08865,1.81546,-0.32435,
1787040815033339136,-56.50847,53.67517,0.84612,0.83803,-0.51994,0.14606,-0.07769,0.12792,1.83335,-0.12778,
1787040815100006144,-56.49763,53.79341,0.85296,0.84557,-0.50388,0.15507,-0.08408,0.12324,1.77885,0.16734,
1787040815200006912,-56.47784,53.97399,0.88351,0.85601,-0.48397,0.15668,-0.09211,0.18136,1.76112,0.32967,
1787040815300005888,-56.45589,54.16192,0.91456,0.85329,-0.48927,0.15786,-0.08717,0.25441,1.72332,0.18622,
1787040815366672896,-56.43881,54.27479,0.92126,0.85619,-0.48414,0.15981,-0.08370,0.27071,1.73497,-0.06487,
1787040815433339136,-56.42175,54.39287,0.91076,0.85864,-0.47894,0.16349,-0.08144,0.26283,1.78553,-0.24663,
1787040815500006912,-56.40806,54.51314,0.89336,0.86392,-0.47022,0.16211,-0.07903,0.24764,1.79875,-0.28505,
1787040815600006144,-56.38688,54.69620,0.87938,0.87731,-0.45140,0.14655,-0.07129,0.24890,1.92189,0.00788,
1787040815666671872,-56.40944,54.86799,0.89982,0.88101,-0.45155,0.12810,-0.05939,0.18732,1.99915,0.20399,
1787040815733339136,-56.39112,54.94647,0.92018,0.88278,-0.45042,0.12393,-0.04964,0.11297,1.90296,0.34797,
1787040815833338112,-56.38377,55.16004,0.94740,0.87800,-0.46251,0.11741,-0.03759,0.03195,1.89877,0.19280,
1787040815933339136,-56.38415,55.34714,0.94849,0.87735,-0.46515,0.11314,-0.03296,-0.02577,1.90273,-0.15443,
1787040816000006912,-56.38501,55.47221,0.93518,0.87764,-0.46500,0.11127,-0.03388,-0.04926,1.95148,-0.29743,
1787040816100006144,-56.39422,55.66724,0.91183,0.88153,-0.45881,0.10808,-0.02674,-0.06228,2.01634,-0.10012,
1787040816200006912,-56.40012,55.86920,0.91461,0.88168,-0.45613,0.11824,-0.02449,-0.03068,2.02859,0.22272,
1787040816300005888,-56.40053,56.05735,0.94180,0.87940,-0.46026,0.11690,-0.03406,0.07847,1.98023,0.35469,
1787040816400006912,-56.39408,56.26691,0.97511,0.86726,-0.48062,0.12311,-0.04130,0.16637,1.92901,0.07926,
1787040816466671872,-56.36619,56.45036,0.94193,0.86633,-0.47985,0.13248,-0.04071,0.22960,1.95609,-0.19027,
1787040816533339136,-56.37532,56.59075,0.90984,0.86777,-0.47525,0.13967,-0.03997,0.20776,2.00901,-0.35256,
1787040816600007168,-56.36003,56.67623,0.90807,0.87308,-0.46563,0.13939,-0.03863,0.21689,2.03098,-0.26279,
1787040816666672896,-56.34409,56.76700,0.89926,0.87493,-0.46388,0.13493,-0.03319,0.21809,2.08017,-0.08790,
1787040816733339136,-56.33290,56.90411,0.89860,0.87525,-0.46606,0.12697,-0.02445,0.16295,2.09162,0.12186,
1787040816800007168,-56.33852,57.07903,0.90883,0.87232,-0.47434,0.11824,-0.00827,0.07477,2.08692,0.28682,
1787040816866672896,-56.34008,57.17612,0.93227,0.86293,-0.49270,0.11214,0.00556,-0.03285,2.01231,0.31100,
1787040816933337856,-56.34627,57.26962,0.95032,0.85961,-0.50103,0.09924,0.01342,-0.08641,1.89595,0.07265,
1787040817000008960,-56.36525,57.42310,0.94601,0.86606,-0.49314,0.07987,0.01916,-0.13100,1.95034,-0.16124,
1787040817066673152,-56.37505,57.53530,0.93133,0.86931,-0.49008,0.05882,0.02563,-0.10745,2.01280,-0.31924,
1787040817133338880,-56.38602,57.67526,0.91237,0.87262,-0.48488,0.04768,0.03387,-0.08730,2.04428,-0.24843,
1787040817200006912,-56.39719,57.82525,0.90096,0.87106,-0.48742,0.04639,0.03895,-0.05649,2.13577,-0.04307,
1787040817266674944,-56.40197,57.96436,0.90756,0.86853,-0.49106,0.05590,0.03742,-0.00438,2.13232,0.22088,
1787040817333339904,-56.40359,58.10410,0.92225,0.85895,-0.50738,0.06117,0.03200,0.02943,2.05439,0.29812,
1787040817400006144,-56.40210,58.22522,0.94206,0.84820,-0.52477,0.06503,0.03071,0.12035,1.97035,0.25144,
1787040817466672896,-56.39626,58.32956,0.95487,0.84392,-0.53047,0.07429,0.02981,0.13214,1.88808,0.03440,
1787040817533340928,-56.39403,58.46217,0.95177,0.84263,-0.53083,0.08547,0.02987,0.14651,1.88717,-0.18962,
1787040817600006144,-56.38525,58.59307,0.93371,0.84676,-0.52222,0.09711,0.02924,0.13179,1.91692,-0.32210,
1787040817666672896,-56.38500,58.71521,0.91748,0.85650,-0.50544,0.09995,0.03089,0.11140,1.94558,-0.21529,
1787040817733339136,-56.39205,58.86313,0.90873,0.86170,-0.49680,0.09674,0.03613,0.07415,2.03035,-0.03785,
1787040817800005888,-56.39277,58.97686,0.91419,0.86325,-0.49517,0.08816,0.04275,0.02046,1.99401,0.14213,
1787040817900006144,-56.39476,59.17859,0.93671,0.86539,-0.49160,0.08138,0.05288,-0.06111,2.02655,0.28710,
1787040817966671872,-56.40711,59.29798,0.95265,0.85683,-0.50652,0.07866,0.05556,-0.14310,1.96468,0.16902,
1787040818066673152,-56.42499,59.49732,0.95287,0.85539,-0.51084,0.06774,0.05266,-0.17128,1.97113,-0.15932,
1787040818133341184,-56.44479,59.64246,0.93127,0.85562,-0.51118,0.06599,0.04746,-0.14753,2.03378,-0.31704,
1787040818233339904,-56.46004,59.84826,0.90368,0.85649,-0.50909,0.07550,0.03930,-0.15814,2.10613,-0.13473,
1787040818300005888,-56.47121,59.98536,0.90053,0.85389,-0.51180,0.08803,0.03430,-0.13075,2.12642,0.11360,
1787040818366672896,-56.49057,60.13608,0.90902,0.84439,-0.52628,0.09713,0.02468,-0.08054,2.04656,0.23167,
1787040818433339136,-56.49468,60.22888,0.92871,0.84022,-0.53208,0.10302,0.01788,-0.01248,1.94337,0.28050,
1787040818533339136,-56.51077,60.44729,0.94332,0.84081,-0.52925,0.11362,0.00556,0.00126,1.88319,-0.01600,
1787040818633339904,-56.51926,60.63841,0.92654,0.85220,-0.50756,0.12687,-0.00603,-0.03190,1.91560,-0.28072,
1787040818733339136,-56.52698,60.83148,0.89786,0.86644,-0.48240,0.12799,-0.01370,-0.03093,2.00804,-0.19292,
1787040818800004864,-56.52289,60.93599,0.89005,0.86979,-0.47629,0.12792,-0.01551,-0.05322,2.04495,-0.02091,
1787040818900006912,-56.53684,61.12242,0.90662,0.87299,-0.47465,0.11115,-0.01551,-0.15700,1.94493,0.23332,
1787040818966671872,-56.55093,61.25734,0.92676,0.87225,-0.47659,0.10913,-0.01140,-0.19414,1.98683,0.29387,
1787040819033339136,-56.57417,61.38918,0.94474,0.86669,-0.48806,0.10300,-0.00569,-0.29136,1.90152,0.15189,
1787040819100006144,-56.59872,61.51717,0.95095,0.87242,-0.48021,0.09095,-0.00359,-0.33242,1.88323,-0.06398,
1787040819166673920,-56.62289,61.63771,0.94252,0.87788,-0.47251,0.07782,-0.00066,-0.31272,1.95811,-0.25791,
1787040819233339136,-56.64933,61.77434,0.92476,0.88002,-0.46895,0.07518,0.00187,-0.30896,1.98602,-0.29503,
1787040819300004864,-56.66770,61.89449,0.90990,0.88216,-0.46468,0.07636,0.00642,-0.30679,2.04512,-0.12179,
1787040819400006144,-56.69554,62.09522,0.91448,0.87863,-0.46935,0.08741,0.00864,-0.26118,2.05581,0.21375,
1787040819466671872,-56.71517,62.23027,0.92935,0.87194,-0.48236,0.08313,0.01170,-0.22776,2.03491,0.29426,
1787040819533339136,-56.73018,62.36836,0.94646,0.85947,-0.50526,0.07560,0.01740,-0.14069,2.01520,0.21566,
1787040819633337856,-56.75294,62.56537,0.95216,0.85446,-0.51182,0.08263,0.03326,-0.11297,1.90144,-0.10778,
1787040819700009216,-56.76445,62.67478,0.93740,0.85749,-0.50499,0.08813,0.04380,-0.14637,1.92792,-0.27292,
1787040819766671872,-56.78607,62.81183,0.91348,0.86111,-0.49826,0.08725,0.05125,-0.16763,1.95931,-0.31109,
1787040819833338880,-56.79501,62.93982,0.89742,0.86574,-0.49014,0.08216,0.05930,-0.18004,2.04611,-0.13252,
1787040819933339136,-56.81939,63.12426,0.89837,0.86983,-0.48355,0.06544,0.07268,-0.22558,1.98662,0.14227,
1787040820033339136,-56.84637,63.29462,0.92432,0.86819,-0.48447,0.06303,0.08701,-0.34944,1.92654,0.31917,
1787040820133339904,-56.88029,63.44931,0.94850,0.86340,-0.49337,0.04893,0.09343,-0.44397,1.74419,0.06389,
1787040820200005888,-56.90236,63.53784,0.94708,0.86963,-0.48369,0.03524,0.09248,-0.45594,1.73981,-0.14324,
1787040820300007168,-56.94848,63.71877,0.92339,0.87793,-0.47093,0.02539,0.08261,-0.42774,1.79303,-0.30252,
1787040820366672896,-56.98096,63.84398,0.91073,0.88272,-0.46305,0.02935,0.07437,-0.43369,1.87322,-0.12859,
1787040820466672896,-57.02089,64.01914,0.91684,0.88499,-0.45913,0.04599,0.06233,-0.39422,1.83742,0.20392,
1787040820566673152,-57.05151,64.16079,0.93980,0.88714,-0.45592,0.05237,0.04872,-0.36373,1.71172,0.29468,
1787040820666671872,-57.09627,64.34254,0.95985,0.88711,-0.45703,0.04983,0.04099,-0.35695,1.68159,0.07130,
1787040820766671872,-57.12886,64.48309,0.95359,0.89373,-0.44410,0.04812,0.04129,-0.37867,1.63935,-0.21691,
1787040820833338880,-57.15172,64.59042,0.93691,0.89816,-0.43427,0.04725,0.04978,-0.38604,1.74214,-0.30119,
1787040820900006912,-57.17638,64.68913,0.92071,0.90051,-0.42847,0.04505,0.05888,-0.39952,1.77463,-0.18299,
1787040821000008192,-57.22222,64.86786,0.91577,0.89779,-0.43289,0.03516,0.07310,-0.48603,1.80536,0.07066,
1787040821100006144,-57.27553,65.02449,0.93270,0.89007,-0.44533,0.02104,0.09499,-0.63067,1.79059,0.26569,
1787040821166671872,-57.31389,65.11836,0.94247,0.87337,-0.47231,0.00441,0.11885,-0.70759,1.76250,0.17430,
1787040821233338112,-57.42589,65.27309,0.93344,0.85492,-0.49787,-0.01301,0.14517,-0.81052,1.71992,-0.08218,
1787040821333338880,-57.43448,65.37879,0.91384,0.84018,-0.51042,-0.03217,0.18040,-0.76272,1.62797,-0.34024,
1787040821400006912,-57.48666,65.49317,0.89122,0.83428,-0.51429,-0.03970,0.19469,-0.79406,1.60484,-0.32894,
1787040821466671872,-57.53995,65.60239,0.87714,0.82859,-0.51916,-0.04513,0.20462,-0.81383,1.60146,-0.13086,
1787040821533338112,-57.58770,65.70311,0.88064,0.82788,-0.51839,-0.04104,0.21024,-0.79401,1.59464,0.12393,
1787040821633338880,-57.88752,66.27334,0.90220,0.81820,-0.53190,-0.04696,0.21316,-0.99432,2.05133,0.26070,
1787040821700006912,-57.93646,66.26290,0.90081,0.81092,-0.53940,-0.05367,0.22039,-0.91478,1.85651,0.16226,
1787040821766673152,-57.87259,66.21784,0.92176,0.80646,-0.53910,-0.05111,0.23744,-0.73737,1.62078,-0.01737,
1787040821866672128,-57.94918,66.38362,0.90716,0.80241,-0.53062,-0.04940,0.26858,-0.79428,1.63928,-0.24883,
1787040821933339136,-57.93728,66.42867,0.89569,0.80628,-0.50977,-0.05337,0.29529,-0.71915,1.54229,-0.23410,
1787040822033339136,-58.08474,66.64940,0.87786,0.80626,-0.48017,-0.06655,0.33905,-0.90738,1.64183,-0.07626,
1787040822100006144,-58.13938,66.74984,0.88134,0.80438,-0.46178,-0.08183,0.36473,-0.97715,1.57285,0.11383,
1787040822200005888,-58.24974,66.91834,0.90338,0.79782,-0.44407,-0.10340,0.39446,-1.10095,1.57876,0.28158,
1787040822266671872,-58.32468,67.02173,0.91918,0.78333,-0.45266,-0.11134,0.41121,-1.19472,1.53213,0.15716,
1787040822366672128,-58.43861,67.15543,0.91942,0.77046,-0.45709,-0.13665,0.42284,-1.25781,1.39416,-0.13556,
1787040822433339136,-58.51601,67.24032,0.90398,0.76751,-0.45279,-0.15399,0.42684,-1.24822,1.39734,-0.28457,
1787040822533338112,-58.62799,67.36362,0.87760,0.76864,-0.43802,-0.15596,0.43933,-1.27310,1.37410,-0.13559,
1787040822600006144,-58.70327,67.44096,0.87219,0.76672,-0.43257,-0.14939,0.45023,-1.28612,1.33083,0.05303,
1787040822666671872,-58.78731,67.52303,0.88072,0.76056,-0.43485,-0.14898,0.45854,-1.24816,1.24876,0.17972,
1787040822766671872,-58.90484,67.63627,0.90321,0.75641,-0.42548,-0.16003,0.47033,-1.25191,1.21775,0.22428,
1787040822833338880,-58.96368,67.68281,0.91409,0.74603,-0.42915,-0.16554,0.48152,-1.20797,1.17800,0.04888,
1787040822933339136,-59.07763,67.77355,0.90727,0.72760,-0.42902,-0.16983,0.50763,-1.27966,1.09401,-0.22380,
1787040823000009984,-59.14793,67.81789,0.88974,0.71843,-0.42428,-0.17815,0.52164,-1.34726,1.06996,-0.31685,
1787040823100007936,-59.26267,67.89481,0.86437,0.70546,-0.42439,-0.19316,0.53377,-1.39904,1.00767,-0.15819,
1787040823166672896,-59.36452,67.95564,0.86176,0.69365,-0.42392,-0.20858,0.54373,-1.44930,0.88885,0.04232,
1787040823233339904,-59.47223,68.00892,0.87050,0.67866,-0.42155,-0.22897,0.55614,-1.50945,0.76931,0.19265,
1787040823333338880,-59.60368,68.05143,0.89268,0.64568,-0.43489,-0.26240,0.57019,-1.58067,0.52406,0.17318,
1787040823400007936,-59.68448,68.06334,0.89168,0.62497,-0.44167,-0.28825,0.57554,-1.52902,0.38296,-0.07178,
1787040823500005888,-59.85695,68.10108,0.86388,0.60179,-0.44218,-0.33246,0.57602,-1.60564,0.30039,-0.34602,
1787040823566673152,-59.98566,68.12578,0.83972,0.59039,-0.44427,-0.35349,0.57368,-1.64941,0.26814,-0.33243,
1787040823633339904,-60.08605,68.13724,0.82458,0.58203,-0.44760,-0.36585,0.57188,-1.64003,0.23327,-0.12776,
1787040823700006912,-60.20997,68.15628,0.82449,0.57948,-0.44993,-0.36833,0.57106,-1.65197,0.19252,0.07620,
1787040823800005888,-60.39450,68.18184,0.84334,0.56230,-0.45627,-0.39017,0.56868,-1.65985,0.15835,0.18027,
1787040823866672896,-60.49394,68.18634,0.85015,0.53993,-0.46527,-0.41299,0.56695,-1.60454,0.16529,0.09301,
1787040823966672896,-60.64788,68.20258,0.85125,0.51223,-0.47285,-0.42633,0.57643,-1.57902,0.12176,-0.15266,
1787040824033338112,-60.75726,68.21294,0.83889,0.49729,-0.47099,-0.43363,0.58552,-1.55532,0.11112,-0.26583,
1787040824133338880,-60.94488,68.22634,0.82529,0.48092,-0.45445,-0.43260,0.61241,-1.59968,0.10256,-0.16928,
1787040824200007936,-61.03444,68.23424,0.82256,0.45984,-0.44132,-0.43286,0.63751,-1.55535,0.04477,-0.01264,
1787040824266673152,-61.12846,68.23915,0.82896,0.43818,-0.41765,-0.43649,0.66562,-1.52532,-0.05675,0.18602,
1787040824366672896,-61.35960,68.20956,0.84479,0.40899,-0.40481,-0.45201,0.68158,-1.72031,-0.25723,0.21356,
1787040824433339136,-61.40184,68.20652,0.85732,0.38778,-0.41305,-0.47375,0.67423,-1.57579,-0.31323,0.06087,
1787040824500008192,-61.51722,68.19011,0.85014,0.37551,-0.41312,-0.49323,0.66712,-1.53696,-0.33563,-0.13022,
1787040824566673152,-61.62682,68.16949,0.83573,0.36911,-0.40346,-0.51053,0.66358,-1.54530,-0.33602,-0.26201,
1787040824633337856,-61.73528,68.14998,0.81756,0.36609,-0.39394,-0.51585,0.66685,-1.55710,-0.32192,-0.28769,
1787040824700005120,-61.85232,68.13346,0.80647,0.36286,-0.38862,-0.51669,0.67107,-1.66134,-0.35184,-0.17347,
1787040824766671872,-61.98955,68.10703,0.80211,0.35458,-0.39522,-0.51692,0.67146,-1.69581,-0.36077,0.04313,
1787040824833338880,-62.10456,68.08291,0.81032,0.35073,-0.39993,-0.51392,0.67300,-1.60926,-0.32341,0.18466,
1787040824900007936,-62.21689,68.05752,0.82506,0.34521,-0.39762,-0.51069,0.67966,-1.62649,-0.36066,0.22758,
1787040824966672896,-62.32437,68.03365,0.83836,0.33462,-0.40035,-0.51400,0.68085,-1.56464,-0.33325,0.15974,
1787040825033339136,-62.42462,68.01288,0.84591,0.32769,-0.40031,-0.50987,0.68731,-1.54173,-0.34891,-0.01618,
1787040825100007168,-62.52564,67.98983,0.83866,0.32287,-0.39663,-0.50577,0.69472,-1.56952,-0.39923,-0.18442,
1787040825166671872,-62.63056,67.96520,0.82534,0.32054,-0.38890,-0.50495,0.70074,-1.59368,-0.43509,-0.26676,
1787040825233339136,-62.74029,67.93527,0.80964,0.31797,-0.38129,-0.50510,0.70597,-1.64377,-0.49096,-0.20789,
1787040825300004864,-62.85049,67.90147,0.80172,0.31065,-0.37635,-0.50959,0.70864,-1.59852,-0.54975,-0.00840,
1787040825366672896,-62.95162,67.86228,0.80832,0.30477,-0.35985,-0.51521,0.71567,-1.54928,-0.67695,0.18246,
1787040825433339136,-63.04537,67.82008,0.82274,0.29598,-0.34671,-0.52534,0.71847,-1.52167,-0.75241,0.23849,
1787040825500005888,-63.14249,67.77009,0.83638,0.27608,-0.34508,-0.53991,0.71638,-1.45391,-0.81662,0.14281,
1787040825566674944,-63.23499,67.71791,0.84120,0.25566,-0.33895,-0.54700,0.72149,-1.33991,-0.78054,-0.01402,
1787040825633339904,-63.32103,67.66672,0.83744,0.23814,-0.32633,-0.54221,0.73675,-1.33590,-0.83577,-0.15413,
1787040825700006912,-63.40133,67.61475,0.82553,0.22437,-0.31473,-0.54506,0.74398,-1.29088,-0.84799,-0.22145,
1787040825766671872,-63.48656,67.55561,0.81073,0.21911,-0.30673,-0.54029,0.75233,-1.34564,-0.97181,-0.17757,
1787040825833338880,-63.58048,67.48304,0.80267,0.21095,-0.30581,-0.54873,0.74892,-1.36070,-1.06291,0.00815,
1787040825900006144,-63.67470,67.40628,0.81030,0.19854,-0.30126,-0.55871,0.74677,-1.38906,-1.07441,0.19428,
1787040825966674944,-63.75894,67.34094,0.82647,0.18904,-0.29584,-0.56208,0.74887,-1.35254,-0.97828,0.26478,
1787040826033339136,-63.84790,67.27855,0.84261,0.17672,-0.29770,-0.56722,0.74727,-1.38030,-0.90437,0.19410,
1787040826100007168,-63.93550,67.22040,0.84911,0.16882,-0.30158,-0.56312,0.75063,-1.38025,-0.91812,-0.00856,
1787040826166672896,-64.02314,67.16183,0.84185,0.15934,-0.30671,-0.56466,0.74946,-1.37260,-0.95140,-0.18924,
1787040826266673152,-64.15684,67.06867,0.82038,0.14158,-0.29444,-0.55797,0.76284,-1.32018,-0.92504,-0.21110,
1787040826366672896,-64.28775,66.97557,0.80474,0.12286,-0.27355,-0.55169,0.77827,-1.29326,-0.93904,-0.03433,
1787040826466672896,-64.41509,66.87354,0.81724,0.09480,-0.24024,-0.54928,0.79473,-1.20558,-1.06187,0.26573,
1787040826533339136,-64.49667,66.79933,0.83535,0.07286,-0.22602,-0.55210,0.79925,-1.15235,-1.11561,0.30702,
1787040826633338880,-64.60773,66.69060,0.85827,0.04463,-0.21012,-0.55546,0.80332,-1.02430,-1.07390,0.08802,
1787040826733339136,-64.71177,66.58563,0.85297,0.02719,-0.18453,-0.55387,0.81144,-1.06919,-1.17027,-0.20084,
1787040826833338880,-64.82282,66.47535,0.83091,0.01896,-0.17239,-0.54770,0.81850,-1.08877,-1.17885,-0.18476,
1787040826933339136,-64.93694,66.35766,0.82182,0.02369,-0.16942,-0.53741,0.82579,-1.11516,-1.24096,0.07005,
1787040827033339904,-65.05588,66.22737,0.83392,0.03953,-0.17501,-0.53976,0.82248,-1.07573,-1.25612,0.20090,
1787040827100007168,-65.12909,66.14553,0.84493,0.03952,-0.17363,-0.55550,0.81222,-1.11316,-1.25457,0.18190,
1787040827200005888,-65.24145,66.02489,0.84830,0.04250,-0.18946,-0.56944,0.79877,-1.08809,-1.22004,-0.07605,
1787040827300004864,-65.35085,65.89893,0.82545,0.04977,-0.19337,-0.57620,0.79255,-1.07926,-1.30587,-0.31194,
1787040827400012032,-65.45429,65.77027,0.79342,0.05379,-0.18705,-0.57753,0.79283,-1.06887,-1.34973,-0.24712,
1787040827466671872,-65.53054,65.66085,0.78107,0.04908,-0.17937,-0.58065,0.79263,-0.99816,-1.44190,-0.06856,
1787040827566673920,-65.62353,65.51398,0.79100,0.03599,-0.15255,-0.58870,0.79301,-0.83769,-1.52984,0.20747,
1787040827666671872,-65.69760,65.35123,0.81082,0.01392,-0.13777,-0.61150,0.77903,-0.60412,-1.56118,0.18526,
1787040827766673152,-65.76934,65.20698,0.83420,-0.01532,-0.10885,-0.60833,0.78604,-0.53293,-1.47396,-0.04899,
1787040827833338112,-65.81824,65.08011,0.82615,-0.04055,-0.08877,-0.60303,0.79173,-0.56656,-1.54420,-0.21228,
1787040827900006144,-65.85876,64.96929,0.81070,-0.06376,-0.07702,-0.59609,0.79667,-0.54523,-1.58039,-0.21425,
1787040827966672896,-65.90292,64.84157,0.79350,-0.08546,-0.06622,-0.58694,0.80238,-0.50693,-1.69218,-0.06906,
1787040828033339136,-65.94877,64.69864,0.79522,-0.09891,-0.05549,-0.57856,0.80772,-0.51045,-1.79253,0.14576,
1787040828100006144,-65.98194,64.58909,0.80801,-0.11051,-0.05324,-0.58673,0.80044,-0.54186,-1.66480,0.25764,
1787040828166672896,-66.01808,64.47677,0.82758,-0.11851,-0.04797,-0.58285,0.80246,-0.53540,-1.64081,0.29101,
1787040828233338112,-66.05132,64.37505,0.84265,-0.12906,-0.04782,-0.57781,0.80448,-0.51347,-1.63945,0.13342,
1787040828300005888,-66.08351,64.26293,0.84440,-0.14139,-0.04820,-0.57690,0.80304,-0.45946,-1.70547,-0.07988,
1787040828366675968,-66.11299,64.13551,0.83251,-0.15390,-0.04338,-0.57539,0.80210,-0.43491,-1.75819,-0.25294,
1787040828433337856,-66.14276,64.01504,0.81278,-0.16459,-0.03940,-0.57125,0.80314,-0.43598,-1.79316,-0.28981,
1787040828500005888,-66.16276,63.91336,0.79843,-0.17601,-0.03577,-0.56853,0.80282,-0.39543,-1.82221,-0.16136,
1787040828566672128,-66.18545,63.79413,0.79411,-0.19011,-0.02867,-0.56397,0.80310,-0.29538,-1.81596,0.07658,
1787040828633337856,-66.19661,63.68367,0.80295,-0.20274,-0.01498,-0.56071,0.80267,-0.21243,-1.72907,0.23966,
1787040828700006912,-66.20317,63.56252,0.81772,-0.21281,-0.01362,-0.56044,0.80027,-0.06969,-1.77306,0.28178,
1787040828800007168,-66.19979,63.39741,0.83364,-0.22322,-0.00484,-0.56364,0.79527,0.03617,-1.62955,0.04101,
1787040828866672896,-66.19387,63.28771,0.83247,-0.22528,0.00626,-0.55811,0.79858,0.09483,-1.67300,-0.13967,
1787040828933339136,-66.18040,63.18293,0.81439,-0.22980,0.01635,-0.55395,0.80004,0.12383,-1.69194,-0.26873,
1787040829000005888,-66.16787,63.07457,0.79089,-0.23201,0.01944,-0.54611,0.80471,0.17011,-1.72943,-0.22180,
1787040829066672128,-66.15260,62.93679,0.77662,-0.23157,0.02099,-0.54474,0.80573,0.22436,-1.78536,-0.08109,
1787040829166672896,-66.10826,62.74610,0.79471,-0.22246,0.01629,-0.54766,0.80642,0.23072,-1.74102,0.20867,
1787040829266671872,-66.06928,62.61373,0.80972,-0.20895,0.02310,-0.55326,0.80605,0.23363,-1.70770,0.18796,
1787040829366672896,-66.04050,62.45124,0.81796,-0.19769,0.01049,-0.55636,0.80701,0.24876,-1.66196,-0.06129,
1787040829433340160,-65.99538,62.38937,0.81145,-0.19145,0.00380,-0.55471,0.80971,0.33970,-1.67150,-0.23736,
1787040829533339136,-65.93018,62.25703,0.78842,-0.19168,0.00449,-0.55185,0.81160,0.45394,-1.70890,-0.26505,
1787040829633337856,-65.86992,62.08502,0.77172,-0.20384,0.01480,-0.55675,0.80515,0.57569,-1.74091,-0.04390,
1787040829733339136,-65.80206,61.92623,0.77715,-0.21956,0.03628,-0.55810,0.79938,0.70154,-1.65334,0.17333,
1787040829800007168,-65.74500,61.89722,0.78915,-0.22947,0.04300,-0.57414,0.78477,0.81681,-1.53337,0.22388,
1787040829866672896,-65.67102,61.79321,0.79813,-0.23781,0.05528,-0.58652,0.77226,0.85132,-1.39987,0.08718,
1787040829933337856,-65.62332,61.74671,0.79859,-0.24715,0.06712,-0.58514,0.76943,0.85828,-1.31894,-0.10412,
1787040830000008960,-65.57502,61.68301,0.79005,-0.25621,0.07819,-0.58141,0.76825,0.83539,-1.29797,-0.24855,
1787040830066672128,-65.52051,61.59817,0.77568,-0.26440,0.07839,-0.56863,0.77499,0.84211,-1.27745,-0.24676,
1787040830166672896,-65.43385,61.46923,0.76488,-0.27349,0.07066,-0.55089,0.78532,0.96610,-1.29763,0.00016,
1787040830233339136,-65.37155,61.37833,0.77132,-0.27303,0.07078,-0.54623,0.78872,0.96783,-1.34883,0.16790,
1787040830333338880,-65.27427,61.23299,0.79030,-0.27046,0.08128,-0.54845,0.78705,0.81324,-1.36279,0.26797,
1787040830400006912,-65.22277,61.14383,0.80544,-0.27662,0.07660,-0.55140,0.78331,0.72360,-1.32112,0.12226,
1787040830466672896,-65.17885,61.06383,0.80355,-0.28715,0.06815,-0.54584,0.78420,0.73758,-1.31736,-0.10365,
1787040830566672128,-65.09927,60.92924,0.78475,-0.30478,0.05768,-0.53523,0.78569,0.79684,-1.33023,-0.30068,
1787040830633337856,-65.03032,60.82590,0.76351,-0.31772,0.05615,-0.52018,0.79076,0.86338,-1.40989,-0.25044,
1787040830700005888,-64.96226,60.72814,0.75232,-0.33084,0.06095,-0.51596,0.78779,0.95968,-1.41229,-0.13438,
1787040830766673152,-64.88838,60.63206,0.74693,-0.34519,0.07472,-0.50929,0.78478,1.03930,-1.36254,0.07805,
1787040830833338880,-64.83307,60.54299,0.75535,-0.35865,0.09002,-0.50299,0.78120,1.08594,-1.32584,0.26913,
1787040830900006912,-64.74759,60.43089,0.76040,-0.36651,0.10348,-0.51412,0.76853,1.12371,-1.30817,0.22517,
1787040830966672896,-64.65289,60.32442,0.76465,-0.36770,0.11349,-0.52388,0.75992,1.11701,-1.24951,0.01791,
1787040831033339136,-64.56968,60.23525,0.75681,-0.36630,0.12252,-0.52223,0.76032,1.15094,-1.27330,-0.20519,
1787040831133339904,-64.40037,60.07898,0.71465,-0.36168,0.12986,-0.51962,0.76310,1.22608,-1.33125,-0.35582,
1787040831200006912,-64.29284,59.95431,0.70054,-0.35874,0.12283,-0.51736,0.76717,1.31548,-1.43943,-0.20777,
1787040831300007168,-64.17524,59.81950,0.69872,-0.34667,0.11205,-0.52578,0.76864,1.35401,-1.48391,0.07366,
1787040831366673920,-64.11843,59.76331,0.71717,-0.33171,0.11671,-0.54477,0.76130,1.19890,-1.41606,0.20050,
1787040831466672896,-64.00282,59.61682,0.73313,-0.31592,0.11458,-0.56886,0.75064,1.02578,-1.39508,0.08114,
1787040831533338112,-63.93233,59.52516,0.73161,-0.30889,0.10380,-0.57149,0.75313,1.02134,-1.36894,-0.13751,
1787040831633338880,-63.82058,59.38388,0.70508,-0.30320,0.09264,-0.57345,0.75541,1.09625,-1.41279,-0.35401,
1787040831700006912,-63.73844,59.28321,0.68274,-0.30546,0.09141,-0.56727,0.75931,1.13462,-1.44233,-0.29915,
1787040831800005888,-63.62259,59.13799,0.65151,-0.31282,0.10222,-0.56525,0.75643,1.23423,-1.41071,-0.03511,
1787040831866672896,-63.53341,59.04991,0.66753,-0.31963,0.11722,-0.55994,0.75536,1.27558,-1.37292,0.16412,
1787040831933340160,-63.44324,58.95926,0.67611,-0.32425,0.11875,-0.56984,0.74568,1.32159,-1.32908,0.23806,
1787040832033339136,-63.32633,58.84916,0.69635,-0.33112,0.12666,-0.57635,0.73631,1.28016,-1.08865,0.07408,
1787040832100006144,-63.24899,58.77978,0.69234,-0.33624,0.13296,-0.56184,0.74405,1.30721,-1.10209,-0.14905,
1787040832166673920,-63.21052,58.71992,0.67403,-0.34024,0.13765,-0.55227,0.74853,1.25635,-1.14234,-0.31693,
1787040832233339136,-63.09767,58.62211,0.65237,-0.34296,0.13288,-0.54059,0.75663,1.30937,-1.18442,-0.28155,
1787040832300005888,-63.01745,58.54438,0.63396,-0.34391,0.12501,-0.53802,0.75936,1.35386,-1.22241,-0.15071,
1787040832366673920,-62.92569,58.44252,0.62932,-0.33969,0.11913,-0.54025,0.76062,1.36406,-1.28300,0.08417,
1787040832433340160,-62.83612,58.37112,0.63557,-0.32935,0.11817,-0.54931,0.75883,1.25318,-1.23914,0.17327,
1787040832533339136,-62.72004,58.24378,0.65563,-0.31685,0.11650,-0.56751,0.75098,1.11896,-1.26126,0.11663,
1787040832600004864,-62.65505,58.16021,0.65519,-0.31107,0.10878,-0.57439,0.74931,1.07521,-1.24477,-0.08049,
1787040832666671872,-62.59474,58.08037,0.64457,-0.30809,0.09784,-0.57285,0.75323,1.06943,-1.22401,-0.24893,
1787040832766673152,-62.48854,57.95669,0.61686,-0.30840,0.09206,-0.56116,0.76257,1.10842,-1.29088,-0.28482,
1787040832833338880,-62.41373,57.85906,0.60466,-0.30823,0.09310,-0.55895,0.76413,1.13581,-1.34770,-0.14649,
1787040832900006144,-62.34450,57.76689,0.60666,-0.31284,0.09777,-0.55304,0.76598,1.19747,-1.32296,0.08876,
1787040833000008192,-62.24402,57.65014,0.62879,-0.31499,0.11000,-0.56048,0.75799,1.21545,-1.20300,0.25817,
1787040833066672128,-62.16601,57.56355,0.64121,-0.30951,0.11426,-0.57113,0.75164,1.20243,-1.08353,0.17868,
1787040833166672896,-62.09507,57.47020,0.64604,-0.30660,0.11524,-0.56361,0.75833,1.13630,-1.05949,-0.12086,
1787040833233339136,-62.03214,57.40414,0.63500,-0.29931,0.11036,-0.55561,0.76781,1.11040,-1.06556,-0.25811,
1787040833300005888,-61.98794,57.33201,0.62149,-0.29003,0.09792,-0.54465,0.78080,1.13220,-1.09023,-0.23718,
1787040833400006912,-61.87321,57.20549,0.60899,-0.27574,0.07643,-0.53692,0.79363,1.15208,-1.13145,0.03153,
1787040833466672896,-61.81811,57.12560,0.61554,-0.25723,0.05988,-0.53907,0.79978,1.03745,-1.15538,0.16195,
1787040833533338112,-61.74415,57.03031,0.62776,-0.24617,0.04567,-0.53778,0.80505,1.02613,-1.18617,0.24849,
1787040833600006144,-61.65730,56.92661,0.64148,-0.24175,0.04349,-0.55108,0.79748,1.03510,-1.24652,0.18229,
1787040833700006912,-61.56257,56.79950,0.64498,-0.24059,0.03347,-0.55982,0.79221,0.94758,-1.18568,-0.12842,
1787040833766673152,-61.52360,56.72443,0.63214,-0.24009,0.02042,-0.55615,0.79538,0.92942,-1.23420,-0.29684,
1787040833866672128,-61.43974,56.60476,0.60151,-0.24215,0.00969,-0.54849,0.80027,0.97367,-1.30628,-0.25208,
1787040833933339136,-61.35813,56.48847,0.59317,-0.24708,0.01395,-0.55405,0.79485,1.03579,-1.36645,-0.07371,
1787040834000006912,-61.28907,56.38343,0.59588,-0.25679,0.02553,-0.55132,0.79338,1.08231,-1.38493,0.11933,
1787040834066673152,-61.21527,56.27697,0.60895,-0.26410,0.02975,-0.55614,0.78745,1.10829,-1.39439,0.22727,
1787040834133337856,-61.15165,56.18302,0.62413,-0.26522,0.03227,-0.57756,0.77139,1.13673,-1.33425,0.18051,
1787040834233339904,-61.03986,56.04773,0.63075,-0.26203,0.04168,-0.58937,0.76305,1.15031,-1.23234,-0.07043,
1787040834300005888,-60.95240,55.94786,0.62139,-0.25969,0.05470,-0.58749,0.76447,1.16827,-1.27783,-0.23791,
1787040834400006144,-60.85102,55.82162,0.59339,-0.25853,0.05069,-0.58542,0.76673,1.11793,-1.28696,-0.22265,
1787040834466671104,-60.77872,55.73546,0.58304,-0.25607,0.03885,-0.58152,0.77121,1.10049,-1.28548,-0.04428,
1787040834533339136,-60.71228,55.64724,0.58916,-0.24968,0.02899,-0.58346,0.77227,1.08124,-1.29185,0.18009,
1787040834600006144,-60.61458,55.53246,0.59940,-0.24125,0.03233,-0.58293,0.77521,1.06450,-1.34312,0.23010,
1787040834700005888,-60.52172,55.39502,0.61796,-0.23010,0.03306,-0.60803,0.75911,0.86084,-1.34291,0.10946,
1787040834766673152,-60.46936,55.30084,0.61559,-0.22781,0.02291,-0.61126,0.75759,0.81965,-1.30820,-0.06632,
1787040834833338880,-60.42881,55.21686,0.60536,-0.22523,0.00998,-0.60860,0.76078,0.80007,-1.29495,-0.18726,
1787040834900006912,-60.38247,55.13860,0.59582,-0.22428,0.00249,-0.59002,0.77561,0.80257,-1.26147,-0.20284,
1787040834966672896,-60.34868,55.05928,0.58399,-0.22184,-0.00114,-0.56474,0.79489,0.79611,-1.32782,-0.13009,
1787040835066673152,-60.26424,54.91509,0.57949,-0.21512,0.00115,-0.53671,0.81588,0.82188,-1.38299,0.06217,
1787040835166672896,-60.18506,54.77474,0.59436,-0.20705,-0.00752,-0.53489,0.81913,0.85676,-1.38724,0.26999,
1787040835266671872,-60.09850,54.63239,0.61292,-0.19230,-0.01454,-0.55609,0.80844,0.85397,-1.26842,0.12579,
1787040835366672896,-60.02487,54.50913,0.62242,-0.19296,-0.02916,-0.56113,0.80439,0.86116,-1.37235,-0.21127,
1787040835466672896,-59.93787,54.36782,0.59107,-0.19664,-0.03609,-0.56131,0.80310,0.91979,-1.36975,-0.26263,
1787040835533338112,-59.88887,54.28013,0.57438,-0.20475,-0.03983,-0.55869,0.80272,0.90975,-1.40096,-0.15258,
1787040835633337856,-59.80000,54.14269,0.57457,-0.24702,-0.04364,-0.54488,0.80012,0.85944,-1.41397,0.11369,
1787040835700006912,-59.75810,54.05405,0.58505,-0.27264,-0.03659,-0.52945,0.80250,0.76316,-1.39818,0.19370,
1787040835800005888,-59.68611,53.89398,0.60109,-0.29157,-0.03615,-0.53393,0.79284,0.65425,-1.48112,0.12924,
1787040835900006912,-59.63173,53.74262,0.59570,-0.29727,-0.04445,-0.53503,0.78956,0.57935,-1.42803,-0.14927,
1787040835966672896,-59.59584,53.63978,0.57866,-0.30001,-0.04492,-0.52695,0.79392,0.61538,-1.46774,-0.28137,
1787040836066672128,-59.53693,53.49268,0.54985,-0.31220,-0.03296,-0.50925,0.80132,0.59917,-1.58101,-0.24351,
1787040836166671872,-59.49971,53.34577,0.53940,-0.33452,-0.01774,-0.49783,0.79997,0.55325,-1.56500,0.03166,
1787040836233339136,-59.46085,53.23278,0.54472,-0.34566,-0.01772,-0.49929,0.79430,0.60676,-1.57946,0.18251,
1787040836333338880,-59.41238,53.08741,0.56650,-0.33161,-0.00949,-0.52921,0.78095,0.55879,-1.35077,0.23978,
1787040836433337856,-59.37382,52.95348,0.57736,-0.26565,-0.00307,-0.53025,0.80514,0.39887,-1.38524,-0.05399,
1787040836500008960,-59.36969,52.86307,0.56950,-0.20386,-0.01562,-0.52781,0.82439,0.31025,-1.41218,-0.22755,
1787040836600004864,-59.34321,52.71308,0.54797,-0.11502,-0.04121,-0.51450,0.84874,0.29264,-1.48115,-0.22770,
1787040836666671872,-59.33201,52.61806,0.54173,-0.07224,-0.06107,-0.50015,0.86075,0.24914,-1.51244,-0.12482,
1787040836766671872,-59.30488,52.44996,0.54730,-0.01791,-0.10590,-0.48540,0.86767,0.19399,-1.53392,0.13387,
1787040836866672128,-59.27600,52.26619,0.56985,0.03363,-0.12571,-0.47993,0.86760,0.11812,-1.69628,0.19865,
1787040836933337856,-59.27629,52.16288,0.57857,0.06008,-0.14044,-0.49819,0.85350,0.05974,-1.55820,0.01466,
1787040837033339136,-59.27705,52.00992,0.56463,0.06379,-0.16084,-0.48171,0.85908,0.03004,-1.62541,-0.25557,
1787040837100007168,-59.32131,51.94438,0.50498,0.05851,-0.16547,-0.47806,0.86061,-0.05010,-1.64003,-0.36845,
1787040837200005888,-59.28893,51.67813,0.45040,0.05192,-0.16309,-0.49205,0.85358,-0.03183,-1.91009,-0.30758,
1787040837300005888,-59.29621,51.48115,0.45578,0.01856,-0.14264,-0.51692,0.84386,-0.02265,-1.88101,-0.01452,
1787040837366672896,-59.30999,51.37269,0.46673,0.00471,-0.13726,-0.51806,0.84425,-0.03103,-1.90280,0.16327,
1787040837466672896,-59.34273,51.22208,0.48852,-0.03542,-0.13693,-0.54939,0.82351,0.01674,-1.73199,0.09599,
1787040837533339136,-59.32686,51.10177,0.48767,-0.07850,-0.11589,-0.54328,0.82780,0.08456,-1.71395,-0.07792,
1787040837633337856,-59.32016,50.92779,0.46809,-0.19642,-0.06276,-0.52237,0.82741,0.10157,-1.70768,-0.33409,
1787040837700005888,-59.32055,50.79251,0.44475,-0.26665,-0.03391,-0.50057,0.82291,0.08252,-1.77343,-0.28009,
1787040837800005888,-59.33190,50.61508,0.43390,-0.33250,-0.00631,-0.48214,0.81052,0.01505,-1.82459,0.04139,
1787040837866672128,-59.34963,50.50750,0.43610,-0.36432,0.00908,-0.48869,0.79270,-0.14014,-1.69685,0.14753,
1787040837966674944,-59.38946,50.34885,0.45088,-0.38459,0.00777,-0.48338,0.78637,-0.29437,-1.61016,0.09200,
1787040838033339136,-59.41235,50.22390,0.44460,-0.38692,0.00266,-0.48654,0.78330,-0.32112,-1.64070,-0.13611,
1787040838100006144,-59.44279,50.14056,0.43708,-0.37902,-0.00379,-0.48770,0.78643,-0.32892,-1.62889,-0.36250,
1787040838166675200,-59.46874,50.04130,0.40543,-0.35904,-0.00701,-0.49646,0.79030,-0.37442,-1.65048,-0.54417,
1787040838233339136,-59.50107,49.92571,0.36587,-0.30868,-0.02108,-0.50703,0.80448,-0.45182,-1.63836,-0.59345,
1787040838333338880,-59.54849,49.77645,0.31487,-0.20659,-0.03741,-0.49214,0.84482,-0.38635,-1.60904,-0.41622,
1787040838400007936,-59.57719,49.69269,0.30641,-0.13855,-0.04154,-0.48299,0.86359,-0.31835,-1.68915,0.01589,
1787040838500005888,-59.61703,49.53545,0.32104,-0.05005,-0.06299,-0.49374,0.86588,-0.36888,-1.76661,0.12065,
1787040838566673152,-59.62784,49.35563,0.31548,-0.00092,-0.08875,-0.50726,0.85721,-0.36180,-1.76740,-0.10556,
1787040838633337856,-59.65417,49.23628,0.30481,0.04303,-0.10793,-0.50082,0.85772,-0.36290,-1.74793,-0.36777,
1787040838733339136,-59.70402,49.10410,0.27989,0.09787,-0.13937,-0.47962,0.86079,-0.34678,-1.67276,-0.47600,
1787040838800007168,-59.69612,48.96687,0.23622,0.12778,-0.16185,-0.46268,0.86221,-0.28051,-1.76533,-0.47346,
1787040838866674944,-59.70901,48.83663,0.22190,0.15219,-0.17897,-0.44860,0.86231,-0.31892,-1.81167,-0.12996,
1787040838933340160,-59.72771,48.70018,0.22630,0.17037,-0.20414,-0.44463,0.85534,-0.32669,-1.83574,0.17327,
1787040839000005888,-59.74549,48.57127,0.23755,0.18960,-0.21178,-0.44706,0.84814,-0.37147,-1.90384,0.16402,
1787040839066673920,-59.76834,48.46618,0.24119,0.21648,-0.22738,-0.44766,0.83728,-0.32553,-1.78952,-0.06322,
1787040839133338880,-59.78915,48.34304,0.22740,0.25202,-0.24276,-0.43974,0.82715,-0.28075,-1.82795,-0.23237,
1787040839233339136,-59.82437,48.18735,0.20691,0.29940,-0.25367,-0.41172,0.82249,-0.25584,-1.71708,-0.24784,
1787040839300007168,-59.84637,48.05541,0.19265,0.33737,-0.25673,-0.38715,0.81877,-0.30320,-1.85133,-0.04190,
1787040839400005120,-59.87686,47.85450,0.20511,0.38805,-0.26912,-0.37183,0.79921,-0.26834,-1.91261,0.36235,
1787040839466674944,-59.88995,47.70239,0.22984,0.41454,-0.27219,-0.38879,0.77647,-0.14611,-1.88349,0.36775,
1787040839533339904,-59.89577,47.58162,0.24844,0.42485,-0.26974,-0.39561,0.76827,-0.08691,-1.88099,0.09498,
1787040839600007936,-59.89092,47.44230,0.25595,0.41357,-0.25762,-0.40095,0.77578,-0.10345,-1.98657,-0.16422,
1787040839666672896,-59.90641,47.29826,0.22319,0.38034,-0.24939,-0.41765,0.78658,-0.16355,-2.12352,-0.39195,
1787040839733338112,-59.90813,47.15061,0.19694,0.32225,-0.23429,-0.44626,0.80132,-0.10976,-2.15925,-0.30809,
1787040839800005888,-59.90990,47.05276,0.18876,0.25817,-0.22235,-0.46682,0.81608,-0.08115,-1.97846,-0.02257,
1787040839866672128,-59.91310,46.89040,0.18970,0.19982,-0.21640,-0.47843,0.82725,-0.12838,-1.92436,0.16019,
1787040839933339136,-59.92688,46.79977,0.20917,0.14782,-0.20907,-0.48951,0.83356,-0.21458,-1.78767,0.31258,
1787040840000005888,-59.94070,46.66818,0.22620,0.10540,-0.20745,-0.49734,0.83577,-0.21819,-1.70934,0.20934,
1787040840066672128,-59.96598,46.62317,0.24081,0.06587,-0.20063,-0.49101,0.84517,-0.23162,-1.60061,-0.03931,
1787040840133338880,-59.99021,46.53781,0.23515,0.02966,-0.19609,-0.48366,0.85249,-0.25316,-1.62373,-0.25620,
1787040840200006912,-60.01465,46.43986,0.21669,-0.00004,-0.18540,-0.47369,0.86095,-0.27272,-1.63539,-0.34563,
1787040840266671872,-60.04682,46.39417,0.23014,-0.02463,-0.17320,-0.46203,0.86944,-0.35177,-1.61333,-0.12598,
1787040840333338112,-60.08264,46.31908,0.24555,-0.05184,-0.16163,-0.46128,0.87087,-0.35671,-1.54825,0.11664,
1787040840433339136,-60.10761,46.10966,0.26356,-0.08346,-0.14897,-0.45606,0.87341,-0.21481,-1.57570,0.36431,
1787040840500005120,-60.11573,45.97789,0.28643,-0.10393,-0.14407,-0.46960,0.86482,-0.10465,-1.64394,0.40805,
1787040840600007168,-60.11671,45.79585,0.30749,-0.11687,-0.12828,-0.48779,0.85554,0.00118,-1.58239,0.07420,
1787040840666671104,-60.10491,45.65117,0.30653,-0.11728,-0.11073,-0.49014,0.85659,0.01638,-1.66856,-0.15229,
1787040840766673152,-60.11287,45.49726,0.26400,-0.11540,-0.09984,-0.47854,0.86470,-0.03219,-1.65854,-0.19683,
1787040840833338880,-60.11660,45.38975,0.24563,-0.11430,-0.10414,-0.46527,0.87156,-0.07074,-1.64439,-0.00318,
1787040840933339136,-60.12499,45.23077,0.25676,-0.10240,-0.11876,-0.45331,0.87745,-0.14375,-1.58725,0.25575,
1787040841000005888,-60.13557,45.11780,0.27183,-0.08870,-0.12049,-0.45517,0.87774,-0.24486,-1.57881,0.32578,
1787040841066672128,-60.15415,45.03004,0.28884,-0.07410,-0.13307,-0.46577,0.87170,-0.32140,-1.46029,0.18389,
1787040841166671872,-60.18088,44.86803,0.28890,-0.05441,-0.14821,-0.46062,0.87344,-0.32027,-1.46509,-0.15090,
1787040841233338112,-60.19561,44.75048,0.27329,-0.05194,-0.15444,-0.45272,0.87664,-0.32147,-1.56613,-0.29979,
1787040841300005888,-60.21503,44.65174,0.25740,-0.05171,-0.15449,-0.44445,0.88087,-0.34330,-1.56668,-0.24359,
1787040841366673920,-60.24010,44.55094,0.24523,-0.04841,-0.15549,-0.44052,0.88285,-0.35106,-1.60378,-0.11329,
1787040841466672896,-60.26495,44.37205,0.25199,-0.01517,-0.14760,-0.43393,0.88864,-0.22318,-1.58419,0.23619,
1787040841533339136,-60.27792,44.25747,0.27035,0.00108,-0.14927,-0.43189,0.88949,-0.20766,-1.63610,0.30685,
1787040841600006144,-60.29211,44.15265,0.28764,0.01042,-0.15722,-0.44528,0.88142,-0.12417,-1.65229,0.21788,
1787040841666671872,-60.30149,44.04974,0.29566,0.02024,-0.15290,-0.45518,0.87694,-0.04690,-1.57234,0.02728,
1787040841733339136,-60.30459,43.93152,0.29077,0.02710,-0.13557,-0.45276,0.88085,-0.03380,-1.62946,-0.15336,
1787040841800005888,-60.30561,43.81785,0.27519,0.02657,-0.12327,-0.45564,0.88119,-0.04085,-1.68884,-0.27259,
1787040841866672896,-60.30680,43.69324,0.25616,0.02302,-0.11274,-0.45948,0.88070,-0.06854,-1.78209,-0.23940,
1787040841933339136,-60.31255,43.57145,0.24378,0.01270,-0.11351,-0.47624,0.87186,-0.11841,-1.83781,-0.09045,
1787040842033339136,-60.32717,43.40631,0.25103,-0.00056,-0.12269,-0.49342,0.86110,-0.15471,-1.73076,0.18821,
1787040842133338880,-60.35135,43.22410,0.27147,-0.01763,-0.11627,-0.51609,0.84842,-0.31060,-1.66119,0.20145,
1787040842200007936,-60.37731,43.12552,0.27783,-0.03229,-0.12926,-0.52743,0.83908,-0.35006,-1.54440,-0.00005,
1787040842266673152,-60.40496,43.02044,0.27348,-0.04656,-0.14195,-0.52161,0.84000,-0.35378,-1.54384,-0.18150,
1787040842333338880,-60.43156,42.90151,0.26064,-0.06103,-0.14829,-0.51316,0.84318,-0.32718,-1.60649,-0.26574,
1787040842400006144,-60.45401,42.80255,0.24341,-0.07455,-0.14499,-0.50073,0.85011,-0.30672,-1.61627,-0.24049,
1787040842466672896,-60.48095,42.72635,0.23761,-0.09294,-0.13667,-0.48632,0.85801,-0.29592,-1.57839,-0.08219,
1787040842566673920,-60.50627,42.55503,0.24771,-0.12295,-0.10626,-0.45927,0.87330,-0.20643,-1.61212,0.23064,
1787040842633338880,-60.52354,42.46137,0.26418,-0.14285,-0.09280,-0.45050,0.87637,-0.17196,-1.60203,0.30197,
1787040842733338112,-60.54213,42.32020,0.28980,-0.16830,-0.08564,-0.46582,0.86450,-0.06038,-1.54026,0.16416,
1787040842833338880,-60.55197,42.15458,0.28827,-0.17583,-0.06368,-0.46295,0.86643,-0.05744,-1.55495,-0.12382,
1787040842933339136,-60.56231,41.96527,0.26347,-0.17340,-0.05423,-0.46787,0.86492,-0.09677,-1.67050,-0.27591,
1787040843033338112,-60.57573,41.79022,0.24508,-0.16055,-0.06555,-0.46668,0.86726,-0.13069,-1.66236,-0.07763,
1787040843133338880,-60.59115,41.62891,0.25282,-0.12623,-0.08627,-0.45448,0.87753,-0.16565,-1.59977,0.19653,
1787040843233339136,-60.61129,41.45877,0.27330,-0.08948,-0.09270,-0.46134,0.87782,-0.28311,-1.54783,0.24833,
1787040843333338112,-60.63742,41.28460,0.28412,-0.06303,-0.11453,-0.46198,0.87720,-0.31025,-1.50404,-0.02523,
1787040843433339136,-60.66455,41.12712,0.26900,-0.04540,-0.12799,-0.45193,0.88166,-0.29471,-1.62452,-0.26301,
1787040843500008960,-60.68230,41.01751,0.24993,-0.03612,-0.13317,-0.45442,0.88003,-0.29373,-1.71182,-0.28744,
1787040843600004864,-60.71100,40.84751,0.24062,-0.03875,-0.13185,-0.47368,0.86991,-0.22157,-1.72397,-0.03803,
1787040843700005888,-60.72137,40.67281,0.24079,-0.04206,-0.11219,-0.47501,0.87178,-0.14288,-1.69656,0.22937,
1787040843800007936,-60.72527,40.49128,0.26359,-0.05457,-0.10650,-0.49233,0.86214,0.01533,-1.69325,0.23058,
1787040843900007936,-60.71892,40.33360,0.27192,-0.06192,-0.07869,-0.50286,0.85855,0.06722,-1.61134,-0.04670,
1787040843966671872,-60.71450,40.21567,0.26457,-0.07048,-0.05961,-0.50226,0.85977,0.02745,-1.64661,-0.19532,
1787040844066672128,-60.71474,40.04502,0.24114,-0.08866,-0.04957,-0.49118,0.86511,-0.04177,-1.65498,-0.25155,
1787040844133338880,-60.71930,39.94873,0.23055,-0.09411,-0.05262,-0.48601,0.86727,-0.03255,-1.64310,-0.10224,
1787040844233338112,-60.72414,39.80537,0.23597,-0.08671,-0.05877,-0.47448,0.87401,-0.05454,-1.61550,0.18770,
1787040844300007168,-60.72937,39.70064,0.24948,-0.07637,-0.05582,-0.47606,0.87431,-0.11602,-1.53505,0.25541,
1787040844400006144,-60.74739,39.53840,0.26923,-0.06258,-0.06859,-0.47592,0.87457,-0.26488,-1.45847,0.10514,
1787040844466672896,-60.76164,39.43717,0.27428,-0.05033,-0.08109,-0.46875,0.87816,-0.26405,-1.46628,-0.06480,
1787040844533339136,-60.77746,39.33259,0.26735,-0.03891,-0.09441,-0.46176,0.88111,-0.26153,-1.52228,-0.18822,
1787040844633338880,-60.80283,39.18552,0.24418,-0.01656,-0.10646,-0.45619,0.88334,-0.26592,-1.57812,-0.24295,
1787040844733339136,-60.82985,39.03486,0.22986,0.00534,-0.11122,-0.44697,0.88759,-0.26430,-1.57468,-0.03318,
1787040844800007168,-60.84283,38.92271,0.23712,0.00863,-0.10896,-0.43970,0.89147,-0.22255,-1.58401,0.16106,
1787040844866672896,-60.85628,38.82294,0.25243,0.00359,-0.11103,-0.43390,0.89409,-0.15410,-1.60903,0.26343,
1787040844966672896,-60.85908,38.65715,0.27354,-0.02720,-0.09979,-0.45550,0.88421,0.00671,-1.62438,0.13001,
1787040845033339136,-60.85284,38.54456,0.27754,-0.05759,-0.07971,-0.45676,0.88414,0.04429,-1.60075,-0.03287,
1787040845100007168,-60.84770,38.43017,0.27144,-0.08892,-0.05883,-0.45593,0.88361,0.03142,-1.64978,-0.17899,
1787040845200005888,-60.84562,38.26346,0.24918,-0.13903,-0.04435,-0.44998,0.88103,0.03576,-1.65646,-0.23234,
1787040845266673920,-60.84729,38.15250,0.24108,-0.16723,-0.03905,-0.44453,0.87915,0.09482,-1.69140,-0.07097,
1787040845366673920,-60.83832,37.97735,0.24717,-0.19330,-0.02737,-0.45144,0.87068,0.15797,-1.79202,0.15705,
1787040845466672896,-60.82224,37.78909,0.26018,-0.20631,-0.00047,-0.50497,0.83812,0.12271,-1.75797,0.18562,
1787040845533339136,-60.82139,37.67641,0.26675,-0.22099,0.00669,-0.52309,0.82310,0.00482,-1.63866,0.06116,
1787040845633338880,-60.82418,37.51890,0.26253,-0.25656,0.00509,-0.52237,0.81319,0.00914,-1.61473,-0.13698,
1787040845733339136,-60.81865,37.34666,0.24401,-0.30539,0.01623,-0.50088,0.80969,0.02805,-1.67045,-0.20838,
1787040845833338880,-60.81364,37.17779,0.23675,-0.34377,0.02716,-0.48582,0.80316,0.07104,-1.77591,0.04858,
1787040845900007936,-60.80857,37.06668,0.24280,-0.36296,0.03904,-0.48617,0.79396,0.13124,-1.72049,0.18766,
1787040845966672896,-60.79534,36.94627,0.25857,-0.37709,0.05969,-0.47344,0.79378,0.17745,-1.63070,0.27225,
1787040846066673920,-60.77102,36.77623,0.28447,-0.40067,0.06260,-0.47960,0.77816,0.34763,-1.73373,0.23999,
1787040846133337856,-60.74131,36.65567,0.29411,-0.41023,0.06337,-0.49447,0.76368,0.36674,-1.59972,0.07163,
1787040846200005120,-60.70139,36.53163,0.29432,-0.41639,0.07436,-0.48702,0.76413,0.43083,-1.64210,-0.10860,
1787040846266673920,-60.66869,36.42509,0.28753,-0.42450,0.08249,-0.47933,0.76370,0.46725,-1.68562,-0.18843,
1787040846366672896,-60.61389,36.26555,0.27949,-0.43350,0.07929,-0.48308,0.75659,0.59763,-1.76719,0.13400,
1787040846433339136,-60.56927,36.14625,0.29644,-0.42821,0.07311,-0.49452,0.75282,0.60194,-1.70960,0.37210,
1787040846500006912,-60.53052,36.06190,0.32215,-0.41192,0.07370,-0.52554,0.74074,0.56040,-1.65378,0.47574,
1787040846566673152,-60.48764,35.94854,0.34950,-0.39669,0.07087,-0.55519,0.72758,0.40788,-1.49755,0.41095,
1787040846666672896,-60.44388,35.81677,0.38240,-0.36768,0.06351,-0.57465,0.72839,0.38309,-1.36918,0.15049,
1787040846733338112,-60.42129,35.75879,0.38900,-0.35667,0.05710,-0.57758,0.73207,0.43260,-1.30877,-0.02842,
1787040846800007168,-60.36397,35.64255,0.38130,-0.35105,0.05969,-0.57665,0.73531,0.53704,-1.39040,-0.16024,
1787040846866672128,-60.35738,35.62555,0.37328,-0.34732,0.06461,-0.57507,0.73789,0.52589,-1.33512,-0.14693,
1787040846966674176,-60.29721,35.48127,0.36834,-0.34678,0.07487,-0.57693,0.73572,0.60668,-1.38994,0.02617,
1787040847033340928,-60.25284,35.39329,0.37836,-0.35115,0.09706,-0.57350,0.73374,0.68338,-1.23900,0.20464,
1787040847133337856,-60.14051,35.23426,0.40282,-0.36808,0.14192,-0.55336,0.73360,0.84735,-1.23189,0.25727,
1787040847233339904,-60.05852,35.15748,0.41968,-0.38940,0.16847,-0.56217,0.70990,0.86025,-1.03299,0.11406,
1787040847333338880,-59.97911,35.09040,0.42037,-0.41610,0.18972,-0.54365,0.70378,0.89202,-0.96616,-0.11426,
1787040847400008960,-59.90206,35.01406,0.41127,-0.43628,0.19553,-0.53176,0.69904,0.93282,-0.99971,-0.18936,
1787040847466671872,-59.85230,34.97647,0.40060,-0.45530,0.19220,-0.51846,0.69783,0.93251,-0.95760,-0.14601,
1787040847566672128,-59.73757,34.87187,0.40260,-0.48356,0.18617,-0.48532,0.70425,1.01231,-0.90126,0.14637,
1787040847666672896,-59.62565,34.78035,0.42795,-0.49697,0.18242,-0.47633,0.70203,1.00795,-0.95033,0.25630,
1787040847766671872,-59.53077,34.69592,0.45564,0.51308,-0.18281,0.47513,-0.69107,0.88060,-0.94366,0.22454,
1787040847833338880,-59.48199,34.65554,0.46586,0.52636,-0.17156,0.47349,-0.68507,0.85517,-0.88429,0.07302,
1787040847933339136,-59.39843,34.57528,0.46103,0.54747,-0.16269,0.46438,-0.67687,0.93379,-0.90043,-0.14978,
1787040848033339136,-59.30289,34.48019,0.43954,0.56710,-0.15811,0.45664,-0.66699,0.98362,-0.96794,-0.23432,
1787040848133338880,-59.19749,34.38602,0.42273,0.58668,-0.15999,0.44768,-0.65559,1.05188,-0.95062,-0.04286,
1787040848233340928,-59.07924,34.29484,0.43246,0.59147,-0.17195,0.44368,-0.65096,1.18422,-0.85258,0.24258,
1787040848333339904,-58.95144,34.22054,0.45466,0.57264,-0.18375,0.46818,-0.64740,1.32567,-0.70542,0.23484,
1787040848400006144,-58.84987,34.17445,0.46049,0.55684,-0.20129,0.49043,-0.63944,1.30538,-0.61887,0.04905,
1787040848500008960,-58.71394,34.11545,0.44921,0.54521,-0.21768,0.49783,-0.63838,1.31072,-0.61902,-0.21304,
1787040848600006144,-58.59273,34.06538,0.42248,0.54765,-0.22028,0.49527,-0.63739,1.29457,-0.53994,-0.24144,
1787040848666672896,-58.49073,34.02870,0.41352,0.56108,-0.22107,0.48387,-0.63418,1.31016,-0.47814,-0.03602,
1787040848766671872,-58.35480,33.98352,0.42746,0.58139,-0.22055,0.46741,-0.62839,1.33216,-0.46408,0.25450,
1787040848866673920,-58.21733,33.93676,0.45436,0.59078,-0.23349,0.46397,-0.61741,1.19102,-0.45645,0.29335,
1787040848933340160,-58.14344,33.90629,0.47319,0.60342,-0.23407,0.45922,-0.60845,1.13011,-0.47283,0.16485,
1787040849033339136,-58.01517,33.84954,0.47713,0.61908,-0.22752,0.45686,-0.59687,1.21253,-0.49008,-0.08621,
1787040849133338880,-57.89608,33.79524,0.45994,0.62581,-0.21749,0.45281,-0.59667,1.26998,-0.49247,-0.21713,
1787040849200009984,-57.79489,33.74810,0.44889,0.62674,-0.21192,0.44867,-0.60081,1.31389,-0.53093,-0.14650,
1787040849300007168,-57.66398,33.69673,0.44857,0.62975,-0.20709,0.43683,-0.60803,1.34188,-0.46325,0.12312,
1787040849366672128,-57.54792,33.65566,0.46740,0.63216,-0.21138,0.42518,-0.61230,1.33947,-0.37992,0.26105,
1787040849466672896,-57.39997,33.61455,0.50041,0.63073,-0.21187,0.42468,-0.61396,1.43676,-0.23798,0.30918,
1787040849566673152,-57.26135,33.59975,0.52365,0.62816,-0.22601,0.42066,-0.61432,1.39815,-0.09881,0.05756,
1787040849633337856,-57.16909,33.59367,0.51992,0.62880,-0.23912,0.40517,-0.61908,1.46909,-0.08946,-0.13020,
1787040849733339136,-56.99242,33.56694,0.50421,0.63389,-0.25199,0.39312,-0.61656,1.57091,-0.13360,-0.23307,
1787040849833339904,-56.84011,33.54172,0.48820,0.63505,-0.25390,0.39762,-0.61167,1.61320,-0.15367,-0.01691,
1787040849933340160,-56.66443,33.50750,0.49569,0.62292,-0.25092,0.41577,-0.61331,1.58480,-0.22961,0.18745,
1787040850000005888,-56.56551,33.49159,0.50923,0.61676,-0.24600,0.42532,-0.61497,1.49425,-0.29302,0.24086,
1787040850100004864,-56.40851,33.44643,0.52678,0.60640,-0.23590,0.45188,-0.61028,1.42147,-0.35461,0.11217,
1787040850200009216,-56.23590,33.40360,0.52518,0.59838,-0.21499,0.46426,-0.61658,1.42049,-0.33647,-0.13609,
1787040850300005888,-56.09499,33.36361,0.50378,0.59842,-0.19838,0.45649,-0.62781,1.48812,-0.32946,-0.26451,
1787040850400009984,-55.90009,33.32576,0.48752,0.60499,-0.18931,0.44468,-0.63278,1.61646,-0.32690,-0.07613,
1787040850466672896,-55.80203,33.30182,0.49168,0.61170,-0.18919,0.43502,-0.63308,1.64702,-0.28355,0.12939,
1787040850566673920,-55.62173,33.27989,0.51362,0.62069,-0.19139,0.43268,-0.62522,1.65840,-0.16676,0.30724,
1787040850666676992,-55.44963,33.27275,0.54082,0.62256,-0.21062,0.44418,-0.60890,1.60663,0.00385,0.19103,
1787040850766673920,-55.28238,33.27468,0.54369,0.62474,-0.23125,0.42754,-0.61109,1.66764,0.00421,-0.08756,
1787040850866672896,-55.08015,33.27220,0.52016,0.62152,-0.25269,0.43185,-0.60280,1.79183,-0.05705,-0.26445,
1787040850933339136,-54.95185,33.26641,0.50193,0.61705,-0.26023,0.44363,-0.59559,1.81863,-0.09293,-0.19200,
1787040851033339136,-54.77632,33.25354,0.49529,0.60675,-0.25670,0.46181,-0.59387,1.81826,-0.15685,0.06516,
1787040851133341184,-54.59461,33.23313,0.51221,0.58419,-0.26553,0.49108,-0.58912,1.74037,-0.26896,0.21743,
1787040851233339136,-54.42381,33.20388,0.52954,0.56144,-0.27494,0.52122,-0.58096,1.65453,-0.33594,0.04593,
1787040851333338880,-54.31751,33.14207,0.50962,0.54715,-0.27570,0.54036,-0.57674,1.58753,-0.36465,-0.18127,
1787040851400006144,-54.13307,33.12718,0.49584,0.54340,-0.28085,0.54175,-0.57649,1.66399,-0.32559,-0.18944,
1787040851500005120,-53.93981,33.09615,0.47653,0.54099,-0.28996,0.53532,-0.58023,1.80504,-0.38338,-0.15348,
1787040851600007168,-53.76201,33.05855,0.47078,0.53630,-0.31040,0.53210,-0.57697,1.80004,-0.32903,0.05608,
1787040851666675200,-53.67783,33.03626,0.48289,0.53944,-0.32783,0.52570,-0.57023,1.69298,-0.25056,0.22640,
1787040851766673152,-53.50056,33.01625,0.50669,0.54624,-0.34341,0.52576,-0.55432,1.70363,-0.13293,0.21421,
1787040851866673920,-53.32446,33.00713,0.51925,0.55288,-0.35731,0.51705,-0.54709,1.64962,-0.06153,0.00716,
1787040851966672896,-53.22055,32.97188,0.55694,0.56015,-0.36114,0.49993,-0.55306,1.56667,-0.09881,-0.08321,
1787040852033339904,-53.05196,32.96226,0.54753,0.56715,-0.35075,0.48701,-0.56403,1.62835,-0.11425,-0.10570,
1787040852133339904,-52.76610,32.95801,0.54761,0.57469,-0.32767,0.47405,-0.58106,1.81159,-0.10634,0.08913,
1787040852233341952,-52.65397,32.93800,0.57067,0.57337,-0.30405,0.47563,-0.59378,1.74759,-0.19390,0.32269,
1787040852333338880,-52.48355,32.91271,0.60173,0.57429,-0.29036,0.47571,-0.59965,1.70159,-0.28332,0.28794,
1787040852433339136,-52.30603,32.87933,0.61818,0.57841,-0.26858,0.47707,-0.60474,1.65533,-0.32150,0.04879,
1787040852500005120,-52.17896,32.85480,0.61678,0.58163,-0.25426,0.47885,-0.60643,1.70680,-0.33106,-0.07243,
1787040852600004864,-51.98548,32.82002,0.60222,0.59029,-0.23793,0.47027,-0.61139,1.79338,-0.33006,-0.18904,
1787040852700005888,-51.78953,32.78199,0.58739,0.60099,-0.23014,0.45642,-0.61444,1.87111,-0.35135,-0.05082,
1787040852800005888,-51.59808,32.74510,0.59377,0.61304,-0.23163,0.43617,-0.61668,1.85674,-0.29255,0.18794,
1787040852900006144,-51.46465,32.67627,0.58725,0.62201,-0.22603,0.43177,-0.61285,1.83019,-0.28826,0.29577,
1787040853000006912,-51.25468,32.65610,0.61691,0.62156,-0.23194,0.43458,-0.60911,1.78973,-0.14380,0.11146,
1787040853066676992,-51.10218,32.67842,0.64517,0.62331,-0.23772,0.41788,-0.61673,1.88265,-0.09464,-0.04606,
1787040853166672896,-50.91194,32.66373,0.62805,0.62825,-0.24279,0.39946,-0.62193,2.00296,-0.15056,-0.21700,
1787040853266676992,-50.70833,32.63588,0.60665,0.62698,-0.24622,0.40943,-0.61534,2.12608,-0.17794,-0.07988,
1787040853333338880,-50.57613,32.61116,0.60405,0.62268,-0.24395,0.41877,-0.61432,2.06346,-0.20420,0.12059,
1787040853400006912,-50.44409,32.58706,0.61186,0.61696,-0.24261,0.42896,-0.61359,2.02891,-0.23726,0.22789,
1787040853500005888,-50.24916,32.56178,0.63757,0.61488,-0.24665,0.43606,-0.60905,1.91708,-0.32719,0.22976,
1787040853600007936,-50.04868,32.52007,0.64483,0.61671,-0.23910,0.44319,-0.60505,1.90139,-0.35347,-0.03217,
1787040853700006912,-49.86907,32.48358,0.62833,0.61964,-0.22726,0.44402,-0.60601,1.93745,-0.33250,-0.19644,
1787040853766673152,-49.75024,32.45140,0.61158,0.62318,-0.22273,0.44065,-0.60652,1.96141,-0.34691,-0.24687,
1787040853866672896,-49.54876,32.41410,0.59573,0.62776,-0.22169,0.43059,-0.60940,2.03017,-0.37395,-0.06436,
1787040853933337856,-49.42983,32.38030,0.59594,0.62953,-0.22265,0.42447,-0.61152,2.09087,-0.37561,0.12127,
1787040854000008192,-49.29296,32.35538,0.60405,0.62554,-0.22872,0.43099,-0.60880,2.11190,-0.29173,0.23822,
1787040854100007168,-49.07500,32.33051,0.62172,0.60661,-0.25052,0.46197,-0.59652,2.15301,-0.13644,0.17255,
1787040854166671872,-48.93702,32.32741,0.62717,0.59818,-0.26444,0.46548,-0.59631,2.07337,-0.06226,-0.00615,
1787040854233339136,-48.76943,32.32486,0.61754,0.59548,-0.27512,0.45593,-0.60153,2.10703,-0.04566,-0.13959,
1787040854333338112,-48.56961,32.32377,0.59841,0.59762,-0.28028,0.44151,-0.60776,2.05859,-0.05424,-0.22741,
1787040854400007936,-48.43400,32.31743,0.58939,0.60006,-0.26879,0.43051,-0.61834,2.05433,-0.06469,-0.09345,
1787040854500006912,-48.17764,32.32058,0.59431,0.60266,-0.24734,0.41871,-0.63270,2.16659,-0.08835,0.20696,
1787040854600007936,-47.95138,32.31647,0.62252,0.60301,-0.25174,0.41894,-0.63047,2.09004,-0.16782,0.28309,
1787040854666673920,-47.84960,32.29982,0.64377,0.60380,-0.24968,0.42065,-0.62939,2.00423,-0.24650,0.20914,
1787040854766673152,-47.63777,32.27258,0.65113,0.60214,-0.24011,0.42741,-0.63016,2.04260,-0.27816,-0.06095,
1787040854866672896,-47.42919,32.24649,0.63722,0.60243,-0.22830,0.42776,-0.63402,2.09988,-0.27991,-0.21079,
1787040854933339136,-47.28701,32.22948,0.62433,0.60137,-0.22056,0.42460,-0.63986,2.12956,-0.29427,-0.17507,
1787040855033339136,-47.05728,32.20332,0.60904,0.60037,-0.21162,0.41461,-0.65028,2.20648,-0.30855,-0.05613,
1787040855133339904,-46.83197,32.17782,0.61786,0.60754,-0.21016,0.40055,-0.65290,2.22334,-0.19538,0.21321,
1787040855233339136,-46.62495,32.16178,0.63410,0.61285,-0.21612,0.40698,-0.64193,2.31806,-0.13985,0.23096,
1787040855300005888,-46.45684,32.16258,0.63353,0.61694,-0.22789,0.41424,-0.62918,2.26624,-0.03478,0.03748,
1787040855400006144,-46.21727,32.17461,0.61606,0.62477,-0.24480,0.40522,-0.62091,2.36680,0.00220,-0.21001,
1787040855500006912,-46.04275,32.17548,0.57852,0.63096,-0.25459,0.40254,-0.61240,2.30892,0.00834,-0.24542,
1787040855600007936,-45.81927,32.17500,0.55388,0.63306,-0.25059,0.40754,-0.60856,2.30772,0.00760,0.01126,
1787040855666671872,-45.62421,32.18034,0.54854,0.62798,-0.24937,0.41947,-0.60621,2.32776,0.00366,0.13898,
1787040855733339136,-45.46535,32.18413,0.56063,0.62488,-0.25123,0.42100,-0.60759,2.25534,-0.02264,0.22420,
1787040855833338880,-45.29018,32.17015,0.57242,0.61987,-0.25743,0.42912,-0.60443,2.21070,-0.11131,0.06286,
1787040855900006912,-45.13510,32.16453,0.56966,0.61813,-0.25762,0.43904,-0.59899,2.23546,-0.10535,-0.13913,
1787040855966672896,-44.98879,32.15479,0.55819,0.61972,-0.25653,0.44235,-0.59537,2.24979,-0.08674,-0.24932,
1787040856033339136,-44.82719,32.15639,0.54687,0.62414,-0.25533,0.43658,-0.59552,2.28087,-0.08816,-0.29802,
1787040856133338880,-44.57870,32.15225,0.52199,0.63197,-0.25128,0.43004,-0.59375,2.37348,-0.08343,-0.14830,
1787040856200006912,-44.40799,32.15210,0.51873,0.63619,-0.25509,0.42082,-0.59422,2.38094,-0.04715,0.03747,
1787040856266673920,-44.32074,32.13855,0.52218,0.64083,-0.25754,0.41663,-0.59113,2.30241,-0.03731,0.16931,
1787040856333339904,-44.14986,32.14630,0.53987,0.64191,-0.25786,0.42023,-0.58725,2.36293,0.05674,0.22815,
1787040856400007936,-43.89699,32.19720,0.52884,0.63813,-0.27048,0.42635,-0.58126,2.41040,0.18611,0.08254,
1787040856466672896,-43.76549,32.18796,0.55042,0.63668,-0.27966,0.41826,-0.58437,2.38010,0.18886,-0.07975,
1787040856533339136,-43.68243,32.19350,0.54151,0.63544,-0.28738,0.41226,-0.58623,2.34175,0.15599,-0.24333,
1787040856600007168,-43.53015,32.20148,0.52398,0.63678,-0.28484,0.40638,-0.59011,2.32938,0.13528,-0.31407,
1787040856666672896,-43.36251,32.21633,0.50543,0.63745,-0.27665,0.40688,-0.59293,2.38433,0.13009,-0.21779,
1787040856733339136,-43.20713,32.22554,0.49664,0.63655,-0.26371,0.41153,-0.59658,2.36668,0.13977,-0.01147,
1787040856800007936,-43.03968,32.23708,0.50191,0.63023,-0.25635,0.41971,-0.60079,2.38727,0.12184,0.12349,
1787040856866673920,-42.84411,32.25534,0.51340,0.62365,-0.25683,0.42012,-0.60712,2.40715,0.05647,0.22814,
1787040856933339136,-42.67987,32.26102,0.52818,0.61445,-0.26138,0.43227,-0.60603,2.36779,-0.04855,0.15687,
1787040857033339904,-42.44445,32.25199,0.52880,0.60716,-0.25065,0.44686,-0.60732,2.31060,-0.09900,-0.13314,
1787040857100007168,-42.30849,32.24633,0.51773,0.60480,-0.24166,0.45404,-0.60799,2.33992,-0.10249,-0.25747,
1787040857200007936,-42.09686,32.23520,0.49127,0.60281,-0.23541,0.45525,-0.61151,2.36875,-0.14079,-0.24511,
1787040857266673152,-41.93948,32.22417,0.47870,0.60128,-0.23720,0.45835,-0.61001,2.37861,-0.15275,-0.12102,
1787040857333338880,-41.87724,32.14313,0.49729,0.60525,-0.23885,0.45136,-0.61065,2.29707,-0.19082,0.10780,
1787040857433339136,-41.58813,32.20218,0.50225,0.60974,-0.24051,0.44908,-0.60721,2.32708,-0.06210,0.22921,
1787040857500005888,-41.44456,32.19747,0.51879,0.60868,-0.24463,0.45592,-0.60150,2.27845,0.01794,0.18664,
1787040857566674944,-41.25924,32.21842,0.52927,0.60686,-0.24916,0.44965,-0.60618,2.27362,0.07944,0.02073,
1787040857666671872,-41.03290,32.22561,0.52283,0.60741,-0.25593,0.43307,-0.61482,2.33265,0.05303,-0.21037,
1787040857733339136,-40.90147,32.21807,0.50916,0.60718,-0.25421,0.42566,-0.62090,2.34013,0.01721,-0.26138,
1787040857833340928,-40.77085,32.20097,0.50553,0.60770,-0.24404,0.42440,-0.62532,2.29874,-0.01020,-0.05366,
1787040857900006912,-40.64850,32.19112,0.50848,0.60975,-0.23422,0.42268,-0.62825,2.31810,-0.04923,0.18456,
1787040858000005888,-40.42893,32.18117,0.53716,0.60221,-0.23686,0.42940,-0.62997,2.21604,-0.15031,0.26939,
1787040858100006144,-40.24310,32.14811,0.55954,0.58738,-0.22787,0.44908,-0.63355,2.07721,-0.28357,0.07697,
1787040858166672896,-40.08815,32.12561,0.56478,0.57617,-0.21329,0.46298,-0.63890,2.09011,-0.31258,-0.09333,
1787040858266673152,-39.92248,32.08011,0.55492,0.55996,-0.19671,0.47555,-0.64931,2.11169,-0.32276,-0.21490,
1787040858333339904,-39.83775,32.03830,0.54466,0.55176,-0.18871,0.47645,-0.65799,2.10562,-0.36357,-0.18248,
1787040858400007936,-39.72892,32.00075,0.53872,0.54755,-0.18470,0.47701,-0.66222,2.10752,-0.37252,-0.05626,
1787040858500005888,-39.58683,31.95174,0.55093,0.55071,-0.18536,0.46513,-0.66785,2.08347,-0.28581,0.21155,
1787040858600007936,-39.38854,31.92629,0.57810,0.55699,-0.19624,0.46232,-0.66145,2.12295,-0.17711,0.31022,
1787040858700005888,-39.19903,31.90835,0.60113,0.55954,-0.21813,0.45964,-0.65427,2.02391,-0.04976,0.11021,
1787040858766671872,-39.11581,31.89109,0.60801,0.56329,-0.23292,0.44731,-0.65450,2.01194,-0.06441,-0.05761,
1787040858866672896,-38.87980,31.88772,0.59032,0.57636,-0.24253,0.42924,-0.65172,2.03004,-0.07719,-0.21017,
1787040858966675968,-38.80522,31.84718,0.59018,0.58919,-0.23589,0.41224,-0.65366,1.89603,-0.10140,-0.01803,
1787040859033339136,-38.63537,31.83222,0.59799,0.59464,-0.22316,0.40267,-0.65914,1.95955,-0.13558,0.18625,
1787040859100007936,-38.48729,31.82009,0.61568,0.59171,-0.21646,0.40415,-0.66309,1.91982,-0.14725,0.27701,
1787040859166672896,-38.38737,31.80572,0.63605,0.58698,-0.21399,0.39968,-0.67076,1.90748,-0.18912,0.32280,
1787040859233339136,-38.26293,31.79170,0.65391,0.58007,-0.21941,0.40445,-0.67216,1.86768,-0.24252,0.19129,
1787040859333338880,-38.06688,31.76562,0.66182,0.57949,-0.20912,0.41459,-0.66976,1.88437,-0.26147,-0.07899,
1787040859433341952,-37.88707,31.74136,0.64431,0.58263,-0.20056,0.41313,-0.67055,1.92970,-0.22859,-0.21142,
1787040859500006912,-37.79345,31.71818,0.62594,0.58476,-0.19523,0.40803,-0.67339,1.94020,-0.25121,-0.14247,
1787040859600007168,-37.59422,31.69789,0.62328,0.59289,-0.19749,0.39718,-0.67210,1.98194,-0.15989,0.12484,
1787040859666671872,-37.45290,31.69124,0.63533,0.60098,-0.20901,0.38581,-0.66805,2.00955,-0.09508,0.26187,
1787040859733339136,-37.30519,31.68128,0.64892,0.61343,-0.21822,0.37965,-0.65723,2.03130,-0.03564,0.33618,
1787040859833341952,-37.14474,31.64384,0.66800,0.63223,-0.22631,0.38957,-0.63032,1.94622,-0.10642,0.07053,
1787040859900005120,-36.99842,31.64913,0.65654,0.64687,-0.21955,0.39383,-0.61503,1.95399,-0.05524,-0.12338,
1787040860000006912,-36.72116,31.64778,0.63485,0.67474,-0.21181,0.38834,-0.59081,2.07197,-0.00744,-0.27794,
1787040860066672128,-36.56187,31.64811,0.62118,0.68649,-0.21033,0.38534,-0.57966,2.14803,0.01761,-0.15434,
1787040860166673920,-36.30832,31.64972,0.62022,0.69419,-0.20535,0.39175,-0.56787,2.20067,-0.00546,0.09413,
1787040860233339904,-36.20619,31.64079,0.63106,0.69271,-0.20477,0.40089,-0.56348,2.11084,-0.04801,0.18934,
1787040860333338880,-35.99278,31.63514,0.65345,0.68667,-0.20423,0.41145,-0.56346,2.13728,-0.12125,0.24023,
1787040860433339136,-35.72998,31.62780,0.66392,0.66476,-0.21389,0.43830,-0.56590,2.13506,-0.09351,-0.05584,
1787040860500006912,-35.61420,31.61975,0.65314,0.65195,-0.21195,0.44246,-0.57816,2.12010,-0.07908,-0.21146,
1787040860600007936,-35.36859,31.61523,0.62530,0.63760,-0.20772,0.44754,-0.59163,2.24829,-0.11243,-0.25913,
1787040860666672896,-35.23111,31.60566,0.61134,0.63322,-0.20832,0.45539,-0.59014,2.30923,-0.08826,-0.11722,
1787040860766673920,-34.91237,31.61697,0.61064,0.63232,-0.23547,0.45215,-0.58334,2.39825,0.04646,0.17225,
1787040860833338880,-34.81872,31.61065,0.62422,0.62897,-0.25389,0.45077,-0.58029,2.32323,0.04557,0.26703,
1787040860933337856,-34.58878,31.61857,0.64589,0.61884,-0.27651,0.47024,-0.56521,2.25194,0.14267,0.13961,
1787040861000005888,-34.43691,31.63034,0.64995,0.61737,-0.28580,0.46660,-0.56521,2.23961,0.18402,-0.04567,
1787040861100006144,-34.19448,31.65088,0.63476,0.61567,-0.29575,0.46165,-0.56600,2.25898,0.19047,-0.24763,
1787040861166672896,-34.04113,31.66536,0.61926,0.61746,-0.29128,0.45566,-0.57120,2.27251,0.19933,-0.16726,
1787040861266671872,-33.82320,31.68095,0.61786,0.61356,-0.28520,0.46014,-0.57487,2.20859,0.17134,0.10786,
1787040861333340928,-33.66887,31.69655,0.62781,0.60921,-0.28000,0.45825,-0.58350,2.12571,0.14596,0.22307,
1787040861400007936,-33.50007,31.71099,0.64743,0.60566,-0.28011,0.45448,-0.59005,2.16163,0.07490,0.30555,
1787040861500008960,-33.29931,31.70926,0.67192,0.60004,-0.28290,0.45237,-0.59605,2.04291,-0.01258,0.12474,
1787040861566672128,-33.20140,31.70348,0.67551,0.60197,-0.27063,0.44559,-0.60485,2.01666,-0.04986,-0.08442,
1787040861666671872,-32.99038,31.69558,0.65596,0.60550,-0.25186,0.43654,-0.61593,2.14404,-0.07121,-0.24698,
1787040861733339136,-32.86870,31.68624,0.64291,0.60713,-0.24208,0.43115,-0.62201,2.19790,-0.08918,-0.15488,
1787040861833338880,-32.72927,31.66295,0.63300,0.60853,-0.24011,0.42301,-0.62698,2.17103,-0.05356,0.03684,
1787040861900007936,-32.58858,31.65757,0.62986,0.61353,-0.24349,0.41651,-0.62515,2.21009,0.00398,0.21486,
1787040861966675968,-32.47680,31.65201,0.64003,0.61246,-0.25693,0.42828,-0.61274,2.21529,0.04347,0.24678,
1787040862033339904,-32.31734,31.66020,0.65324,0.60516,-0.27375,0.44456,-0.60101,2.17714,0.12393,0.13607,
1787040862100006144,-32.13526,31.67525,0.64511,0.60042,-0.28784,0.44301,-0.60033,2.13957,0.13207,-0.06510,
1787040862166672896,-32.03135,31.67257,0.62607,0.59889,-0.29109,0.43882,-0.60335,2.14474,0.06723,-0.25749,
1787040862233338112,-31.90695,31.67258,0.60607,0.59876,-0.28740,0.43777,-0.60601,2.11393,0.06874,-0.28147,
1787040862300007168,-31.76786,31.67864,0.59427,0.60257,-0.27464,0.42689,-0.61583,2.10039,0.05337,-0.12877,
1787040862400005120,-31.55678,31.68198,0.60052,0.60168,-0.24507,0.42024,-0.63350,2.06951,-0.00611,0.16114,
1787040862466671872,-31.44974,31.66806,0.61373,0.59520,-0.23274,0.41817,-0.64553,2.01218,-0.04547,0.26406,
1787040862566673152,-31.27674,31.64760,0.63573,0.58280,-0.22845,0.42354,-0.65480,1.92825,-0.16364,0.15539,
1787040862633341184,-31.09118,31.64434,0.63987,0.57712,-0.21852,0.42771,-0.66049,1.94811,-0.16174,-0.05746,
1787040862700005888,-31.01065,31.62290,0.63725,0.57415,-0.20225,0.42940,-0.66713,1.93741,-0.16853,-0.20941,
1787040862800004864,-30.83624,31.60223,0.61651,0.57211,-0.18160,0.42326,-0.67865,1.96960,-0.18472,-0.23793,
1787040862866672128,-30.69763,31.59248,0.60900,0.57180,-0.17399,0.42023,-0.68278,2.07852,-0.20386,-0.07694,
1787040862933339136,-30.56966,31.57730,0.60847,0.57440,-0.17445,0.41663,-0.68268,2.13702,-0.21909,0.11258,
1787040863000008960,-30.42813,31.55957,0.62237,0.57338,-0.18291,0.43373,-0.67057,2.15569,-0.19770,0.26481,
1787040863066674944,-30.28188,31.54939,0.64006,0.56302,-0.19826,0.46527,-0.65362,2.14406,-0.08820,0.26038,
1787040863133338880,-30.13339,31.54821,0.65125,0.55413,-0.22073,0.47942,-0.64372,2.06824,-0.00480,0.07816,
1787040863233339136,-29.94081,31.54303,0.64261,0.55518,-0.24001,0.46947,-0.64324,2.06489,-0.02955,-0.20501,
1787040863300005888,-29.80539,31.53945,0.62420,0.55914,-0.24514,0.46393,-0.64191,2.05312,-0.06972,-0.29831,
1787040863400006144,-29.63282,31.52545,0.60017,0.56564,-0.23498,0.46209,-0.64134,2.04377,-0.13721,-0.09068,
1787040863466671872,-29.49289,31.51326,0.60400,0.56446,-0.22098,0.46983,-0.64172,2.07092,-0.20702,0.22339,
1787040863533339136,-29.34320,31.49674,0.61286,0.55259,-0.22395,0.48539,-0.63944,2.02244,-0.25549,0.24484,
1787040863633338880,-29.14658,31.46010,0.63304,0.53078,-0.23165,0.51580,-0.63131,1.86139,-0.43127,0.09170,
1787040863733339136,-29.00106,31.40771,0.62573,0.51985,-0.21842,0.53523,-0.62895,1.78608,-0.44388,-0.17014,
1787040863800007168,-28.92383,31.36830,0.60942,0.51538,-0.21037,0.54214,-0.62945,1.72614,-0.43866,-0.26751,
1787040863900006912,-28.83142,31.31131,0.58750,0.52230,-0.18932,0.51934,-0.64934,1.61248,-0.42568,-0.14337,
1787040863966672896,-28.73185,31.28149,0.58945,0.52328,-0.18312,0.49280,-0.67067,1.62502,-0.37304,0.05654,
1787040864033338112,-28.65024,31.24811,0.60263,0.52575,-0.18992,0.46284,-0.68797,1.58192,-0.37743,0.20962,
1787040864133338880,-28.47196,31.20054,0.63312,0.53492,-0.18382,0.43799,-0.69874,1.62280,-0.51281,0.30476,
1787040864200006912,-28.36888,31.16561,0.65220,0.54002,-0.17751,0.44314,-0.69318,1.63116,-0.44940,0.19525,
1787040864266673152,-28.26653,31.13419,0.65820,0.54057,-0.17807,0.43754,-0.69616,1.61035,-0.40616,-0.02316,
1787040864366672128,-28.10558,31.09329,0.64517,0.54087,-0.17905,0.41728,-0.70801,1.66739,-0.45120,-0.26473,
1787040864433339136,-27.99089,31.06455,0.62931,0.54372,-0.17323,0.40557,-0.71406,1.71847,-0.48350,-0.19506,
1787040864500008192,-27.86470,31.03050,0.62636,0.54561,-0.16732,0.39992,-0.71720,1.74543,-0.52615,0.03956,
1787040864566673152,-27.73281,30.99177,0.63855,0.54668,-0.15602,0.39724,-0.72041,1.76223,-0.58479,0.29857,
1787040864633338880,-27.62125,30.95167,0.66152,0.54134,-0.15816,0.40251,-0.72106,1.65223,-0.62446,0.36275,
1787040864700009216,-27.52457,30.90957,0.68651,0.53597,-0.15932,0.40822,-0.72160,1.46753,-0.69326,0.29781,
1787040864766673152,-27.43354,30.86271,0.70090,0.53264,-0.14740,0.40938,-0.72593,1.40485,-0.72153,0.07682,
1787040864833338112,-27.33381,30.81304,0.69927,0.53142,-0.13334,0.40804,-0.73029,1.42247,-0.74973,-0.11760,
1787040864933339136,-27.20254,30.73663,0.69837,0.53316,-0.11739,0.40016,-0.73609,1.48139,-0.80790,-0.21136,
1787040865000005888,-27.06431,30.67475,0.68487,0.53201,-0.11037,0.39593,-0.74029,1.57003,-0.87151,-0.09105,
1787040865066673920,-26.98520,30.61975,0.68239,0.53203,-0.11032,0.38739,-0.74479,1.56020,-0.88556,0.09349,
1787040865133338880,-26.93949,30.55647,0.68149,0.53095,-0.11477,0.38660,-0.74529,1.53545,-0.92574,0.19857,
1787040865200015104,-26.82658,30.50759,0.70547,0.52872,-0.11649,0.39651,-0.74139,1.51575,-0.83694,0.31877,
1787040865266675968,-26.72007,30.45312,0.72810,0.52533,-0.11938,0.40922,-0.73642,1.55159,-0.77591,0.28632,
1787040865366672896,-26.56237,30.37640,0.73411,0.51028,-0.13297,0.42306,-0.73686,1.57720,-0.71912,-0.04428,
1787040865433339136,-26.46698,30.32712,0.72071,0.50046,-0.14474,0.42088,-0.74260,1.59671,-0.75567,-0.21109,
1787040865533339136,-26.33046,30.24926,0.68772,-0.49255,0.15084,-0.42106,0.74656,1.56854,-0.82210,-0.25832,
1787040865600006144,-26.21354,30.18503,0.67208,-0.48865,0.14879,-0.42843,0.74534,1.56809,-0.85532,-0.07909,
1787040865700005888,-26.05867,30.08560,0.69438,-0.47469,0.13602,-0.44301,0.74827,1.53038,-0.97440,0.26024,
1787040865766673920,-25.96890,30.02626,0.69545,-0.45720,0.13956,-0.46423,0.74564,1.42782,-1.01714,0.25136,
1787040865833339904,-25.88878,29.95211,0.70132,-0.43862,0.13685,-0.49583,0.73691,1.27904,-1.06969,0.10546,
1787040865933337856,-25.77396,29.84470,0.69353,-0.42057,0.11924,-0.51261,0.73901,1.20480,-1.04336,-0.17992,
1787040866033339136,-25.65530,29.73282,0.66634,-0.41087,0.10130,-0.51942,0.74238,1.22685,-1.08911,-0.33454,
1787040866100006144,-25.52976,29.64739,0.66094,-0.40702,0.09310,-0.51864,0.74611,1.32593,-1.15732,-0.21411,
1787040866200005120,-25.43369,29.53374,0.64826,-0.40920,0.09522,-0.51057,0.75021,1.33193,-1.12332,0.08881,
1787040866266673920,-25.36646,29.45113,0.65523,-0.41473,0.10359,-0.50315,0.75107,1.28504,-1.06669,0.23834,
1787040866333338880,-25.28006,29.36697,0.67947,-0.41954,0.10024,-0.50356,0.74858,1.33273,-1.02005,0.28947,
1787040866433339136,-25.12556,29.27488,0.70200,-0.42700,0.11554,-0.49979,0.74467,1.35386,-0.85732,0.09933,
1787040866500005120,-25.02939,29.21399,0.70584,-0.42949,0.12789,-0.48775,0.74919,1.38082,-0.85910,-0.08634,
1787040866600006144,-24.87105,29.09673,0.64522,-0.43287,0.13951,-0.46671,0.75851,1.40277,-0.94354,-0.35479,
1787040866666671872,-24.77557,29.04754,0.66876,-0.43468,0.13775,-0.45518,0.76478,1.42073,-0.95377,-0.18421,
1787040866733339904,-24.67837,28.97862,0.66794,-0.43580,0.12246,-0.44466,0.77289,1.39896,-0.97990,0.07255,
1787040866800005888,-24.47878,28.87413,0.69883,-0.42842,0.11397,-0.44625,0.77738,1.53413,-1.07987,0.31083,
1787040866866672896,-24.43578,28.82558,0.72219,-0.41745,0.11743,-0.45287,0.77901,1.31282,-1.06797,0.35188,
1787040866933339136,-24.33897,28.74531,0.74038,-0.40971,0.11135,-0.46248,0.77837,1.22252,-1.13440,0.22223,
1787040867000005888,-24.25876,28.67005,0.74752,-0.40688,0.09542,-0.47116,0.77676,1.21021,-1.12951,-0.00188,
1787040867100007936,-24.11800,28.54725,0.73088,-0.40659,0.07812,-0.47763,0.77489,1.31301,-1.16358,-0.22756,
1787040867166671872,-24.03174,28.47113,0.71326,-0.40867,0.07286,-0.47319,0.77703,1.32891,-1.17092,-0.26843,
1787040867233339136,-23.93123,28.38397,0.69644,-0.41205,0.06803,-0.46774,0.77898,1.38298,-1.24517,-0.13527,
1787040867333338880,-23.79096,28.25900,0.69415,-0.41952,0.07070,-0.45664,0.78134,1.42252,-1.27304,0.14270,
1787040867433339136,-23.66298,28.14324,0.71408,-0.42043,0.06988,-0.46490,0.77603,1.44741,-1.14776,0.31866,
1787040867500006912,-23.58323,28.07592,0.73245,-0.41601,0.07871,-0.47507,0.77139,1.41992,-1.02971,0.23216,
1787040867600007168,-23.44158,27.97449,0.74073,-0.40989,0.08955,-0.46856,0.77745,1.41541,-1.03515,-0.08824,
1787040867666671872,-23.34806,27.90153,0.72738,-0.40749,0.09163,-0.46485,0.78068,1.42792,-1.08610,-0.27162,
1787040867733339136,-23.24909,27.82770,0.71026,-0.40813,0.08709,-0.46022,0.78361,1.44981,-1.10130,-0.23287,
1787040867833338880,-23.09713,27.71302,0.70361,-0.41190,0.08150,-0.45284,0.78653,1.51934,-1.13142,0.10865,
1787040867900006912,-22.99779,27.63635,0.71812,-0.41070,0.08078,-0.45527,0.78583,1.51302,-1.17148,0.26967,
1787040867966672896,-22.89190,27.55620,0.74126,-0.40774,0.09405,-0.45823,0.78417,1.40622,-1.14867,0.33690,
1787040868033339136,-22.78566,27.47551,0.76225,-0.40290,0.10470,-0.46780,0.77966,1.28438,-1.21909,0.24233,
1787040868100006144,-22.70383,27.39914,0.77315,-0.40342,0.10499,-0.47876,0.77267,1.24364,-1.21436,0.03616,
1787040868166671872,-22.62072,27.32353,0.76928,-0.40785,0.10229,-0.48521,0.76666,1.25481,-1.24278,-0.15759,
1787040868233339136,-22.53719,27.23935,0.75291,-0.41518,0.10139,-0.48858,0.76068,1.28072,-1.25895,-0.28663,
1787040868300007168,-22.45506,27.16068,0.73313,-0.42095,0.10533,-0.48589,0.75869,1.28861,-1.31324,-0.28055,
1787040868366672896,-22.37408,27.07358,0.71686,-0.42744,0.11037,-0.48198,0.75684,1.28406,-1.33115,-0.17745,
1787040868433339136,-22.28609,26.98263,0.70949,-0.43528,0.11391,-0.46973,0.75954,1.30783,-1.36469,-0.01679,
1787040868500006912,-22.19994,26.89391,0.71639,-0.44397,0.12060,-0.47067,0.75288,1.36515,-1.32923,0.19608,
1787040868566672128,-22.10898,26.80830,0.73525,-0.44853,0.12363,-0.47631,0.74610,1.39459,-1.21754,0.26810,
1787040868633338880,-22.01644,26.72958,0.75128,-0.45578,0.13488,-0.47933,0.73778,1.41565,-1.11589,0.14686,
1787040868700005888,-21.92445,26.65672,0.75538,-0.46334,0.14655,-0.47294,0.73496,1.41435,-1.08023,-0.05725,
1787040868766671872,-21.84088,26.58616,0.74914,-0.47047,0.15797,-0.46256,0.73467,1.42922,-1.08329,-0.19592,
1787040868833338880,-21.75271,26.51108,0.73564,-0.47367,0.16259,-0.45125,0.73863,1.43946,-1.11593,-0.24476,
1787040868900006144,-21.65696,26.43205,0.72342,-0.47573,0.15905,-0.44212,0.74358,1.46096,-1.13112,-0.11939,
1787040868966672896,-21.55935,26.35568,0.72247,-0.47447,0.15169,-0.43496,0.75012,1.47246,-1.15948,0.10591,
1787040869033339136,-21.46083,26.27589,0.73343,-0.46481,0.15112,-0.44541,0.75015,1.42442,-1.19029,0.23845,
1787040869100007936,-21.36696,26.19710,0.75177,-0.45682,0.15079,-0.45534,0.74917,1.32398,-1.20631,0.30890,
1787040869166673920,-21.26945,26.11342,0.76928,-0.45162,0.14549,-0.47036,0.74406,1.28840,-1.22022,0.15694,
1787040869233339904,-21.17739,26.03330,0.77337,-0.44944,0.13532,-0.47990,0.74121,1.30244,-1.19215,-0.06339,
1787040869300007936,-21.08039,25.95520,0.76555,-0.44904,0.12785,-0.47929,0.74317,1.38865,-1.20699,-0.21700,
1787040869366672128,-20.98890,25.87464,0.74832,-0.44768,0.12447,-0.48049,0.74379,1.40964,-1.20990,-0.27374,
1787040869433339136,-20.90649,25.80314,0.73422,-0.44722,0.12275,-0.47594,0.74727,1.44785,-1.24362,-0.15159,
1787040869500005888,-20.80824,25.72020,0.72909,-0.44968,0.12757,-0.47540,0.74533,1.47645,-1.22140,0.06347,
1787040869566673152,-20.70830,25.64085,0.73714,-0.45380,0.13886,-0.47770,0.73931,1.52186,-1.16361,0.21022,
1787040869633341184,-20.60609,25.56720,0.75362,-0.45708,0.14726,-0.48506,0.73082,1.56008,-1.07168,0.31627,
1787040869700006912,-20.50802,25.50432,0.76810,-0.45930,0.15945,-0.49357,0.72112,1.52912,-0.94717,0.21387,
1787040869766673152,-20.41575,25.44711,0.77372,-0.46048,0.16944,-0.48936,0.72096,1.51612,-0.88867,-0.00975,
1787040869833338880,-20.30603,25.38473,0.76859,-0.46215,0.18036,-0.47939,0.72393,1.54941,-0.92668,-0.18706,
1787040869933340160,-20.14712,25.28699,0.74186,-0.46586,0.18052,-0.46577,0.73038,1.55673,-0.96269,-0.23068,
1787040870000005888,-20.05141,25.21434,0.72087,-0.47046,0.17222,-0.45686,0.73504,1.54809,-0.98211,-0.05723,
1787040870100014848,-19.82368,25.07531,0.73351,-0.47142,0.15559,-0.45275,0.74066,1.63896,-1.07550,0.22806,
1787040870166673920,-19.71161,25.00323,0.74876,-0.46751,0.15297,-0.45580,0.74181,1.55691,-1.07976,0.28059,
1787040870266671872,-19.56451,24.89306,0.77329,-0.45930,0.15169,-0.47723,0.73368,1.51753,-1.16862,0.08209,
1787040870333338112,-19.45926,24.81166,0.76819,-0.45341,0.14836,-0.49388,0.72697,1.52380,-1.19028,-0.14394,
1787040870433337856,-19.30713,24.69748,0.74831,-0.44935,0.14120,-0.50813,0.72108,1.54300,-1.17972,-0.29498,
1787040870500005888,-19.19924,24.62117,0.73327,-0.45132,0.13979,-0.50563,0.72188,1.56907,-1.21589,-0.21388,
1787040870566673920,-19.09916,24.54996,0.72573,-0.45462,0.14299,-0.50492,0.71967,1.56979,-1.21079,-0.06888,
1787040870666671872,-18.93107,24.42839,0.73450,-0.46468,0.14939,-0.49722,0.71731,1.63171,-1.14822,0.20945,
1787040870733339136,-18.81494,24.35417,0.74822,-0.47256,0.14989,-0.49920,0.71064,1.68558,-1.08789,0.27179,
1787040870800004864,-18.71447,24.30124,0.76523,-0.47720,0.15523,-0.50762,0.70036,1.66877,-0.95056,0.20146,
1787040870866672128,-18.60095,24.23914,0.77141,-0.47774,0.15937,-0.50223,0.70294,1.63375,-0.88504,0.00110,
1787040870933340160,-18.47424,24.17539,0.76549,-0.47958,0.16046,-0.48882,0.71085,1.64696,-0.88294,-0.15485,
1787040871000005120,-18.36734,24.11573,0.75485,-0.48330,0.15375,-0.47273,0.72063,1.65439,-0.88284,-0.23953,
1787040871066672128,-18.26756,24.06100,0.74017,-0.49108,0.14096,-0.45692,0.72815,1.70824,-0.85058,-0.13880,
1787040871166672896,-18.08058,23.97298,0.73585,-0.49628,0.13606,-0.43869,0.73671,1.78287,-0.90509,0.16832,
1787040871233339904,-17.97116,23.91497,0.74734,-0.49169,0.14038,-0.44369,0.73598,1.66519,-0.93585,0.23415,
1787040871300005888,-17.87332,23.84479,0.77101,-0.49181,0.13857,-0.43891,0.73910,1.61177,-1.05783,0.28296,
1787040871400006144,-17.70710,23.74505,0.77641,-0.48090,0.13373,-0.45687,0.73629,1.56394,-1.06474,-0.00262,
1787040871466671872,-17.60216,23.67525,0.76760,-0.47453,0.12781,-0.46346,0.73736,1.58920,-1.06544,-0.20373,
1787040871533339136,-17.48758,23.60246,0.74621,-0.47067,0.12477,-0.46723,0.73797,1.63751,-1.07502,-0.31805,
1787040871633338880,-17.31127,23.48902,0.72281,-0.46757,0.12331,-0.46435,0.74199,1.73768,-1.15420,-0.14436,
1787040871700006912,-17.17502,23.40926,0.71635,-0.47051,0.12984,-0.46008,0.74168,1.77013,-1.14050,0.04441,
1787040871800005888,-17.00074,23.29891,0.73479,-0.48399,0.13868,-0.44874,0.73834,1.75077,-1.04162,0.28835,
1787040871866672896,-16.89267,23.23455,0.75281,-0.48904,0.14274,-0.45507,0.73033,1.76559,-0.97851,0.28084,
1787040871933337856,-16.77547,23.17443,0.76880,-0.48955,0.14848,-0.45592,0.72831,1.71359,-0.86360,0.09352,
1787040872000008192,-16.67567,23.12207,0.76911,-0.49082,0.15440,-0.44208,0.73473,1.73248,-0.86015,-0.11839,
1787040872066673920,-16.55799,23.06397,0.75682,-0.49475,0.15896,-0.43177,0.73724,1.75771,-0.87674,-0.27061,
1787040872133339904,-16.39061,22.99751,0.74453,0.50349,-0.15883,0.41772,-0.73945,1.82701,-0.88564,-0.26055,
1787040872200005120,-16.35082,22.95236,0.72986,0.51357,-0.15384,0.40670,-0.73971,1.78796,-0.88844,-0.09021,
1787040872266673152,-16.24239,22.89067,0.73336,0.52011,-0.14490,0.39852,-0.74140,1.80127,-0.92790,0.16646,
1787040872333338880,-16.10274,22.81905,0.75333,0.52030,-0.14964,0.40269,-0.73806,1.78340,-0.93731,0.29797,
1787040872400006144,-15.98034,22.75626,0.76909,0.51911,-0.16505,0.40680,-0.73334,1.68969,-0.99758,0.29530,
1787040872466671872,-15.87025,22.68811,0.78107,0.52364,-0.16452,0.41663,-0.72468,1.62230,-1.01336,0.07059,
1787040872533339136,-15.76424,22.61847,0.77812,0.52840,-0.15874,0.41829,-0.72154,1.62181,-0.99826,-0.14050,
1787040872600004864,-15.73357,22.55390,0.75492,0.53411,-0.15124,0.41412,-0.72136,1.59874,-1.02072,-0.27791,
1787040872666671872,-15.56217,22.48820,0.74094,0.53648,-0.14757,0.41210,-0.72152,1.70648,-1.04103,-0.28045,
1787040872733339136,-15.52908,22.42054,0.72733,0.53974,-0.14570,0.41316,-0.71886,1.68291,-1.07631,-0.12580,
1787040872800005888,-15.31967,22.34965,0.72952,0.54511,-0.14808,0.41005,-0.71609,1.79172,-1.00874,0.08296,
1787040872866672128,-15.19602,22.28466,0.73965,0.54971,-0.15570,0.41401,-0.70864,1.84631,-0.90417,0.24586,
1787040872933339136,-15.11894,22.21358,0.75656,0.54804,-0.16771,0.42309,-0.70179,1.87607,-0.81700,0.31997,
1787040873000008192,-14.92972,22.17438,0.77238,0.54329,-0.18880,0.43808,-0.69085,1.92965,-0.70069,0.14560,
1787040873066672128,-14.79860,22.13358,0.78089,0.54013,-0.20727,0.44298,-0.68488,1.91123,-0.64886,-0.08855,
1787040873133338880,-14.66911,22.09019,0.76850,0.53995,-0.22284,0.43901,-0.68268,1.91113,-0.63767,-0.25827,
1787040873200005888,-14.54433,22.04852,0.74853,0.54472,-0.22499,0.43100,-0.68330,1.91131,-0.64298,-0.28436,
1787040873266671872,-14.40790,22.00405,0.73252,0.55260,-0.21812,0.42350,-0.68389,1.94663,-0.67365,-0.13241,
1787040873333339904,-14.28067,21.95783,0.73101,0.56038,-0.20037,0.42074,-0.68469,1.89604,-0.70489,0.12501,
1787040873400006912,-14.15469,21.90634,0.74260,0.56533,-0.18675,0.42634,-0.68100,1.83836,-0.71405,0.24198,
1787040873466675968,-14.03726,21.86081,0.75358,0.57038,-0.18758,0.42435,-0.67779,1.76343,-0.73037,0.27642,
1787040873533339136,-13.92288,21.81179,0.77036,0.57652,-0.18496,0.42743,-0.67136,1.68876,-0.76580,0.13142,
1787040873600006144,-13.80394,21.76023,0.77053,0.58408,-0.17856,0.42771,-0.66636,1.72796,-0.76499,-0.06599,
1787040873666671872,-13.68719,21.70952,0.76100,0.58995,-0.17070,0.42747,-0.66339,1.77006,-0.75124,-0.23043,
1787040873733339136,-13.56477,21.66191,0.74167,0.59578,-0.16440,0.42140,-0.66365,1.83855,-0.74004,-0.32001,
1787040873800005888,-13.43928,21.61315,0.72322,0.60315,-0.16122,0.41326,-0.66289,1.91974,-0.76693,-0.20910,
1787040873866672896,-13.30608,21.56695,0.71743,0.61345,-0.16309,0.40552,-0.65776,1.95965,-0.74014,0.00139,
1787040873933339136,-13.17257,21.52039,0.72405,0.62472,-0.17111,0.40137,-0.64757,1.98175,-0.68339,0.19727,
1787040874000006912,-13.02867,21.52039,0.68283,0.63173,-0.17505,0.40225,-0.63911,1.97216,-0.53643,0.26359,
1787040874066672128,-12.90871,21.45110,0.75121,0.63342,-0.18599,0.41129,-0.62852,1.94829,-0.47130,0.24667,
1787040874133338880,-12.78132,21.42084,0.76498,0.63146,-0.19686,0.41167,-0.62693,1.90853,-0.39547,-0.00061,
1787040874200005888,-12.64655,21.39587,0.75631,0.63230,-0.20471,0.39779,-0.63250,1.93167,-0.37210,-0.20430,
1787040874266673152,-12.51265,21.37247,0.74318,0.62941,-0.20438,0.38678,-0.64224,1.96856,-0.39215,-0.29552,
1787040874333338880,-12.35437,21.33841,0.71890,0.61251,-0.19402,0.38775,-0.66094,1.99369,-0.44623,-0.22990,
1787040874400005120,-12.24055,21.29024,0.70272,0.58315,-0.16650,0.39991,-0.68723,1.95039,-0.50227,-0.07986,
1787040874466672896,-12.10707,21.23492,0.69141,0.55394,-0.14005,0.41583,-0.70754,1.94711,-0.54579,0.13243,
1787040874533339136,-11.98917,21.18645,0.69455,0.53920,-0.12808,0.42606,-0.71507,1.88574,-0.58721,0.19076,
1787040874600006144,-11.87465,21.12379,0.69820,0.53197,-0.12069,0.43587,-0.71586,1.83360,-0.67745,0.20428,
1787040874666671872,-11.74030,21.08560,0.71113,0.52356,-0.11319,0.44891,-0.71523,1.83590,-0.63307,0.02243,
1787040874733339136,-11.52160,21.11016,0.69446,0.51737,-0.10766,0.45361,-0.71762,1.96405,-0.52943,-0.21459,
1787040874800005888,-11.49920,21.07717,0.68095,0.51828,-0.09713,0.45289,-0.71892,1.86076,-0.49778,-0.35544,
1787040874866672896,-11.39271,21.03868,0.66192,0.52258,-0.09033,0.44119,-0.72395,1.87961,-0.48793,-0.35637,
1787040874933340160,-11.23833,21.00298,0.64468,0.52679,-0.08669,0.43024,-0.72792,2.02811,-0.57422,-0.16503,
1787040875000005888,-11.08636,20.96381,0.63879,0.53111,-0.10064,0.43336,-0.72111,2.15978,-0.62434,0.01070,
1787040875066672128,-10.93959,20.92307,0.64113,0.53357,-0.12812,0.45728,-0.69984,2.26752,-0.59817,0.10469,
1787040875133338880,-10.79924,20.88230,0.65591,0.52844,-0.15443,0.48799,-0.67733,2.29792,-0.48490,0.20290,
1787040875200005120,-10.61925,20.85831,0.65867,0.50932,-0.19868,0.52158,-0.65504,2.28246,-0.41116,0.04973,
1787040875266671872,-10.52298,20.81411,0.68560,-0.49992,0.22166,-0.53951,0.64021,2.12325,-0.42326,-0.10025,
1787040875333338112,-10.35510,20.80493,0.64051,-0.49306,0.24045,-0.55169,0.62826,2.11682,-0.37229,-0.30500,
1787040875400005120,-10.22032,20.77915,0.61749,-0.48903,0.25253,-0.55471,0.62400,2.08876,-0.35059,-0.37657,
1787040875466671872,-10.06624,20.75617,0.59297,-0.48455,0.26136,-0.55822,0.62072,2.12005,-0.37615,-0.30607,
1787040875533340928,-9.91540,20.73090,0.57775,-0.47766,0.26331,-0.56515,0.61896,2.12327,-0.42843,-0.10667,
1787040875600006144,-9.77867,20.69837,0.57567,-0.46424,0.26331,-0.57970,0.61571,2.05445,-0.52720,0.05061,
1787040875666671872,-9.62199,20.66051,0.57825,-0.45270,0.26256,-0.58938,0.61543,1.95942,-0.59086,0.11411,
1787040875733338112,-9.49243,20.61704,0.59121,-0.44278,0.26141,-0.60447,0.60847,1.88738,-0.67423,0.06641,
1787040875800007168,-9.37785,20.57929,0.59923,0.43828,-0.25749,0.61536,-0.60244,1.82899,-0.65039,-0.08309,
1787040875866672896,-9.23956,20.54468,0.59333,0.43797,-0.25211,0.62136,-0.59877,1.84128,-0.63879,-0.20156,
1787040875933340160,-9.10752,20.51105,0.58210,0.44012,-0.24282,0.62510,-0.59715,1.83769,-0.60979,-0.25579,
1787040876000006912,-8.98176,20.47027,0.56493,0.44542,-0.23458,0.61990,-0.60191,1.88960,-0.62174,-0.24803,
1787040876066672128,-8.86210,20.43332,0.55798,0.45124,-0.23260,0.61518,-0.60319,1.98167,-0.62345,-0.10351,
1787040876133338880,-8.72668,20.39085,0.55484,0.46014,-0.24070,0.60708,-0.60149,2.01098,-0.62189,0.04045,
1787040876200005888,-8.59679,20.35715,0.56885,0.47192,-0.24817,0.60252,-0.59386,1.97430,-0.58324,0.16878,
1787040876266673152,-8.46848,20.32438,0.58743,0.47719,-0.24931,0.60916,-0.58229,1.97508,-0.52467,0.21275,
1787040876333338880,-8.35671,20.29563,0.60749,0.47684,-0.25479,0.61339,-0.57573,1.88699,-0.42700,0.16497,
1787040876400006144,-8.18237,20.27138,0.60476,0.47775,-0.25923,0.60471,-0.58214,1.95045,-0.40124,-0.03053,
1787040876466672896,-8.01134,20.25457,0.60867,0.47785,-0.26439,0.59982,-0.58478,2.03715,-0.39309,-0.15812,
1787040876533339904,-7.83714,20.23573,0.59113,0.47902,-0.26555,0.59353,-0.58970,2.09537,-0.38434,-0.22064,
1787040876600007168,-7.83913,20.18752,0.58806,-0.48012,0.26309,-0.59106,0.59238,1.95016,-0.43485,-0.09705,
1787040876666673920,-7.71675,20.15075,0.58838,-0.48147,0.25483,-0.58363,0.60217,1.90185,-0.50905,0.12375,
1787040876733339904,-7.59132,20.11035,0.60042,-0.47534,0.24216,-0.58853,0.60749,1.88442,-0.58305,0.24127,
1787040876800005888,-7.48713,20.06231,0.62099,-0.46608,0.24279,-0.59184,0.61118,1.74902,-0.63896,0.28745,
1787040876866674944,-7.38321,20.01085,0.63566,-0.46105,0.23157,-0.59690,0.61442,1.61211,-0.69775,0.17983,
1787040876933337856,-7.27825,19.96625,0.64336,-0.46021,0.21370,-0.59501,0.62330,1.58229,-0.68064,-0.01128,
1787040877000006912,-7.16852,19.91690,0.63589,-0.46187,0.19594,-0.59132,0.63137,1.66478,-0.68360,-0.14113,
1787040877066672128,-7.03084,19.86820,0.62409,-0.46247,0.18871,-0.58613,0.63793,1.73513,-0.67881,-0.19024,
1787040877133339904,-6.94240,19.81991,0.61514,-0.46977,0.17850,-0.56852,0.65133,1.73153,-0.70669,-0.09745,
1787040877200005120,-6.82940,19.77314,0.61813,-0.48803,0.17591,-0.54127,0.66174,1.71909,-0.65859,0.11584,
1787040877266673152,-6.72387,19.72660,0.63061,0.50779,-0.17650,0.51116,-0.67061,1.71619,-0.66696,0.24597,
1787040877333338880,-6.61150,19.68037,0.64923,0.52195,-0.17488,0.49189,-0.67456,1.72327,-0.60127,0.35376,
1787040877400006144,-6.64312,19.61561,0.68110,0.53232,-0.17694,0.48316,-0.67222,1.57483,-0.56406,0.33180,
1787040877466671872,-6.43276,19.53445,0.71095,0.54333,-0.18403,0.47206,-0.66939,1.67274,-0.57118,0.17771,
1787040877533339136,-6.31424,19.49987,0.71891,0.55902,-0.18963,0.44913,-0.67069,1.70965,-0.57872,-0.01742,
1787040877600006144,-6.19219,19.46451,0.71384,0.57462,-0.19516,0.42888,-0.66917,1.75114,-0.60295,-0.17161,
1787040877666671872,-6.06842,19.43060,0.70130,0.58898,-0.19417,0.40781,-0.67015,1.79173,-0.61227,-0.18436,
1787040877733338112,-5.79046,19.40190,0.70120,0.59542,-0.19262,0.39587,-0.67205,2.06509,-0.62594,0.00513,
1787040877800005888,-5.72131,19.39131,0.73198,0.59501,-0.18300,0.39085,-0.67802,1.94834,-0.62561,0.25354,
1787040877866672896,-5.71319,19.35459,0.74260,0.58271,-0.17315,0.39739,-0.68742,1.66788,-0.62180,0.32442,
1787040877933339136,-5.60983,19.31211,0.76535,0.57027,-0.17204,0.39447,-0.69970,1.64581,-0.68961,0.36426,
1787040878000006912,-5.49284,19.26400,0.78263,0.55759,-0.17036,0.40574,-0.70388,1.63244,-0.74800,0.17933,
1787040878066673152,-5.38226,19.21504,0.78482,0.54793,-0.16430,0.41545,-0.70724,1.61712,-0.76315,-0.04025,
1787040878133339904,-5.27778,19.16560,0.77409,0.54580,-0.15470,0.41630,-0.71054,1.65609,-0.77382,-0.18176,
1787040878200005888,-5.16423,19.11446,0.75700,0.54959,-0.14997,0.41332,-0.71037,1.69298,-0.79682,-0.22793,
1787040878266673152,-5.04817,19.06004,0.74711,0.55640,-0.14497,0.40602,-0.71032,1.75445,-0.82785,-0.08416,
1787040878333338880,-4.93263,19.00633,0.74681,0.56073,-0.14606,0.39477,-0.71303,1.75846,-0.78825,0.09308,
1787040878400006912,-4.82259,18.95730,0.75692,0.55713,-0.14894,0.38832,-0.71877,1.75395,-0.70589,0.29727,
1787040878466671872,-4.70574,18.91059,0.77753,0.55188,-0.14902,0.39174,-0.72095,1.81319,-0.67678,0.38723,
1787040878533338112,-4.59049,18.86820,0.79306,0.54539,-0.15841,0.40969,-0.71388,1.79898,-0.56746,0.23377,
1787040878600006144,-4.47823,18.83305,0.80155,0.53974,-0.16461,0.40769,-0.71790,1.75181,-0.49163,0.00183,
1787040878666672896,-4.35623,18.79871,0.79012,0.53551,-0.17300,0.39724,-0.72492,1.80104,-0.49401,-0.17903,
1787040878733338112,-4.23212,18.76496,0.77707,0.53572,-0.17493,0.39113,-0.72761,1.82915,-0.50684,-0.23907,
1787040878800007168,-4.09532,18.72640,0.76233,0.53843,-0.17272,0.38757,-0.72805,1.88171,-0.53092,-0.10058,
1787040878866672128,-3.97074,18.69136,0.76366,0.53776,-0.16633,0.38791,-0.72985,1.84460,-0.53038,0.11640,
1787040878933339136,-3.85278,18.65322,0.77524,0.53079,-0.16285,0.39701,-0.73084,1.81089,-0.56684,0.23898,
1787040879000005120,-3.73485,18.60549,0.78700,0.52109,-0.17020,0.40716,-0.73056,1.78479,-0.63437,0.31492,
1787040879066672128,-3.62481,18.55607,0.80083,0.51288,-0.17774,0.42637,-0.72358,1.68221,-0.69253,0.19231,
1787040879133342976,-3.49320,18.50633,0.80669,0.51419,-0.16995,0.43365,-0.72019,1.64743,-0.68013,-0.02508,
1787040879200005888,-3.37930,18.45625,0.79783,0.52191,-0.15903,0.43331,-0.71733,1.70113,-0.67885,-0.18942,
1787040879266673152,-3.28068,18.41043,0.78136,0.53082,-0.15404,0.43063,-0.71348,1.73739,-0.66098,-0.27634,
1787040879333338112,-3.15348,18.36337,0.76116,0.53885,-0.15172,0.42172,-0.71328,1.80209,-0.68548,-0.18045,
1787040879400005120,-3.04284,18.31734,0.75134,0.54501,-0.15709,0.42073,-0.70800,1.82808,-0.66827,-0.05090,
1787040879466674176,-2.88856,18.26860,0.74714,0.55141,-0.16981,0.41976,-0.70066,1.92438,-0.61835,0.12659,
1787040879533339136,-2.76364,18.22921,0.75812,0.55850,-0.18501,0.42008,-0.69093,1.90712,-0.56264,0.26943,
1787040879600007168,-2.62791,18.19061,0.77540,0.56151,-0.19491,0.42955,-0.67986,1.94001,-0.51011,0.25083,
1787040879666671872,-2.49410,18.15473,0.77981,0.55870,-0.20883,0.43943,-0.67167,1.90951,-0.43701,0.02209,
1787040879733339136,-2.37326,18.12381,0.77128,0.56076,-0.22121,0.43228,-0.67063,1.92140,-0.39539,-0.16635,
1787040879800005888,-2.23783,18.09448,0.75643,0.56944,-0.23502,0.41820,-0.66754,1.92248,-0.38276,-0.28417,
1787040879866672896,-2.09795,18.06566,0.74134,0.58210,-0.23697,0.39993,-0.66713,1.92438,-0.37195,-0.22668,
1787040879933339136,-1.96024,18.03653,0.73425,0.58981,-0.23306,0.38584,-0.67003,1.92597,-0.40152,-0.07057,
1787040880000006912,-1.81685,18.00428,0.73989,0.58961,-0.22350,0.37886,-0.67740,1.97315,-0.45015,0.21042,
1787040880066672128,-1.66616,17.96801,0.75525,0.58449,-0.22329,0.38254,-0.67983,1.91971,-0.50265,0.27205,
1787040880133341184,-1.52763,17.92979,0.77367,0.58280,-0.22531,0.38353,-0.68006,1.88723,-0.60835,0.25428,
1787040880200005888,-1.40481,17.88798,0.78278,0.58694,-0.21499,0.39282,-0.67452,1.84711,-0.65514,0.05088,
1787040880266673152,-1.28505,17.84478,0.77917,0.59170,-0.20030,0.40213,-0.66938,1.86959,-0.64330,-0.14144,
1787040880333338880,-1.15522,17.80160,0.76312,0.59593,-0.18823,0.40487,-0.66747,1.95717,-0.59605,-0.26811,
1787040880400006912,-1.02194,17.76370,0.74457,0.59773,-0.18463,0.40298,-0.66801,2.00377,-0.56328,-0.30190,
1787040880466671872,-0.87162,17.72473,0.73122,0.59738,-0.18354,0.39672,-0.67236,2.07615,-0.52879,-0.13834,
1787040880533339136,-0.73031,17.69122,0.72822,0.59569,-0.19170,0.38609,-0.67775,2.05347,-0.51721,0.03492,
1787040880600004864,-0.59355,17.65685,0.73615,0.59704,-0.19687,0.38135,-0.67777,2.04962,-0.53595,0.22433,
1787040880666672896,-0.44554,17.61727,0.75336,0.60118,-0.20197,0.38557,-0.67016,2.08168,-0.54023,0.30772,
1787040880733339136,-0.30417,17.58338,0.76658,0.60484,-0.21302,0.39476,-0.65799,2.06201,-0.47394,0.15470,
1787040880800005888,-0.15068,17.54974,0.76614,0.61325,-0.21980,0.39117,-0.65008,2.04896,-0.43385,-0.06011,
1787040880866672128,-0.01156,17.51898,0.75083,0.61923,-0.22581,0.38293,-0.64724,2.05767,-0.46391,-0.23371,
1787040880933337856,0.11929,17.48633,0.72540,0.61897,-0.22275,0.37966,-0.65047,2.04832,-0.47935,-0.31558,
1787040881000005120,0.25871,17.45383,0.70875,0.61756,-0.20827,0.37593,-0.65873,2.08895,-0.47860,-0.20086,
1787040881066673920,0.40062,17.42314,0.70367,0.61110,-0.19508,0.37746,-0.66785,2.12100,-0.45412,0.03293,
1787040881133338880,0.55662,17.38888,0.70465,0.59985,-0.18964,0.38321,-0.67629,2.14841,-0.50240,0.20377,
1787040881200005120,0.68551,17.34998,0.71434,0.58789,-0.18353,0.39120,-0.68386,2.06511,-0.61246,0.23717,
1787040881266671872,0.82544,17.30685,0.72503,0.57753,-0.16941,0.41215,-0.68403,1.98983,-0.65462,0.09257,
1787040881333339904,0.97350,17.26756,0.72251,0.57669,-0.15042,0.41889,-0.68508,1.99057,-0.63778,-0.11630,
1787040881400006912,1.09144,17.22482,0.70655,0.57870,-0.13422,0.42236,-0.68462,2.01491,-0.64620,-0.29726,
1787040881466671872,1.21355,17.18099,0.68549,0.59110,-0.12365,0.41894,-0.67809,2.02129,-0.65679,-0.38258,
1787040881533339136,1.35007,17.13565,0.66335,0.60610,-0.11378,0.41172,-0.67095,2.07044,-0.67586,-0.26384,
1787040881600007168,1.49899,17.09405,0.65545,0.61776,-0.11398,0.40730,-0.66294,2.11367,-0.60281,-0.06091,
1787040881666672896,1.64135,17.05848,0.65923,0.63485,-0.12472,0.39933,-0.64957,2.13853,-0.48724,0.08750,
1787040881733339136,1.78182,17.02781,0.67218,0.65720,-0.13569,0.38509,-0.63354,2.16660,-0.40499,0.26254,
1787040881800005888,1.93240,16.99907,0.68837,0.67587,-0.15689,0.38306,-0.60979,2.21945,-0.36368,0.24763,
1787040881866672128,2.08171,16.97254,0.69802,0.68660,-0.18301,0.38743,-0.58736,2.20978,-0.34303,0.02199,
1787040881933339136,2.24511,16.94587,0.69117,0.69158,-0.20548,0.38569,-0.57510,2.20633,-0.35449,-0.18967,
1787040882000005888,2.40724,16.91806,0.67145,0.69213,-0.22025,0.37852,-0.57373,2.23423,-0.39858,-0.32946,
1787040882066673920,2.57518,16.88861,0.64817,0.69377,-0.22403,0.37465,-0.57283,2.29586,-0.44024,-0.31449,
1787040882133338880,2.73815,16.85843,0.63290,0.69615,-0.22010,0.38006,-0.56788,2.33384,-0.42969,-0.12128,
1787040882200005888,2.89256,16.83029,0.63331,0.69133,-0.22044,0.38661,-0.56922,2.30641,-0.43170,0.16386,
1787040882266673152,3.04390,16.79845,0.64347,0.67647,-0.22482,0.40215,-0.57456,2.23708,-0.48780,0.21639,
1787040882333338880,3.19290,16.76155,0.65579,0.65361,-0.23160,0.41966,-0.58570,2.18377,-0.59348,0.17824,
1787040882400006144,3.35444,16.71897,0.66233,0.62906,-0.22301,0.44097,-0.60009,2.13524,-0.64428,-0.02979,
1787040882466674176,3.50492,16.67656,0.65556,0.60857,-0.21006,0.44965,-0.61914,2.13973,-0.65273,-0.21327,
1787040882533339136,3.65465,16.63507,0.64067,0.59000,-0.19708,0.45053,-0.64038,2.17587,-0.66064,-0.31753,
1787040882600007168,3.81344,16.59248,0.62449,0.57647,-0.19016,0.44605,-0.65769,2.25666,-0.70459,-0.29706,
1787040882666672896,3.98069,16.54729,0.61517,0.56871,-0.18893,0.44939,-0.66251,2.34344,-0.72871,-0.14420,
1787040882733338112,4.14073,16.50124,0.61536,0.56716,-0.19431,0.44361,-0.66617,2.31016,-0.67301,0.06875,
1787040882800005888,4.29045,16.45690,0.62479,0.56389,-0.20177,0.43115,-0.67485,2.30255,-0.64916,0.21842,
1787040882866672896,4.44740,16.41418,0.64104,0.55939,-0.20708,0.44072,-0.67080,2.36292,-0.64154,0.25094,
1787040882933339136,4.60962,16.37278,0.65466,0.55067,-0.21967,0.45900,-0.66169,2.33930,-0.59602,0.08691,
1787040883000005888,4.73507,16.33281,0.65565,0.54413,-0.22635,0.46442,-0.66106,2.29648,-0.58690,-0.11924,
1787040883066672128,4.84301,16.28914,0.64421,0.53874,-0.23258,0.46595,-0.66224,2.26244,-0.62918,-0.28404,
1787040883133338880,4.98948,16.24513,0.62462,0.53608,-0.23262,0.46577,-0.66450,2.23260,-0.66411,-0.30152,
1787040883200005888,5.11380,16.19177,0.61120,0.53733,-0.22126,0.46417,-0.66848,2.19895,-0.73203,-0.13940,
1787040883266673152,5.25876,16.14025,0.60967,0.53464,-0.20406,0.46504,-0.67546,2.16824,-0.79268,0.07478,
1787040883333338880,5.36878,16.07774,0.62206,0.52428,-0.18536,0.47261,-0.68367,2.06057,-0.85564,0.19087,
1787040883400006144,5.50185,16.01310,0.63719,0.51028,-0.17593,0.47743,-0.69334,2.04456,-0.95074,0.25039,
1787040883466672896,5.64351,15.94076,0.65026,-0.49313,0.16776,-0.49227,0.69739,1.94484,-1.00338,0.11353,
1787040883533338112,5.76431,15.87064,0.65523,-0.47541,0.14986,-0.49317,0.71296,1.85757,-0.98231,-0.07815,
1787040883600004864,5.90123,15.80142,0.64714,-0.46074,0.12857,-0.48970,0.72896,1.90615,-1.00660,-0.21605,
1787040883666671872,6.00627,15.73381,0.63491,-0.45116,0.11373,-0.47889,0.74443,1.89303,-1.02764,-0.24397,
1787040883733339136,6.13182,15.66327,0.62788,-0.44642,0.10084,-0.46656,0.75688,1.94084,-1.08268,-0.09459,
1787040883800004864,6.23402,15.59304,0.63108,-0.44408,0.09559,-0.45161,0.76793,1.89704,-1.08563,0.07285,
1787040883866672128,6.33963,15.52112,0.64435,-0.44223,0.09249,-0.44128,0.77534,1.85713,-1.04386,0.25746,
1787040883933339136,6.40676,15.44924,0.67570,-0.43777,0.08760,-0.44026,0.77901,1.81880,-1.05444,0.37008,
1787040884000008192,6.59547,15.37839,0.68162,-0.43088,0.09213,-0.45049,0.77647,1.90586,-0.98578,0.21238,
1787040884066672128,6.71981,15.31187,0.68522,-0.42530,0.09470,-0.44541,0.78215,1.90178,-0.94542,-0.01531,
1787040884133338880,6.84694,15.24573,0.68418,-0.42239,0.09942,-0.43629,0.78826,1.94865,-1.00384,-0.19113,
1787040884200006912,6.96645,15.17950,0.66250,-0.42228,0.10252,-0.42540,0.79385,1.94020,-1.01302,-0.27616,
1787040884266671872,7.09518,15.10484,0.64612,-0.42433,0.10214,-0.41647,0.79754,1.97445,-1.09953,-0.12078,
1787040884333338880,7.21975,15.02973,0.64242,-0.41891,0.10157,-0.41838,0.79947,1.90456,-1.17800,0.11385,
1787040884400006144,7.34015,14.94366,0.64655,-0.40541,0.09550,-0.43612,0.79770,1.79655,-1.28181,0.18073,
1787040884466672896,7.46422,14.85653,0.66022,-0.39629,0.09160,-0.45199,0.79389,1.76086,-1.31793,0.27566,
1787040884533339136,7.57951,14.76469,0.67041,-0.39217,0.09002,-0.46779,0.78694,1.75022,-1.34399,0.11579,
1787040884600007168,7.68686,14.67414,0.66604,-0.38976,0.08673,-0.47823,0.78222,1.70518,-1.32089,-0.14820,
1787040884666672896,7.80036,14.58323,0.65040,-0.39164,0.07789,-0.47719,0.78284,1.74600,-1.33858,-0.28631,
1787040884733339136,7.90799,14.49540,0.63208,-0.39365,0.07505,-0.47176,0.78540,1.73823,-1.34489,-0.29873,
1787040884800005888,8.02384,14.40382,0.61673,-0.39838,0.07370,-0.46338,0.78813,1.78793,-1.41312,-0.12616,
1787040884866672896,8.13837,14.30809,0.61001,-0.40727,0.07951,-0.45638,0.78710,1.82473,-1.42080,0.07236,
1787040884933337856,8.25734,14.21611,0.62011,-0.41890,0.08766,-0.45760,0.77938,1.86557,-1.35117,0.23232,
1787040885000005888,8.35154,14.13491,0.63269,-0.42406,0.09756,-0.46632,0.77019,1.93363,-1.26177,0.28332,
1787040885066672128,8.47373,14.05341,0.64244,-0.42461,0.12095,-0.48064,0.75767,1.93193,-1.15357,0.13291,
1787040885133337856,8.58166,13.98157,0.63692,-0.42476,0.14103,-0.48277,0.75274,1.88893,-1.11879,-0.10575,
1787040885200005888,8.71586,13.89863,0.62084,-0.42754,0.15734,-0.48023,0.74956,1.91135,-1.14722,-0.28754,
1787040885266671872,8.84078,13.81571,0.60062,-0.42911,0.16544,-0.47462,0.75049,1.89670,-1.16130,-0.34997,
1787040885333338880,8.97281,13.73150,0.58129,-0.42666,0.16772,-0.47320,0.75227,1.92814,-1.20725,-0.17962,
1787040885400006144,9.10118,13.64927,0.57734,-0.41982,0.16010,-0.47371,0.75744,1.88317,-1.23065,0.07966,
1787040885466671872,9.22699,13.56528,0.58954,-0.40582,0.15534,-0.48356,0.75983,1.76678,-1.20759,0.21052,
1787040885533339136,9.33293,13.48811,0.60683,-0.39942,0.15593,-0.48174,0.76425,1.63785,-1.23373,0.28095,
1787040885600006144,9.43066,13.40399,0.62580,-0.39812,0.14340,-0.48569,0.76488,1.51149,-1.22877,0.13197,
1787040885666671872,9.52039,13.32387,0.63436,-0.40172,0.12698,-0.48315,0.76751,1.52076,-1.22514,-0.09036,
1787040885733338112,9.66576,13.22476,0.61963,-0.40857,0.11175,-0.47969,0.76843,1.63657,-1.27332,-0.28271,
1787040885800007168,9.76873,13.14639,0.60164,-0.41761,0.10081,-0.47429,0.76843,1.69066,-1.27692,-0.33532,
1787040885866675968,9.86912,13.07146,0.58380,-0.42916,0.09477,-0.46650,0.76761,1.77427,-1.33518,-0.19703,
1787040885933339136,9.96154,13.00020,0.57991,-0.44118,0.10191,-0.46477,0.76089,1.79982,-1.27834,0.03281,
1787040886000005888,10.08197,12.92039,0.58645,-0.45347,0.11716,-0.46415,0.75180,1.82185,-1.23809,0.18360,
1787040886066673920,10.19812,12.84300,0.59865,-0.45883,0.12440,-0.47203,0.74242,1.82783,-1.17915,0.25036,
1787040886133339904,10.32159,12.76671,0.61200,-0.45587,0.13497,-0.48648,0.73301,1.82674,-1.07780,0.15312,
1787040886200005888,10.45001,12.69221,0.61784,-0.45166,0.14873,-0.48764,0.73218,1.82323,-1.02063,-0.04473,
1787040886266673152,10.56724,12.62460,0.60879,-0.44971,0.16497,-0.47978,0.73509,1.84330,-1.05210,-0.22260,
1787040886333338112,10.69623,12.54990,0.58939,-0.44893,0.17284,-0.47394,0.73754,1.84194,-1.09100,-0.30851,
1787040886400006144,10.81184,12.47852,0.57375,-0.44998,0.17090,-0.46894,0.74055,1.80686,-1.10347,-0.19780,
1787040886466672896,10.93077,12.40169,0.56998,-0.45435,0.15541,-0.46133,0.74605,1.75554,-1.13768,0.04170,
1787040886533339136,11.04944,12.32572,0.57940,-0.45500,0.14405,-0.46317,0.74679,1.74321,-1.16039,0.22611,
1787040886600004864,11.16715,12.24718,0.60058,-0.45392,0.14599,-0.46869,0.74362,1.62471,-1.17587,0.29582,
1787040886666672896,11.27169,12.16583,0.61995,-0.45343,0.13888,-0.47720,0.73986,1.49233,-1.20042,0.17601,
1787040886733338112,11.36135,12.08892,0.62986,-0.45832,0.12192,-0.47727,0.73980,1.46734,-1.14258,-0.02627,
1787040886800007168,11.46721,12.01440,0.62767,-0.46302,0.10862,-0.46837,0.74461,1.54243,-1.14478,-0.19714,
1787040886866672128,11.55225,11.95251,0.61958,-0.47082,0.10005,-0.45759,0.74762,1.56625,-1.14005,-0.27974,
1787040886933337856,11.66057,11.88266,0.60734,-0.48349,0.09181,-0.44403,0.74876,1.62129,-1.17414,-0.18213,
1787040887000005888,11.76853,11.81324,0.60436,-0.49573,0.09138,-0.43605,0.74550,1.66923,-1.15449,0.01753,
1787040887066672128,11.88380,11.74426,0.61442,0.50536,-0.09854,0.42783,-0.74288,1.71346,-1.10896,0.17869,
1787040887133338880,12.01297,11.67253,0.62937,0.50464,-0.10400,0.43328,-0.73945,1.79163,-1.07297,0.27347,
1787040887200005888,12.12510,11.59876,0.65559,-0.49571,0.11380,-0.44865,0.73487,1.82441,-1.01927,0.25582,
1787040887266673152,12.27295,11.53905,0.65654,-0.48804,0.12535,-0.46178,0.72998,1.84422,-0.97448,0.05742,
1787040887333339904,12.39168,11.47772,0.65795,-0.48967,0.13642,-0.46323,0.72597,1.83676,-0.94030,-0.10233,
1787040887400005120,12.50412,11.41815,0.64802,-0.48864,0.14682,-0.45606,0.72917,1.82474,-0.94681,-0.23890,
1787040887466671872,12.63132,11.34799,0.63101,-0.48394,0.14776,-0.44882,0.73657,1.84208,-0.99148,-0.20998,
1787040887533339136,12.75580,11.28129,0.62007,-0.47652,0.14214,-0.44786,0.74307,1.83072,-1.02349,-0.03819,
1787040887600006144,12.87583,11.21442,0.62403,-0.46580,0.13499,-0.44876,0.75061,1.82179,-1.07538,0.21743,
1787040887666672896,12.99281,11.14960,0.63989,-0.45510,0.13729,-0.45733,0.75159,1.73368,-1.05814,0.30426,
1787040887733339136,13.11250,11.08052,0.65807,-0.44566,0.14457,-0.46480,0.75130,1.63535,-1.12378,0.27075,
1787040887800005888,13.20854,11.01180,0.67032,-0.43842,0.13626,-0.47541,0.75047,1.51788,-1.12995,0.05631,
1787040887866672128,13.31043,10.93914,0.66688,-0.43467,0.11752,-0.48254,0.75128,1.53596,-1.15703,-0.16548,
1787040887933337856,13.41461,10.86855,0.65310,-0.43387,0.10279,-0.49236,0.74751,1.59820,-1.15616,-0.26309,
1787040888000006912,13.52135,10.79818,0.63815,-0.43344,0.09479,-0.49314,0.74830,1.62226,-1.13338,-0.24427,
1787040888066672128,13.62422,10.72858,0.62799,-0.43289,0.09232,-0.49336,0.74879,1.66737,-1.14173,-0.07653,
1787040888133338880,13.73962,10.65495,0.62819,-0.43438,0.09794,-0.48543,0.75238,1.67354,-1.09343,0.11638,
1787040888200005888,13.85417,10.58430,0.64401,-0.44130,0.10640,-0.47565,0.75345,1.67170,-1.03768,0.27063,
1787040888266671872,13.96541,10.51575,0.66264,-0.45008,0.10706,-0.47617,0.74782,1.69804,-1.02351,0.31638,
1787040888333338112,14.10286,10.44605,0.68005,-0.44988,0.10766,-0.48359,0.74308,1.69561,-0.92374,0.16789,
1787040888400006144,14.21188,10.38609,0.68794,-0.44643,0.10831,-0.47322,0.75169,1.70579,-0.87359,-0.03278,
1787040888466672896,14.32487,10.32811,0.68280,-0.44122,0.11179,-0.46207,0.76113,1.73391,-0.88415,-0.20249,
1787040888533338112,14.44498,10.26735,0.66702,-0.43621,0.11078,-0.45297,0.76959,1.75500,-0.89296,-0.23790,
1787040888600007168,14.56100,10.20310,0.65869,-0.43160,0.10955,-0.44705,0.77580,1.74992,-0.93901,-0.08520,
1787040888666671872,14.68052,10.13801,0.65861,-0.42783,0.09629,-0.44240,0.78228,1.72808,-0.96846,0.11369,
1787040888733338112,14.76866,10.08238,0.67637,-0.41690,0.09218,-0.44750,0.78578,1.72238,-1.01123,0.24433,
1787040888800005888,14.90256,10.00182,0.69193,-0.40277,0.10133,-0.46119,0.78410,1.66875,-1.12065,0.29369,
1787040888866672128,15.01751,9.92397,0.70728,-0.38932,0.10510,-0.48761,0.77435,1.59024,-1.15564,0.15190,
1787040888933337856,15.16041,9.83249,0.70629,-0.38136,0.10243,-0.50805,0.76548,1.60248,-1.16362,-0.07622,
1787040889000005120,15.26259,9.75793,0.69762,-0.37938,0.09880,-0.52212,0.75743,1.60955,-1.14741,-0.20446,
1787040889066673920,15.33751,9.69226,0.68707,-0.38295,0.09633,-0.52141,0.75644,1.58351,-1.14404,-0.24024,
1787040889133338880,15.47730,9.60345,0.67453,-0.38792,0.09173,-0.51513,0.75878,1.61417,-1.21408,-0.13948,
1787040889200005120,15.57644,9.52718,0.67311,-0.39239,0.09037,-0.50466,0.76367,1.61789,-1.18774,0.05208,
1787040889266671872,15.69541,9.44607,0.68289,-0.39852,0.10004,-0.48944,0.76917,1.60366,-1.17249,0.20074,
1787040889333338112,15.76010,9.38271,0.70197,-0.40218,0.09705,-0.47632,0.77586,1.57435,-1.13132,0.27610,
1787040889400006912,15.89304,9.29381,0.71786,-0.40091,0.09765,-0.48164,0.77315,1.66988,-1.14257,0.24609,
1787040889466671872,15.98677,9.22416,0.73065,-0.39769,0.10135,-0.48911,0.76964,1.63496,-1.06313,0.08646,
1787040889533339904,16.09198,9.15731,0.73395,-0.39596,0.10569,-0.48172,0.77459,1.65648,-1.05310,-0.07125,
1787040889600006144,16.20319,9.08328,0.72413,-0.39155,0.11013,-0.47387,0.78103,1.69469,-1.10535,-0.20791,
1787040889666672896,16.31919,9.00651,0.70666,-0.38835,0.11139,-0.47234,0.78337,1.72562,-1.15896,-0.18886,
1787040889733338112,16.44674,8.92116,0.69360,-0.38695,0.11033,-0.47798,0.78079,1.74738,-1.20232,-0.05520,
1787040889800005888,16.56078,8.83891,0.69548,-0.38207,0.10650,-0.48406,0.77998,1.71673,-1.26609,0.16296,
1787040889866672896,16.67496,8.75254,0.70535,-0.37082,0.10326,-0.50108,0.77508,1.63514,-1.27404,0.20069,
1787040889933339136,16.78405,8.66439,0.71208,-0.35844,0.10639,-0.51381,0.77214,1.57344,-1.34981,0.19422,
1787040890000006912,16.89654,8.57126,0.71476,-0.34779,0.10890,-0.53891,0.75945,1.51984,-1.35514,0.04363,
1787040890066673152,17.02606,8.47233,0.70929,-0.34302,0.11014,-0.55359,0.75083,1.52340,-1.35121,-0.12296,
1787040890133338880,17.13797,8.38099,0.69349,-0.34484,0.11111,-0.56371,0.74227,1.56767,-1.38581,-0.26968,
1787040890200005888,17.21989,8.29791,0.67336,-0.34800,0.11382,-0.56991,0.73563,1.53182,-1.39472,-0.29437,
1787040890266673152,17.28771,8.21269,0.65682,-0.35114,0.11868,-0.57575,0.72878,1.53422,-1.41715,-0.14838,
1787040890333338880,17.39097,8.12089,0.65378,-0.35862,0.13256,-0.57221,0.72553,1.53233,-1.36819,0.04272,
1787040890400006912,17.46356,8.03665,0.66206,-0.37016,0.15082,-0.57077,0.71726,1.50392,-1.35524,0.16884,
1787040890466672896,17.53092,7.95075,0.67553,-0.37492,0.15669,-0.57763,0.70797,1.47264,-1.32440,0.19239,
1787040890533339136,17.59616,7.87328,0.69063,-0.37074,0.16488,-0.59405,0.69460,1.41207,-1.20931,0.14157,
1787040890600006144,17.69175,7.78820,0.69739,-0.36761,0.17390,-0.59380,0.69427,1.37546,-1.15272,0.00539,
1787040890666675200,17.77315,7.71301,0.69629,-0.36667,0.18318,-0.58727,0.69793,1.36760,-1.19266,-0.14988,
1787040890733339904,17.88143,7.62413,0.68333,-0.36525,0.18498,-0.58287,0.70189,1.37199,-1.23083,-0.22101,
1787040890800004864,17.97713,7.53763,0.67428,-0.36417,0.17680,-0.57917,0.70759,1.36466,-1.26124,-0.13139,
1787040890866672128,18.05242,7.45935,0.67341,-0.36246,0.15909,-0.57422,0.71665,1.28990,-1.24851,0.06472,
1787040890933339136,18.15685,7.36345,0.68650,-0.35708,0.13509,-0.57228,0.72577,1.27404,-1.27012,0.25817,
1787040891000005888,18.23221,7.28840,0.71192,-0.35240,0.11754,-0.56154,0.73937,1.19522,-1.19676,0.32296,
1787040891066672128,18.30885,7.21079,0.73671,-0.34923,0.10854,-0.55710,0.74558,1.14299,-1.26638,0.27327,
1787040891133337856,18.40165,7.12132,0.75181,-0.34577,0.09354,-0.55446,0.75118,1.12696,-1.25781,0.11303,
1787040891200005888,18.46179,7.05213,0.75434,-0.34033,0.07715,-0.54960,0.75905,1.14010,-1.27322,-0.05907,
1787040891266671872,18.54355,6.97180,0.74658,-0.33360,0.06375,-0.54796,0.76446,1.20901,-1.28223,-0.15551,
1787040891333338880,18.63015,6.89152,0.73436,-0.32835,0.05633,-0.54370,0.77033,1.24794,-1.28881,-0.17419,
1787040891400006144,18.71490,6.81153,0.72520,-0.32600,0.05264,-0.53744,0.77595,1.29380,-1.30735,-0.03799,
1787040891466671872,18.80381,6.72548,0.72596,-0.32640,0.05837,-0.52813,0.78175,1.29869,-1.26830,0.10728,
1787040891533339904,18.86469,6.66359,0.73676,-0.32877,0.06215,-0.51358,0.79012,1.26179,-1.18841,0.23283,
1787040891600007168,18.95731,6.57786,0.75433,-0.33085,0.06219,-0.50821,0.79271,1.33772,-1.21571,0.28522,
1787040891666671872,19.06632,6.49278,0.76886,-0.33085,0.06498,-0.51258,0.78967,1.39481,-1.13332,0.22223,
1787040891733338112,19.15743,6.42218,0.78147,-0.32871,0.07299,-0.50303,0.79598,1.40725,-1.05810,0.07133,
1787040891800007168,19.25113,6.35238,0.78208,-0.32498,0.08443,-0.48857,0.80533,1.43465,-1.09579,-0.08450,
1787040891866672128,19.30816,6.30839,0.77105,-0.32151,0.09031,-0.47771,0.81257,1.38071,-1.09239,-0.17982,
1787040891933339136,19.43353,6.21663,0.75742,-0.31937,0.08621,-0.46902,0.81890,1.41436,-1.14893,-0.09985,
1787040892000006912,19.52227,6.14264,0.75444,-0.31629,0.07321,-0.46672,0.82266,1.39508,-1.15002,0.08269,
1787040892066673152,19.55921,6.10366,0.76139,-0.30905,0.06046,-0.46520,0.82730,1.30425,-1.13245,0.20951,
1787040892133338880,19.67366,6.01602,0.77211,-0.29888,0.05417,-0.46883,0.82942,1.29014,-1.19169,0.23998,
1787040892200005888,19.74816,5.94603,0.78532,-0.28698,0.04953,-0.48602,0.82400,1.20722,-1.25239,0.18985,
1787040892266673152,19.83327,5.86616,0.79427,-0.27572,0.04060,-0.50670,0.81583,1.17530,-1.27964,0.02506,
1787040892333338112,19.88657,5.80338,0.79575,-0.26963,0.02614,-0.52472,0.80703,1.13207,-1.24843,-0.10821,
1787040892400006912,19.96459,5.72235,0.78666,-0.26364,0.01343,-0.53124,0.80504,1.16473,-1.23296,-0.18813,
1787040892466671872,20.04177,5.64318,0.77386,-0.25706,0.00836,-0.53240,0.80647,1.17497,-1.29093,-0.21351,
1787040892533339136,20.11223,5.56140,0.76556,-0.25390,0.00410,-0.53656,0.80475,1.17605,-1.33677,-0.06129,
1787040892600006144,20.18066,5.47619,0.76655,-0.25228,0.00284,-0.53559,0.80591,1.16078,-1.33678,0.14439,
1787040892666671872,20.24074,5.39709,0.78096,-0.25325,0.00468,-0.54039,0.80239,1.13991,-1.24226,0.23461,
1787040892733338112,20.31865,5.31543,0.79517,-0.25485,-0.00018,-0.54561,0.79835,1.20274,-1.18296,0.23326,
1787040892800005888,20.40571,5.23963,0.80912,-0.26066,0.01280,-0.55295,0.79129,1.29719,-1.08908,0.17751,
1787040892866672896,20.49549,5.16765,0.81731,-0.29005,0.03952,-0.55129,0.78127,1.36634,-1.06570,0.02880,
1787040892933339136,20.57191,5.10647,0.81752,-0.33729,0.07171,-0.54106,0.76704,1.35468,-1.04135,-0.07856,
1787040893000005888,20.65583,5.03787,0.81055,-0.37979,0.09720,-0.52321,0.75668,1.28085,-1.05902,-0.15613,
1787040893066672128,20.74223,4.96046,0.80014,-0.41380,0.09641,-0.50688,0.75003,1.23875,-1.12041,-0.14976,
1787040893133339904,20.83259,4.87860,0.79470,-0.43473,0.09245,-0.50100,0.74260,1.27988,-1.14273,-0.00061,
1787040893200005888,20.92052,4.79407,0.79707,-0.43875,0.09140,-0.50737,0.73602,1.27396,-1.19891,0.16259,
1787040893266671872,20.99896,4.70835,0.80533,-0.42341,0.08567,-0.51898,0.73760,1.09439,-1.15928,0.21028,
1787040893333339904,21.06185,4.63029,0.82085,-0.38739,0.07457,-0.52865,0.75160,0.97494,-1.24935,0.19842,
1787040893400006144,21.09311,4.55351,0.82529,-0.33471,0.04495,-0.54566,0.76695,0.85912,-1.22991,0.05976,
1787040893466672896,21.14871,4.46823,0.82016,-0.29116,0.01406,-0.55582,0.77852,0.83062,-1.23022,-0.07808,
1787040893533339136,21.19610,4.39097,0.80955,-0.25817,-0.01858,-0.55859,0.78802,0.85581,-1.22026,-0.15195,
1787040893600007168,21.24510,4.31345,0.79471,-0.23026,-0.03889,-0.55735,0.79676,0.88639,-1.25949,-0.21218,
1787040893666671872,21.32241,4.21660,0.77979,-0.20745,-0.05648,-0.55526,0.80340,0.92595,-1.31025,-0.14491,
1787040893733339136,21.39644,4.12038,0.77355,-0.19321,-0.06884,-0.54822,0.81079,0.97426,-1.33106,-0.00503,
1787040893800005888,21.45542,4.03349,0.77655,-0.18976,-0.07434,-0.54688,0.81202,0.98943,-1.33183,0.12687,
1787040893866672896,21.52187,3.94468,0.78421,-0.18640,-0.08170,-0.54861,0.81093,1.00725,-1.25436,0.16405,
1787040893933339136,21.59781,3.85644,0.79504,-0.17792,-0.08504,-0.55693,0.80681,1.05969,-1.22529,0.13770,
1787040894000005888,21.66676,3.77706,0.80034,-0.16574,-0.08265,-0.56318,0.80531,1.05101,-1.19263,0.01434,
1787040894066673152,21.75595,3.67378,0.79235,-0.15430,-0.08533,-0.56597,0.80535,1.07571,-1.24937,-0.11265,
1787040894133341184,21.82902,3.58944,0.78185,-0.14307,-0.08954,-0.56766,0.80577,1.09204,-1.27946,-0.18497,
1787040894200006912,21.90396,3.49468,0.76573,-0.13263,-0.09863,-0.57257,0.80302,1.08578,-1.28700,-0.20444,
1787040894266673152,21.97970,3.40720,0.75586,-0.12372,-0.11041,-0.57388,0.80198,1.08234,-1.25262,-0.09909,
1787040894333339904,22.06408,3.31072,0.75260,-0.11167,-0.12444,-0.56640,0.80699,1.02629,-1.23497,0.03876,
1787040894400005120,22.13045,3.22695,0.76058,-0.09630,-0.14731,-0.56237,0.80794,0.96285,-1.24533,0.14102,
1787040894466672896,22.19433,3.14171,0.77022,-0.07798,-0.16550,-0.55562,0.81106,0.88529,-1.29100,0.12086,
1787040894533339904,22.26300,3.04342,0.77418,-0.05534,-0.18442,-0.56111,0.80504,0.84061,-1.35718,0.04771,
1787040894600007168,22.30166,2.96862,0.77501,-0.03543,-0.19972,-0.57042,0.79592,0.77630,-1.28371,-0.04950,
1787040894666671872,22.35127,2.88436,0.76853,-0.01654,-0.22195,-0.57072,0.79041,0.71555,-1.27014,-0.14143,
1787040894733338112,22.39986,2.80012,0.75752,-0.00045,-0.24446,-0.56745,0.78628,0.70300,-1.26751,-0.18546,
1787040894800005888,22.41476,2.74606,0.74752,0.01565,-0.26245,-0.56356,0.78312,0.66154,-1.26535,-0.18949,
1787040894866672128,22.43913,2.68030,0.73872,0.02546,-0.27731,-0.55576,0.78331,0.59335,-1.25965,-0.12187,
1787040894933337856,22.45001,2.62446,0.73629,0.02776,-0.28753,-0.54817,0.78490,0.54398,-1.26165,-0.03748,
1787040895000005120,22.47939,2.54753,0.73609,0.02059,-0.29145,-0.54874,0.78327,0.55418,-1.22554,0.01714,
1787040895066673152,22.51350,2.46663,0.73756,0.01889,-0.30025,-0.54710,0.78114,0.53514,-1.22655,0.05793,
1787040895133338880,22.54632,2.38688,0.74178,0.02147,-0.30673,-0.55367,0.77389,0.54188,-1.20178,0.09456,
1787040895200005120,22.56794,2.31806,0.74643,0.03041,-0.31033,-0.55918,0.76817,0.48921,-1.16985,0.04951,
1787040895266671872,22.59532,2.24350,0.74650,0.04728,-0.31732,-0.56213,0.76229,0.41628,-1.15226,-0.04392,
1787040895333338112,22.60695,2.17614,0.73897,0.07865,-0.33068,-0.56394,0.75261,0.34104,-1.12960,-0.13379,
1787040895400006144,22.60764,2.12205,0.72770,0.11107,-0.34983,-0.56451,0.73933,0.26709,-1.07708,-0.19528,
1787040895466672896,22.62084,2.05121,0.71417,0.14333,-0.37232,-0.55962,0.72640,0.25283,-1.04935,-0.17258,
1787040895533339136,22.63199,1.98802,0.70429,0.17472,-0.39592,-0.55030,0.71407,0.26498,-0.99137,-0.08513,
1787040895600004864,22.64760,1.92022,0.70264,0.20603,-0.42142,-0.53313,0.70408,0.23957,-0.99055,0.05522,
1787040895666671872,22.65704,1.86245,0.70816,0.23722,-0.44059,-0.51606,0.69519,0.20020,-0.95126,0.09249,
1787040895733339136,22.66990,1.79545,0.71193,0.27249,-0.45949,-0.49997,0.68165,0.11541,-0.88046,0.06677,
1787040895800004864,22.66787,1.75266,0.71534,0.31007,-0.48004,-0.48165,0.66440,0.01758,-0.81396,0.02632,
1787040895866673920,22.66831,1.69959,0.71748,0.34081,-0.49836,-0.46922,0.64445,-0.04656,-0.78819,-0.03240,
1787040895933337856,22.66242,1.65312,0.71434,0.36478,-0.51567,-0.45819,0.62537,-0.09330,-0.72640,-0.07405,
1787040896000006912,22.65329,1.61098,0.71022,0.38418,-0.52995,-0.44558,0.61075,-0.14262,-0.67486,-0.09685,
1787040896066672128,22.63795,1.58161,0.70654,0.40058,-0.54199,-0.43253,0.59891,-0.18380,-0.61300,-0.09618,
1787040896133339904,22.62031,1.55465,0.70432,0.41656,-0.54919,-0.41806,0.59168,-0.24905,-0.57467,-0.02666,
1787040896200005888,22.59547,1.52454,0.70253,0.42656,-0.55728,-0.40974,0.58275,-0.29064,-0.58782,-0.02591,
1787040896266671872,22.56620,1.50526,0.70278,0.43624,-0.56452,-0.40301,0.57323,-0.32794,-0.54712,-0.03007,
1787040896333338880,22.52175,1.51780,0.70307,-0.44489,0.57433,0.40173,-0.55751,-0.35534,-0.47208,0.00508,
1787040896400006144,22.48088,1.51196,0.70371,-0.45513,0.58103,0.40224,-0.54172,-0.37557,-0.44747,0.00132,
1787040896466671872,22.45017,1.48484,0.70360,-0.46573,0.58477,0.40303,-0.52792,-0.40009,-0.43016,-0.02539,
1787040896533338112,22.42058,1.47953,0.69624,-0.48032,0.58994,0.39722,-0.51330,-0.40791,-0.40553,-0.04910,
1787040896600006144,22.40143,1.46277,0.69219,0.50008,-0.59216,-0.39316,0.49467,-0.40620,-0.44921,-0.07634,
1787040896666671872,22.36417,1.41889,0.68531,0.51369,-0.59731,-0.39081,0.47604,-0.39717,-0.47772,-0.08779,
1787040896733339136,22.34597,1.40269,0.68290,0.52671,-0.60550,-0.38095,0.45916,-0.35968,-0.45421,-0.02891,
1787040896800005888,22.31624,1.37015,0.68334,0.54011,-0.61373,-0.37002,0.44125,-0.35078,-0.46751,0.04442,
1787040896866673920,22.28953,1.34368,0.68753,0.55509,-0.61367,-0.36323,0.42819,-0.35890,-0.41327,0.03239,
1787040896933337856,22.25983,1.31763,0.68879,0.56167,-0.61676,-0.36464,0.41374,-0.36095,-0.32345,-0.00586,
1787040897000005888,22.25034,1.32819,0.69317,0.56079,-0.62513,-0.36394,0.40283,-0.29620,-0.20355,-0.00265,
1787040897066672128,22.22013,1.30495,0.69277,0.56038,-0.63266,-0.35941,0.39564,-0.27537,-0.17265,-0.00769,
1787040897133338880,22.19570,1.28796,0.69132,0.56414,-0.63613,-0.35434,0.38927,-0.27868,-0.14336,-0.02473,
1787040897200006912,22.17880,1.28220,0.68909,0.56628,-0.64002,-0.35264,0.38123,-0.25929,-0.09233,-0.03384,
1787040897266671872,22.16374,1.27833,0.68700,0.56866,-0.64187,-0.35111,0.37596,-0.23304,-0.04694,-0.02774,
1787040897333338112,22.15129,1.28014,0.68550,0.56900,-0.64299,-0.35033,0.37426,-0.20505,0.00668,-0.00773,
1787040897400006144,22.14618,1.29306,0.68591,0.56804,-0.64396,-0.34938,0.37494,-0.18571,0.07910,-0.00016,
1787040897466671872,22.13594,1.30209,0.68639,0.56864,-0.64421,-0.34710,0.37572,-0.19364,0.14000,-0.00049,
1787040897533339136,22.12465,1.31778,0.68537,0.56632,-0.64499,-0.34687,0.37809,-0.22232,0.20733,-0.01575,
1787040897600007168,22.11069,1.33761,0.68276,0.55970,-0.64646,-0.34963,0.38285,-0.26249,0.28606,-0.04675,
1787040897666671872,22.09428,1.36299,0.67775,0.54798,-0.64979,-0.35461,0.38954,-0.27317,0.36560,-0.06418,
1787040897733339904,22.07812,1.39294,0.67372,0.53539,-0.65304,-0.35963,0.39695,-0.26245,0.39833,-0.03433,
1787040897800007936,22.06644,1.42583,0.67308,0.52511,-0.65165,-0.36562,0.40735,-0.25555,0.38852,-0.01695,
1787040897866672896,22.05746,1.45824,0.67402,0.51316,-0.65137,-0.37289,0.41635,-0.24352,0.37106,-0.03118,
1787040897933339136,22.03410,1.47679,0.66943,0.50227,-0.65274,-0.37906,0.42187,-0.23607,0.31371,-0.03137,
1787040898000006912,22.02240,1.49961,0.67069,-0.49254,0.65375,0.38431,-0.42699,-0.22667,0.26854,-0.02008,
1787040898066673152,22.01901,1.51602,0.68690,-0.48313,0.65669,0.38871,-0.42924,-0.20769,0.21853,0.00750,
1787040898133339904,21.99006,1.52758,0.66625,-0.47619,0.65917,0.39225,-0.42997,-0.18925,0.18247,-0.02032,
1787040898200005888,21.97975,1.53404,0.66280,-0.47120,0.66179,0.39511,-0.42882,-0.13438,0.13192,-0.03047,
1787040898266671872,21.97292,1.54109,0.66129,-0.46771,0.66525,0.39409,-0.42823,-0.08343,0.08711,-0.02039,
1787040898333338112,21.96686,1.54103,0.65864,-0.46668,0.66855,0.39007,-0.42789,-0.02752,0.02909,0.02740,
1787040898400006144,21.96600,1.54093,0.66250,-0.47218,0.66926,0.38324,-0.42692,0.00761,-0.02909,0.08302,
1787040898466672896,21.96842,1.53660,0.66841,-0.48366,0.66617,0.37455,-0.42662,0.04293,-0.07784,0.11798,
1787040898533339136,21.97411,1.52904,0.67591,-0.49902,0.66101,0.36264,-0.42725,0.07074,-0.11458,0.14107,
1787040898600006144,21.97631,1.50513,0.68608,0.51593,-0.65340,-0.35064,0.42888,0.05485,-0.16290,0.15401,
1787040898666671872,21.97760,1.48598,0.69451,0.53281,-0.63953,-0.33974,0.43782,0.05900,-0.16578,0.16181,
1787040898733339136,21.98704,1.47328,0.70848,0.54569,-0.62319,-0.33080,0.45214,0.10946,-0.12732,0.22096,
1787040898800005888,21.99793,1.46604,0.72403,0.56054,-0.60277,-0.31956,0.46941,0.16311,-0.08224,0.21840,
1787040898866672896,22.01212,1.46183,0.73965,0.57618,-0.57913,-0.30530,0.48930,0.21066,-0.05216,0.21285,
1787040898933339136,22.02566,1.46024,0.75319,0.58963,-0.55159,-0.29527,0.51078,0.19211,0.00080,0.18187,
1787040899000006912,22.03744,1.46160,0.76420,0.59981,-0.52639,-0.29044,0.52800,0.18558,0.05962,0.15763,
1787040899066673152,22.04979,1.46639,0.77315,0.60722,-0.50388,-0.28391,0.54478,0.19750,0.11675,0.12560,
1787040899133339904,22.06221,1.47272,0.77905,0.61386,-0.48623,-0.27243,0.55905,0.17390,0.09951,0.09474,
1787040899200005888,22.07311,1.47713,0.78268,0.61956,-0.47292,-0.26545,0.56747,0.15674,0.07044,0.06704,
1787040899266673152,22.08344,1.47979,0.78465,0.62314,-0.46388,-0.25608,0.57527,0.15573,0.04799,0.05648,
1787040899333338880,22.09378,1.47925,0.78728,0.62885,-0.45577,-0.23665,0.58380,0.14517,0.00674,0.04355,
1787040899400006912,22.10317,1.47460,0.78972,0.63222,-0.45043,-0.22328,0.58953,0.11384,-0.07536,0.03727,
1787040899466671872,22.11124,1.46989,0.79233,0.63681,-0.43864,-0.21559,0.59631,0.10207,-0.09077,0.05099,
1787040899533339136,22.11742,1.46668,0.79470,0.64258,-0.42940,-0.20554,0.60037,0.07718,-0.07599,0.04978,
1787040899600004864,22.12023,1.46495,0.79692,0.65247,-0.42383,-0.19459,0.59732,0.07696,-0.07563,0.04650,
1787040899666671872,22.12243,1.46347,0.79784,0.66270,-0.41807,-0.18537,0.59303,0.03539,-0.05238,0.02755,
1787040899733339136,22.12260,1.46308,0.79672,0.67013,-0.41575,-0.17635,0.58905,-0.01624,-0.01438,0.00434,
1787040899800004864,22.12932,1.45482,0.76786,0.67556,-0.41574,-0.17078,0.58448,0.03554,-0.03628,-0.03901,
1787040899866672128,22.12698,1.46761,0.76302,0.68235,-0.41168,-0.16165,0.58206,0.04728,-0.00747,-0.02963,
1787040899933340160,22.13410,1.45934,0.77020,0.68844,-0.40470,-0.15420,0.58180,0.07071,-0.01878,-0.01603,
1787040900000005888,22.13368,1.45351,0.76887,0.69316,-0.39559,-0.14666,0.58440,0.07574,-0.01917,-0.00922,
1787040900066672128,22.13143,1.45603,0.76656,0.69578,-0.38904,-0.14130,0.58701,0.07619,-0.00285,-0.02408,
1787040900133339904,22.14414,1.45673,0.76564,0.69822,-0.38123,-0.13535,0.59062,0.06682,0.01378,-0.03291,
1787040900200005888,22.14776,1.45853,0.76255,0.69841,-0.37784,-0.13136,0.59346,0.03749,0.03280,-0.04480,
1787040900266671872,22.15186,1.46085,0.75971,0.69869,-0.37569,-0.12974,0.59486,0.01695,0.04367,-0.03589,
1787040900333339904,22.15335,1.46417,0.75737,0.69852,-0.37857,-0.13162,0.59282,0.01330,0.05567,-0.03245,
1787040900400006912,22.15492,1.46778,0.75504,0.69696,-0.38471,-0.13652,0.58958,0.02463,0.05797,-0.03767,
1787040900466674176,22.15839,1.47067,0.75268,0.69697,-0.38585,-0.13909,0.58822,0.04424,0.06931,-0.03886,
1787040900533339136,22.16205,1.47485,0.74967,0.69606,-0.38714,-0.14069,0.58807,0.05006,0.07722,-0.04303,
1787040900600006144,22.16563,1.47923,0.74573,0.69531,-0.38787,-0.14144,0.58829,0.05946,0.08026,-0.05596,
1787040900666671872,22.17145,1.49238,0.75081,0.69475,-0.38730,-0.14072,0.58951,0.04421,0.10175,-0.04725,
1787040900733338112,22.17307,1.49412,0.74101,0.69230,-0.38906,-0.14221,0.59087,0.02012,0.09484,-0.05334,
1787040900800005888,22.17369,1.49940,0.73645,0.68907,-0.39268,-0.14611,0.59130,0.00764,0.09273,-0.05375,
1787040900866672896,22.18269,1.50895,0.74099,0.68663,-0.39749,-0.15292,0.58920,0.02158,0.10217,-0.04840,
1787040900933337856,22.18404,1.51323,0.73429,0.68611,-0.40221,-0.15631,0.58570,0.04579,0.09990,-0.05540,
1787040901000005888,22.18642,1.50144,0.71748,0.68512,-0.40699,-0.15912,0.58279,0.03682,0.06144,-0.05898,
1787040901066672128,22.19208,1.50328,0.71423,0.68258,-0.41077,-0.16713,0.58087,0.06175,0.02447,-0.05196,
1787040901133338880,22.19904,1.49513,0.70877,0.68139,-0.40849,-0.17717,0.58091,0.06381,-0.00599,-0.05673,
1787040901200006912,22.20049,1.49382,0.70506,0.67856,-0.40625,-0.18664,0.58282,0.04972,-0.00149,-0.06292,
1787040901266673920,22.20890,1.48644,0.69987,0.67555,-0.40720,-0.19478,0.58299,0.03513,-0.00179,-0.06667,
1787040901333339904,22.20726,1.48837,0.69409,0.67301,-0.40975,-0.20396,0.58100,0.01491,0.02030,-0.07294,
1787040901400006912,22.20737,1.48930,0.68923,0.66982,-0.41355,-0.21425,0.57828,0.03859,0.06111,-0.07856,
1787040901466672896,22.21475,1.49300,0.68445,0.66654,-0.41647,-0.21894,0.57823,0.06938,0.08177,-0.07901,
1787040901533338112,22.22892,1.49312,0.68274,0.66366,-0.42037,-0.22082,0.57799,0.08774,0.07829,-0.07174,
1787040901600006144,22.22939,1.49783,0.67627,0.66195,-0.42313,-0.22239,0.57734,0.09109,0.07204,-0.07051,
1787040901666671872,22.23483,1.50178,0.67337,0.66083,-0.42516,-0.22161,0.57744,0.08939,0.06093,-0.06634,
1787040901733339136,22.25803,1.49645,0.73190,0.65844,-0.42700,-0.22419,0.57781,0.08250,0.03710,-0.01438,
1787040901800005888,22.27050,1.50615,0.68866,0.65651,-0.42573,-0.22435,0.58088,0.10880,0.04189,-0.03985,
1787040901866672128,22.27695,1.50820,0.68610,0.65555,-0.42555,-0.22519,0.58177,0.11464,0.04936,-0.04377,
1787040901933339136,22.28454,1.51034,0.68566,0.65561,-0.42638,-0.22518,0.58110,0.12360,0.05567,-0.04166,
1787040902000005888,22.29201,1.51224,0.68568,0.65529,-0.42692,-0.22433,0.58139,0.13209,0.05806,-0.03767,
1787040902066673152,22.29663,1.51606,0.68224,0.65489,-0.42729,-0.22273,0.58218,0.12842,0.05274,-0.03771,
1787040902133339904,22.30326,1.51859,0.68135,0.65431,-0.42842,-0.22181,0.58235,0.11931,0.04885,-0.03746,
1787040902200007936,22.30949,1.52210,0.68164,0.65350,-0.42965,-0.22226,0.58218,0.11246,0.03883,-0.03459,
1787040902266673152,22.31666,1.52548,0.68019,0.65239,-0.43025,-0.22378,0.58241,0.10996,0.03089,-0.03256,
1787040902333339904,22.32447,1.52799,0.67915,0.65102,-0.43001,-0.22673,0.58296,0.12247,0.03194,-0.03160,
1787040902400005120,22.33239,1.53259,0.67976,0.65044,-0.42958,-0.22785,0.58350,0.13158,0.04404,-0.02866,
1787040902466672896,22.32928,1.50685,0.74333,0.65051,-0.43018,-0.22940,0.58237,0.11706,0.03218,0.00678,
1787040902533339136,22.32527,1.51965,0.76602,0.65028,-0.43178,-0.22864,0.58174,0.10891,0.04562,0.00666,
1787040902600004864,22.28154,1.52491,0.76963,0.64982,-0.43291,-0.22842,0.58150,0.06850,0.03029,0.01742,
1787040902666671872,22.31084,1.52347,0.74704,0.64981,-0.43280,-0.22820,0.58168,0.10090,0.02344,0.01040,
1787040902733339136,22.33746,1.53250,0.72993,0.64998,-0.43243,-0.22779,0.58194,0.12497,0.03042,0.00549,
1787040902800007168,22.34282,1.53674,0.72605,0.65006,-0.43243,-0.22773,0.58186,0.12639,0.03447,0.00282,
1787040902866672128,22.35145,1.54039,0.72471,0.65054,-0.43137,-0.22752,0.58219,0.13268,0.03682,0.00032,
1787040902933337856,22.35050,1.54187,0.73253,0.65104,-0.42803,-0.22946,0.58334,0.12255,0.04804,0.00335,
