1787040630766671872,0.64031,1.91650,-0.14514,0.85329,-0.42772,0.16713,-0.24704,
1787040630833339904,0.68784,2.00964,-0.16167,0.85509,-0.43143,0.15422,-0.24270,
1787040630966671104,0.80057,2.22924,-0.21197,0.85546,-0.44174,0.14208,-0.22992,
1787040631100006144,0.90245,2.42638,-0.21649,0.85065,-0.45586,0.14189,-0.22013,
1787040631233338112,1.01259,2.58729,-0.18218,0.84642,-0.46022,0.16080,-0.21428,
1787040631366672128,1.13167,2.74334,-0.19096,0.85238,-0.44464,0.17562,-0.21187,
1787040631500006912,1.26090,2.91971,-0.23127,0.86114,-0.43423,0.16973,-0.20265,
1787040631566672128,1.31036,2.98028,-0.22955,0.86743,-0.42982,0.15735,-0.19509,
1787040631633337856,1.37139,3.07703,-0.22689,0.87288,-0.43113,0.14097,-0.17983,
1787040631700006912,1.41611,3.15304,-0.21018,0.87880,-0.42866,0.12620,-0.16746,
1787040631766673152,1.46490,3.24630,-0.19517,0.87602,-0.44128,0.12041,-0.15284,
1787040631833338880,1.51709,3.35011,-0.19590,0.87012,-0.45713,0.11531,-0.14360,
1787040631900006144,1.56932,3.45350,-0.21214,0.86552,-0.46887,0.11067,-0.13710,
1787040631966672896,1.62305,3.56012,-0.23932,0.85475,-0.48866,0.11245,-0.13404,
1787040632166671872,1.77113,3.87846,-0.27026,0.85406,-0.48406,0.11750,-0.14983,
1787040632366671104,1.91499,4.15532,-0.22446,0.85399,-0.48190,0.13761,-0.13978,
1787040632433339136,1.95300,4.23109,-0.22774,0.86074,-0.46991,0.13895,-0.13788,
1787040632500005120,1.99590,4.32033,-0.24454,0.86898,-0.45757,0.12881,-0.13749,
1787040632566673152,2.03828,4.40643,-0.26311,0.87692,-0.44572,0.11946,-0.13441,
1787040632633338880,2.08322,4.50018,-0.27399,0.88111,-0.44307,0.10779,-0.12534,
1787040632700005888,2.12766,4.59703,-0.27749,0.88471,-0.44294,0.09200,-0.11239,
1787040632766673152,2.16706,4.70110,-0.26829,0.88622,-0.44643,0.07465,-0.09867,
1787040632833338112,2.20627,4.81665,-0.25016,0.87876,-0.46432,0.07113,-0.08439,
1787040632900006144,2.24156,4.92954,-0.23958,0.86778,-0.48595,0.07082,-0.07615,
1787040632966671872,2.27401,5.03868,-0.24532,0.86907,-0.48623,0.05571,-0.07203,
1787040633033339136,2.30731,5.14812,-0.26499,0.87387,-0.48030,0.04196,-0.06244,
1787040633100007168,2.34125,5.25794,-0.28680,0.88073,-0.46978,0.03531,-0.04878,
1787040633300005888,2.45432,5.60868,-0.28079,0.88026,-0.47048,0.05273,-0.03194,
1787040633366672128,2.49575,5.71707,-0.26420,0.87489,-0.47880,0.06625,-0.03051,
1787040633433339136,2.53849,5.81812,-0.25652,0.86652,-0.49089,0.08498,-0.03088,
1787040633500005888,2.58259,5.92339,-0.26548,0.85900,-0.50099,0.09879,-0.03706,
1787040633566673152,2.62544,6.02106,-0.28643,0.85015,-0.51208,0.11387,-0.04542,
1787040633700005888,2.71808,6.23977,-0.32475,0.84516,-0.51850,0.11633,-0.05772,
1787040633833338112,2.79780,6.45222,-0.32334,0.84167,-0.52708,0.10286,-0.05661,
1787040634033339136,2.87386,6.74577,-0.28742,0.84862,-0.51989,0.08274,-0.05207,
1787040634100007168,2.89510,6.83248,-0.30226,0.85793,-0.50568,0.07445,-0.05195,
1787040634166671872,2.92251,6.93416,-0.32398,0.86794,-0.48873,0.07044,-0.05355,
1787040634300004864,2.97944,7.14870,-0.33669,0.86886,-0.48448,0.08403,-0.05745,
1787040634366672128,3.01283,7.26065,-0.32946,0.86686,-0.48528,0.09765,-0.05927,
1787040634500005888,3.08250,7.48264,-0.29827,0.85919,-0.49771,0.10893,-0.04703,
1787040634700005888,3.18374,7.79822,-0.33674,0.85146,-0.50923,0.12007,-0.03572,
1787040634833339904,3.25786,8.03030,-0.36153,0.84642,-0.51863,0.11563,-0.03513,
1787040634966672896,3.32069,8.26872,-0.34364,0.85281,-0.51011,0.10960,-0.02224,
1787040635100006144,3.36630,8.50730,-0.32964,0.85945,-0.50176,0.09657,-0.01630,
1787040635233339904,3.41148,8.75627,-0.37247,0.86826,-0.48992,0.07249,-0.02904,
1787040635433340160,3.49282,9.13175,-0.39746,0.87242,-0.47985,0.08326,-0.04118,
1787040635500005120,3.52927,9.26928,-0.39252,0.86612,-0.48995,0.08918,-0.04275,
1787040635566673152,3.56764,9.39786,-0.38843,0.84770,-0.51902,0.10203,-0.04015,
1787040635633337856,3.60809,9.52524,-0.38932,0.83065,-0.54194,0.12150,-0.03950,
1787040635833338880,3.70637,9.88449,-0.45185,0.82577,-0.54771,0.12754,-0.04308,
1787040635966671872,3.76327,10.14002,-0.47064,0.82427,-0.55438,0.11041,-0.03235,
1787040636033339136,3.78036,10.26693,-0.46046,0.82011,-0.56220,0.10326,-0.02611,
1787040636100007168,3.79247,10.39009,-0.44486,0.81059,-0.57657,0.09993,-0.02294,
1787040636233339136,3.81417,10.62847,-0.44848,0.82212,-0.56411,0.07319,-0.02311,
1787040636300007168,3.82708,10.74418,-0.46751,0.83888,-0.54010,0.06553,-0.01649,
1787040636366673920,3.84057,10.85658,-0.48487,0.85341,-0.51724,0.06366,-0.01032,
1787040636433339136,3.85425,10.97464,-0.49293,0.86176,-0.50251,0.06945,-0.00605,
1787040636633337856,3.92203,11.33899,-0.45967,0.85472,-0.51152,0.08801,0.00730,
1787040636766673152,3.97752,11.54898,-0.46227,0.85334,-0.50993,0.10734,0.01614,
1787040636900006144,4.03278,11.75414,-0.50131,0.85291,-0.50878,0.11671,0.00868,
1787040637033339136,4.08696,11.97356,-0.51133,0.84850,-0.51819,0.10721,-0.00564,
1787040637166672896,4.12707,12.21518,-0.47928,0.83977,-0.53267,0.10474,-0.00908,
1787040637300004864,4.15213,12.43933,-0.47584,0.84787,-0.52284,0.08524,-0.02219,
1787040637433337856,4.18173,12.67073,-0.51045,0.85862,-0.50575,0.07757,-0.03125,
1787040637500006912,4.19849,12.78671,-0.51806,0.86043,-0.50074,0.08816,-0.03407,
1787040637566673920,4.21237,12.88797,-0.51222,0.86262,-0.49440,0.09841,-0.04213,
1787040637766673152,4.27893,13.21979,-0.46937,0.85410,-0.50626,0.11304,-0.03784,
1787040637900006144,4.33191,13.44601,-0.49410,0.85604,-0.50052,0.12677,-0.02479,
1787040638033338112,4.38227,13.67446,-0.52524,0.86386,-0.48887,0.12088,-0.01166,
1787040638100007168,4.40480,13.78804,-0.52635,0.87081,-0.47937,0.10870,-0.00831,
1787040638233339136,4.44529,14.04368,-0.50046,0.86704,-0.48739,0.10321,0.00531,
1787040638366672128,4.46754,14.27650,-0.48640,0.86852,-0.48861,0.08328,-0.00153,
1787040638500005888,4.50078,14.52128,-0.51862,0.87792,-0.47293,0.07466,-0.00528,
1787040638633338880,4.53553,14.78253,-0.53599,0.88322,-0.45892,0.09495,-0.01761,
1787040638700005888,4.55414,14.90052,-0.52500,0.88078,-0.46106,0.10515,-0.02421,
1787040638833338880,4.59764,15.14859,-0.49465,0.87513,-0.46897,0.11536,-0.03001,
1787040639166672896,4.69162,15.72212,-0.54690,0.88572,-0.45296,0.09976,-0.01916,
1787040639233339136,4.71234,15.85298,-0.54570,0.88823,-0.45142,0.08501,0.00611,
1787040639300005888,4.73449,16.01730,-0.53801,0.88689,-0.45529,0.07385,0.02624,
1787040639366672128,4.75365,16.15382,-0.51780,0.87729,-0.47222,0.07477,0.04225,
1787040639433340160,4.76965,16.28669,-0.51225,0.87761,-0.47143,0.06828,0.05382,
1787040639500005120,4.78460,16.43920,-0.52002,0.88347,-0.46168,0.05090,0.06114,
1787040639633337856,4.81784,16.72941,-0.55675,0.88201,-0.46458,0.03665,0.06991,
1787040639700005888,4.84330,16.87126,-0.56443,0.87879,-0.47021,0.04676,0.06661,
1787040639766673920,4.86673,17.06303,-0.55128,0.87821,-0.47186,0.05413,0.05619,
1787040639833338880,4.89529,17.15819,-0.54194,0.87543,-0.47720,0.06157,0.04601,
1787040639900006912,4.92510,17.29012,-0.52630,0.86986,-0.48632,0.07474,0.03528,
1787040639966672896,4.95270,17.40424,-0.51747,0.86797,-0.48782,0.09045,0.02168,
1787040640033338112,4.97814,17.52763,-0.52379,0.87214,-0.47876,0.10046,0.00852,
1787040640100006144,5.00011,17.65295,-0.54234,0.87692,-0.46952,0.10263,-0.00512,
1787040640166672896,5.02340,17.77977,-0.55569,0.88231,-0.45977,0.09915,-0.01742,
1787040640366672128,5.10599,18.17469,-0.54503,0.89760,-0.43208,0.08275,-0.02786,
1787040640433340160,5.12783,18.33199,-0.52340,0.89417,-0.43731,0.09071,-0.03138,
1787040640500008192,5.14238,18.46955,-0.50998,0.88658,-0.44969,0.09886,-0.04455,
1787040640566672128,5.15449,18.61061,-0.51327,0.88650,-0.44920,0.09386,-0.05944,
1787040640633339904,5.16773,18.76439,-0.53212,0.88772,-0.44501,0.09383,-0.07157,
1787040640700006912,5.18068,18.90825,-0.55087,0.89298,-0.43218,0.09549,-0.08181,
1787040640766674944,5.19361,19.05239,-0.55893,0.89646,-0.42255,0.09973,-0.08865,
1787040640833338880,5.20562,19.19262,-0.55484,0.89677,-0.41700,0.10819,-0.10102,
1787040640966671872,5.24737,19.48221,-0.51820,0.89113,-0.42267,0.11353,-0.11978,
1787040641033339136,5.25090,19.61821,-0.50801,0.88694,-0.42727,0.12164,-0.12643,
1787040641166672896,5.30009,19.87633,-0.52744,0.88739,-0.41969,0.13722,-0.13256,
1787040641366672128,5.38387,20.30103,-0.56832,0.87809,-0.44142,0.13649,-0.12440,
1787040641433337856,5.41157,20.45334,-0.56443,0.86600,-0.46866,0.13787,-0.10677,
1787040641500006912,5.43732,20.61345,-0.55301,0.84835,-0.50241,0.13706,-0.09540,
1787040641566673152,5.46183,20.76227,-0.54631,0.83287,-0.53021,0.13428,-0.08473,
1787040641633337856,5.48505,20.91315,-0.55416,0.82772,-0.54128,0.12917,-0.07226,
1787040641700006912,5.50861,21.05001,-0.57156,0.83156,-0.54025,0.12054,-0.04592,
1787040641766673152,5.53536,21.19014,-0.59033,0.84780,-0.51869,0.11035,-0.00293,
1787040641833338112,5.56817,21.33486,-0.60017,0.85991,-0.49803,0.11129,0.01150,
1787040641900006144,5.60435,21.47684,-0.59953,0.86736,-0.48066,0.12888,0.00671,
1787040641966674176,5.63890,21.59882,-0.58479,0.87346,-0.46642,0.13863,0.01723,
1787040642033339136,5.68150,21.73617,-0.56513,0.87042,-0.47003,0.14238,0.03430,
1787040642166671872,5.77716,21.97634,-0.54972,0.86702,-0.47061,0.15314,0.05790,
1787040642300005888,5.87355,22.23082,-0.58659,0.87582,-0.45371,0.15371,0.05878,
1787040642366672128,5.92954,22.35862,-0.60101,0.88029,-0.44409,0.16029,0.04668,
1787040642433337856,5.98303,22.46899,-0.60197,0.88993,-0.42999,0.14849,0.03290,
1787040642500006912,6.04115,22.61438,-0.59519,0.88929,-0.43103,0.15118,0.02272,
1787040642566672128,6.09996,22.78109,-0.57736,0.88609,-0.43353,0.16395,0.00331,
1787040642633338880,6.13733,22.88055,-0.55880,0.87955,-0.44442,0.16906,-0.01743,
1787040642700006912,6.17939,22.99062,-0.55628,0.88109,-0.44240,0.16171,-0.04250,
1787040642766673920,6.21685,23.09180,-0.56079,0.88127,-0.44059,0.15869,-0.06364,
1787040642833338880,6.26385,23.23939,-0.57746,0.88620,-0.42843,0.15730,-0.07973,
1787040642900005120,6.31050,23.37304,-0.58803,0.89021,-0.41742,0.15962,-0.08834,
1787040642966672896,6.35916,23.51508,-0.58795,0.89298,-0.40814,0.16425,-0.09500,
1787040643100006144,6.46412,23.77589,-0.55596,0.88680,-0.41742,0.16600,-0.10859,
1787040643166671872,6.52952,23.91911,-0.54219,0.87886,-0.42978,0.17516,-0.11052,
1787040643233339136,6.59171,24.04125,-0.54228,0.87473,-0.43317,0.18455,-0.11471,
1787040643300007168,6.65659,24.16434,-0.55523,0.87595,-0.42629,0.18992,-0.12211,
1787040643433339136,6.78970,24.42086,-0.59319,0.87820,-0.41560,0.19256,-0.13770,
1787040643566672128,6.92267,24.66931,-0.58815,0.87914,-0.41237,0.18282,-0.15372,
1787040643700006912,7.03995,24.93112,-0.54721,0.86488,-0.43496,0.19318,-0.15961,
1787040643833338112,7.14115,25.17773,-0.54333,0.86856,-0.42802,0.17601,-0.17729,
1787040643966671872,7.25636,25.44036,-0.57297,0.87441,-0.41459,0.16863,-0.18730,
1787040644100006144,7.37026,25.68153,-0.55457,0.87433,-0.40628,0.18207,-0.19324,
1787040644233339136,7.50343,25.91566,-0.50483,0.86710,-0.42207,0.18527,-0.18887,
1787040644433340160,7.72442,26.27235,-0.53328,0.87005,-0.41396,0.20672,-0.17004,
1787040644566673920,7.87550,26.50917,-0.55015,0.87547,-0.41380,0.19130,-0.16040,
1787040644633339904,7.94987,26.64064,-0.53951,0.88088,-0.41108,0.17626,-0.15489,
1787040644766673152,8.08441,26.92416,-0.49793,0.87292,-0.43747,0.16807,-0.13556,
1787040644833338112,8.14293,27.07437,-0.48918,0.86844,-0.45170,0.15352,-0.13496,
1787040644900005120,8.19959,27.21391,-0.50208,0.87064,-0.45347,0.13764,-0.13194,
1787040644966672896,8.26333,27.35687,-0.52315,0.87704,-0.44654,0.12823,-0.12230,
1787040645100007168,8.38790,27.62385,-0.54461,0.88608,-0.43061,0.13729,-0.10293,
1787040645300005888,8.58638,27.99479,-0.49800,0.88360,-0.43358,0.14655,-0.09888,
1787040645366672896,8.65848,28.11427,-0.49046,0.87982,-0.43497,0.16398,-0.09912,
1787040645433339136,8.72468,28.21933,-0.49691,0.88254,-0.42397,0.17490,-0.10382,
1787040645566673920,8.87642,28.46183,-0.53014,0.89091,-0.40248,0.17906,-0.11062,
1787040645833338112,9.17295,28.98007,-0.48952,0.88652,-0.41370,0.18377,-0.09569,
1787040645966672896,9.29790,29.26096,-0.48455,0.88508,-0.42320,0.17141,-0.09036,
1787040646166671872,9.48700,29.65309,-0.52773,0.89312,-0.40516,0.17392,-0.08911,
1787040646300005888,9.62555,29.92890,-0.49407,0.89675,-0.39287,0.17965,-0.09603,
1787040646433339136,9.75503,30.15763,-0.45359,0.89143,-0.39393,0.20608,-0.08779,
1787040646633337856,9.94327,30.53013,-0.48933,0.89301,-0.39255,0.20813,-0.07159,
1787040646700009216,9.99926,30.65454,-0.50481,0.89365,-0.39775,0.19998,-0.05654,
1787040646766673152,10.05740,30.78354,-0.50618,0.89890,-0.39427,0.18731,-0.03788,
1787040646833338880,10.11191,30.91070,-0.49177,0.89994,-0.39839,0.17683,-0.01130,
1787040646900006912,10.15746,31.04230,-0.47279,0.89471,-0.41205,0.17088,0.02248,
1787040646966672896,10.19633,31.18619,-0.46172,0.88728,-0.43282,0.14844,0.05797,
1787040647033339904,10.24266,31.35466,-0.46158,0.88316,-0.44389,0.12050,0.09200,
1787040647100006144,10.27764,31.48351,-0.47613,0.87928,-0.44881,0.10331,0.12151,
1787040647300004864,10.41054,31.94627,-0.51233,0.87786,-0.44119,0.08315,0.16675,
1787040647433339136,10.49287,32.18540,-0.47763,0.87121,-0.43913,0.07169,0.20740,
1787040647633338880,10.63322,32.54728,-0.48119,0.87417,-0.42925,0.07867,0.21303,
1787040647766671872,10.73590,32.78305,-0.51914,0.87414,-0.42976,0.08158,0.21102,
1787040647900006144,10.84754,33.01967,-0.51904,0.88147,-0.41442,0.07945,0.21204,
1787040648033338112,10.94408,33.29830,-0.48690,0.87910,-0.42374,0.09159,0.19809,
1787040648166671872,11.00136,33.56641,-0.49511,0.88465,-0.42258,0.06398,0.18637,
1787040648366672896,11.09145,33.96245,-0.54281,0.88466,-0.42336,0.07266,0.18127,
1787040648433337856,11.13688,34.11126,-0.54375,0.87834,-0.43602,0.08502,0.17659,
1787040648633337856,11.23482,34.42572,-0.52470,0.85569,-0.47603,0.14944,0.13733,
1787040648766673152,11.31261,34.69022,-0.56166,0.84417,-0.50095,0.17845,0.06763,
1787040649100007168,11.47342,35.35986,-0.56287,0.83497,-0.52501,0.15792,0.04749,
1787040649166672896,11.48583,35.48718,-0.54862,0.83469,-0.52844,0.13851,0.06972,
1787040649233339136,11.49480,35.61035,-0.54577,0.84475,-0.51405,0.10909,0.10127,
1787040649300007168,11.50354,35.73861,-0.55640,0.84886,-0.50124,0.08099,0.14708,
1787040649433339136,11.51146,35.99828,-0.57674,0.84978,-0.46944,0.02252,0.23874,
1787040649633338880,11.45122,36.38134,-0.50050,0.80781,-0.46223,-0.02733,0.36474,
1787040649766671872,11.45559,36.47771,-0.54537,0.78558,-0.45851,-0.04604,0.41295,
1787040649900006144,11.46319,36.69756,-0.59008,0.77290,-0.44668,-0.06761,0.44556,
1787040650100006144,11.47872,37.02311,-0.61660,0.74836,-0.43063,-0.09582,0.49531,
1787040650233339136,11.46970,37.20030,-0.59004,0.72580,-0.43860,-0.10484,0.51947,
1787040650433337856,11.43589,37.48073,-0.62876,0.72618,-0.41254,-0.12497,0.53559,
1787040650700009216,11.37015,37.87347,-0.62783,0.72061,-0.41856,-0.11304,0.54106,
1787040650833338112,11.37347,38.02592,-0.60232,0.72167,-0.42112,-0.09616,0.54092,
1787040650966671872,11.37745,38.19792,-0.61909,0.72479,-0.41553,-0.08588,0.54281,
1787040651100007168,11.38934,38.37563,-0.64015,0.72966,-0.41073,-0.07753,0.54120,
1787040651233339136,11.38727,38.57104,-0.62570,0.73025,-0.39584,-0.08145,0.55083,
1787040651300005888,11.38259,38.64489,-0.60247,0.72009,-0.39835,-0.08647,0.56152,
1787040651366673920,11.36882,38.73550,-0.58683,0.71254,-0.39761,-0.10074,0.56924,
1787040651433337856,11.35713,38.82082,-0.58222,0.71000,-0.39116,-0.11295,0.57457,
1787040651566673152,11.33940,38.99988,-0.60556,0.71122,-0.39524,-0.11236,0.57037,
1787040651766673152,11.32890,39.25216,-0.60654,0.70959,-0.41607,-0.10171,0.55948,
1787040651966671872,11.35899,39.45876,-0.57983,0.70438,-0.40885,-0.09009,0.57321,
1787040652166672896,11.40530,39.64713,-0.60034,0.69865,-0.40115,-0.08947,0.58563,
1787040652233339136,11.42018,39.71946,-0.61434,0.69979,-0.41180,-0.09527,0.57588,
1787040652300007936,11.43934,39.78904,-0.62624,0.72626,-0.47450,-0.07897,0.49108,
1787040652366672896,11.45938,39.86867,-0.64038,0.75198,-0.54977,-0.03890,0.36163,
1787040652500006912,11.50088,40.00180,-0.64082,0.78318,-0.59872,0.01306,0.16732,
1787040652566672128,11.51339,40.08139,-0.64140,0.80053,-0.59056,0.04169,0.09304,
1787040652700006912,11.55371,40.16673,-0.63841,0.83325,-0.54564,0.08789,-0.01608,
1787040652833338880,11.57892,40.28647,-0.65193,0.84711,-0.51417,0.11876,-0.06266,
1787040652900006144,11.59958,40.34805,-0.66102,0.85168,-0.49943,0.13461,-0.08426,
1787040653100006144,11.64612,40.52962,-0.67283,0.82762,-0.44104,0.22798,-0.26183,
1787040653233339136,11.64284,40.69918,-0.68218,0.76381,-0.40646,0.28374,-0.41338,
1787040653300005888,11.69362,40.73050,-0.67189,0.74087,-0.38860,0.30301,-0.45638,
1787040653500006912,11.79604,40.91554,-0.62454,0.71382,-0.33901,0.33239,-0.51483,
1787040653633338880,11.86291,41.10203,-0.63986,0.71504,-0.33137,0.32871,-0.52044,
1787040653833338112,11.96306,41.39761,-0.60911,0.78774,-0.39780,0.29709,-0.36464,
1787040653966672896,12.02747,41.61575,-0.62877,0.82629,-0.43437,0.24430,-0.26244,
1787040654100007168,12.09936,41.83239,-0.65599,0.85325,-0.44568,0.21337,-0.16678,
1787040654233339136,12.18137,42.03688,-0.64414,0.87322,-0.43860,0.18713,-0.10045,
1787040654366672896,12.28798,42.23781,-0.61497,0.87095,-0.45509,0.17584,-0.05852,
1787040654500005888,12.40552,42.43092,-0.63904,0.88698,-0.43314,0.15804,-0.02608,
1787040654633338880,12.53038,42.64292,-0.67341,0.89256,-0.42953,0.13555,0.02163,
1787040654766673152,12.70059,42.75957,-0.70778,0.89607,-0.42377,0.09062,0.09626,
1787040654900006144,12.80387,42.99468,-0.69082,0.85853,-0.46010,0.04052,0.22271,
1787040655033338112,12.88742,43.20673,-0.71972,0.81080,-0.46538,-0.02411,0.35418,
1787040655233338112,13.01128,43.51940,-0.73905,0.73749,-0.43795,-0.10811,0.50261,
1787040655366672896,13.10514,43.72024,-0.71492,0.68041,-0.43523,-0.13568,0.57377,
1787040655500005888,13.21272,43.90110,-0.71157,0.66599,-0.41315,-0.14189,0.60467,
1787040655700006912,13.39401,44.19063,-0.74004,0.66157,-0.39335,-0.14149,0.62255,
1787040655833338880,13.49955,44.39262,-0.71026,0.67012,-0.39334,-0.12654,0.61662,
1787040656033339136,13.60734,44.65393,-0.68168,0.67721,-0.39224,-0.14234,0.60603,
1787040656233339136,13.65901,44.90597,-0.69548,0.75461,-0.40913,-0.08963,0.50511,
1787040656366672128,13.68223,45.07107,-0.69255,0.79477,-0.42051,-0.05591,0.43404,
1787040656633337856,13.79546,45.38819,-0.65623,0.84077,-0.42898,0.00601,0.33022,
1787040656833338880,13.91260,45.65822,-0.68515,0.86591,-0.43102,0.03413,0.25150,
1787040656966672896,13.99015,45.83388,-0.66041,0.88566,-0.42978,0.06135,0.16473,
1787040657166672896,14.06321,46.08820,-0.62403,0.89484,-0.43439,0.09856,0.02932,
1787040657233339136,14.08510,46.17556,-0.63271,0.89848,-0.42753,0.09971,0.00230,
1787040657433341952,14.16617,46.46106,-0.65568,0.90825,-0.39530,0.12703,-0.05174,
1787040657500005888,14.19846,46.56808,-0.64260,0.90319,-0.40056,0.13706,-0.07083,
1787040657633338880,14.27701,46.75956,-0.61204,0.89392,-0.40934,0.15159,-0.10181,
1787040657766673920,14.36997,46.92617,-0.62384,0.88620,-0.40649,0.18069,-0.12952,
1787040657900006144,14.48948,47.05878,-0.66644,0.88737,-0.38977,0.19713,-0.14766,
1787040658100007168,14.67089,47.35751,-0.66306,0.89083,-0.37409,0.19531,-0.16830,
1787040658233339904,14.76889,47.53037,-0.62995,0.88294,-0.38820,0.20194,-0.17009,
1787040658366672896,14.86769,47.71114,-0.64000,0.88712,-0.38792,0.18265,-0.17078,
1787040658566673920,15.03988,47.99570,-0.67009,0.89582,-0.37309,0.18760,-0.15202,
1787040658700006912,15.16593,48.16517,-0.63877,0.89455,-0.38329,0.18143,-0.14124,
1787040658833338880,15.31335,48.31420,-0.62303,0.89045,-0.38988,0.19783,-0.12632,
1787040659033339136,15.54821,48.49859,-0.67142,0.88915,-0.37027,0.22295,-0.15038,
1787040659100006144,15.63096,48.56350,-0.67767,0.88862,-0.36413,0.22478,-0.16506,
1787040659433337856,15.99256,48.93247,-0.62753,0.87483,-0.37662,0.21494,-0.21595,
1787040659566673152,16.13751,49.09562,-0.65770,0.88084,-0.37021,0.19857,-0.21824,
1787040659700005120,16.28995,49.25131,-0.66856,0.88286,-0.35117,0.20487,-0.23511,
1787040659833338880,16.42853,49.24424,-0.63404,0.82708,-0.33254,0.25555,-0.37423,
1787040660033339136,16.78311,49.45789,-0.64640,0.75083,-0.30389,0.32178,-0.49027,
1787040660100007168,16.92588,49.56411,-0.66728,0.73608,-0.28619,0.32826,-0.51819,
1787040660433339136,17.43031,49.90617,-0.64333,0.71114,-0.28077,0.32784,-0.55496,
1787040660566673152,17.61451,50.05508,-0.64995,0.71620,-0.28518,0.31121,-0.55578,
1787040660700006912,17.80100,50.19638,-0.68288,0.72635,-0.27472,0.29684,-0.55572,
1787040660833338880,17.99700,50.34568,-0.68100,0.72073,-0.25503,0.30312,-0.56888,
1787040660966672896,18.19484,50.48481,-0.64612,0.69587,-0.25871,0.31152,-0.59313,
1787040661100007168,18.38614,50.60739,-0.64362,0.67915,-0.24896,0.32973,-0.60668,
1787040661166672896,18.48304,50.66980,-0.66219,0.67514,-0.23947,0.33252,-0.61341,
1787040661366672128,18.80617,50.85386,-0.69497,0.70394,-0.25471,0.31784,-0.58187,
1787040661433339136,18.97054,50.90988,-0.67497,0.74641,-0.28189,0.30024,-0.52275,
1787040661500006912,19.12030,51.00546,-0.65837,0.77609,-0.29943,0.29042,-0.47295,
1787040661700006912,19.45567,51.22372,-0.65305,0.82598,-0.35539,0.26219,-0.35030,
1787040661900006912,19.79899,51.44583,-0.68915,0.86645,-0.35667,0.23633,-0.25728,
1787040661966671872,19.91534,51.51687,-0.67482,0.86936,-0.36394,0.23510,-0.23769,
1787040662233339136,20.41729,51.77805,-0.64860,0.86788,-0.39823,0.24132,-0.17313,
1787040662366672128,20.66941,51.89898,-0.68094,0.87533,-0.38505,0.24137,-0.16516,
1787040662433337856,20.79549,51.96143,-0.68771,0.88300,-0.37844,0.22415,-0.16384,
1787040662633338880,21.16196,52.16309,-0.64314,0.88832,-0.38680,0.21283,-0.12641,
1787040662700007936,21.27591,52.24547,-0.63093,0.88968,-0.39482,0.19812,-0.11552,
1787040662900006144,21.60412,52.49688,-0.66188,0.89748,-0.40411,0.15454,-0.08569,
1787040663033339136,21.81360,52.67761,-0.67163,0.90683,-0.39372,0.13904,-0.05761,
1787040663166671872,22.03897,52.84636,-0.63990,0.89671,-0.41659,0.14045,-0.05132,
1787040663433340160,22.56899,53.15704,-0.64123,0.89753,-0.39874,0.17564,-0.06784,
1787040663566673152,22.83675,53.31559,-0.65632,0.90253,-0.38578,0.17554,-0.07611,
1787040663700005120,23.09123,53.47489,-0.62706,0.90834,-0.37198,0.17497,-0.07702,
1787040663766673152,23.21237,53.57124,-0.60476,0.90385,-0.38448,0.17409,-0.07016,
1787040663900005120,23.43248,53.76380,-0.59480,0.90195,-0.39960,0.14908,-0.06772,
1787040664166672896,24.14751,54.57235,-0.66709,0.91590,-0.39123,0.08924,-0.01037,
1787040664366673920,24.19911,54.58488,-0.60612,0.89791,-0.42426,0.04528,0.10827,
1787040664500005120,24.41156,54.78419,-0.62124,0.88688,-0.42560,0.04994,0.17267,
1787040664700006912,24.71965,55.09816,-0.66108,0.86917,-0.42764,0.03321,0.24609,
1787040664900006912,24.92591,55.32571,-0.59834,0.85007,-0.41622,-0.01378,0.32241,
1787040664966672896,24.99350,55.42704,-0.59086,0.84154,-0.41741,-0.02486,0.34199,
1787040665100004864,25.10454,55.62940,-0.60340,0.82648,-0.40931,-0.05407,0.38271,
1787040665300007168,25.17329,55.87411,-0.62096,0.80196,-0.40296,-0.08055,0.43359,
1787040665433337856,25.19215,56.02328,-0.60205,0.75605,-0.40822,-0.11871,0.49765,
1787040665566672128,25.21673,56.16881,-0.59155,0.71289,-0.40463,-0.12823,0.55823,
1787040665700005888,25.24826,56.32037,-0.61275,0.68046,-0.39502,-0.14142,0.60077,
1787040665833338880,25.29399,56.48984,-0.63745,0.64819,-0.38752,-0.15132,0.63779,
1787040665900006912,25.31963,56.56404,-0.63322,0.63765,-0.38060,-0.16143,0.64999,
1787040666166671872,25.40408,56.89503,-0.60255,0.64156,-0.38011,-0.17246,0.64357,
1787040666233339136,25.43824,56.98335,-0.60965,0.65562,-0.38429,-0.16709,0.62815,
1787040666500005888,25.55327,57.33707,-0.63521,0.71849,-0.40802,-0.12438,0.54938,
1787040666700009216,25.67804,57.55508,-0.60628,0.77409,-0.42919,-0.05342,0.46230,
1787040666766673152,25.72516,57.61942,-0.61329,0.79596,-0.43027,-0.02910,0.42480,
1787040667033339136,25.91641,57.81471,-0.62987,0.84407,-0.42851,0.01565,0.32199,
1787040667100004864,25.95571,57.85561,-0.61286,0.84807,-0.42941,0.02791,0.30921,
1787040667366672128,26.11150,58.08416,-0.59425,0.86696,-0.43847,0.04828,0.23193,
1787040667433340160,26.15638,58.14958,-0.60691,0.87083,-0.44311,0.06543,0.20256,
1787040667700005120,26.31997,58.39786,-0.58668,0.87019,-0.47091,0.12765,0.06866,
1787040667766673152,26.36409,58.44319,-0.57648,0.86985,-0.46892,0.14706,0.04307,
1787040667900006144,26.45735,58.54256,-0.58902,0.85988,-0.47216,0.19399,-0.00550,
1787040668166673920,26.62309,58.73833,-0.60890,0.85851,-0.47552,0.18202,-0.06095,
1787040668233339136,26.65470,58.77791,-0.59035,0.87106,-0.45870,0.16517,-0.05980,
1787040668433339136,26.75066,58.93489,-0.54735,0.88084,-0.44991,0.14122,-0.04195,
1787040668566673152,26.81189,59.04129,-0.55641,0.88780,-0.44085,0.12751,-0.03484,
1787040668700005888,26.89044,59.17616,-0.56703,0.89942,-0.41844,0.12169,-0.03388,
1787040668900006912,27.01423,59.41080,-0.53938,0.89010,-0.43671,0.12784,-0.02585,
1787040668966672896,27.09286,59.50935,-0.51261,0.86659,-0.48062,0.13127,-0.02829,
1787040669033339136,27.15191,59.61070,-0.53640,0.84916,-0.50718,0.14340,-0.03359,
1787040669166671872,27.24505,59.80148,-0.56152,0.83851,-0.52281,0.14761,-0.04218,
1787040669300005888,27.32449,60.00239,-0.58415,0.84648,-0.51148,0.14049,-0.04601,
1787040669366672896,27.35059,60.08940,-0.57121,0.85629,-0.49992,0.12455,-0.03660,
1787040669433339136,27.37716,60.19005,-0.55293,0.86365,-0.48976,0.11667,-0.02515,
1787040669566672128,27.40346,60.36994,-0.51462,0.86967,-0.47940,0.11683,-0.01406,
1787040669700005888,27.41364,60.55344,-0.52150,0.87901,-0.46521,0.10437,0.00422,
1787040669900006912,27.39572,60.80376,-0.57337,0.89187,-0.44376,0.08573,0.01726,
1787040670100004864,27.43081,61.14176,-0.55872,0.88759,-0.45054,0.09410,0.01849,
1787040670233338112,27.47185,61.32007,-0.55218,0.88409,-0.45323,0.11168,0.02204,
1787040670433339136,27.54647,61.64721,-0.60319,0.88994,-0.44078,0.11298,0.03102,
1787040670500006912,27.56658,61.73753,-0.59982,0.89356,-0.43556,0.10273,0.03590,
1787040670566674944,27.58499,61.85008,-0.58721,0.89099,-0.44078,0.09885,0.04559,
1787040670700005888,27.60500,62.03004,-0.54564,0.88434,-0.45465,0.08824,0.05873,
1787040670833339904,27.62352,62.22518,-0.55110,0.88388,-0.45546,0.07009,0.08006,
1787040671033339136,27.66146,62.53599,-0.58222,0.89370,-0.43245,0.06610,0.09957,
1787040671166673920,27.68601,62.75011,-0.54605,0.88902,-0.44438,0.05829,0.09359,
1787040671233339136,27.71205,62.84937,-0.52749,0.88709,-0.44745,0.06907,0.08997,
1787040671433339136,27.78946,63.15584,-0.55203,0.89039,-0.43970,0.10103,0.06047,
1787040671566673152,27.83707,63.37178,-0.58008,0.89615,-0.42931,0.09770,0.05532,
1787040671900006144,27.91693,63.90488,-0.52456,0.89409,-0.43763,0.08257,0.04764,
1787040672100008960,27.95999,64.24799,-0.57257,0.89575,-0.43407,0.06776,0.06803,
1787040672166673920,27.97263,64.37422,-0.57260,0.89620,-0.43093,0.06031,0.08658,
1787040672233339136,27.98638,64.49481,-0.55728,0.89041,-0.43993,0.04763,0.10660,
1787040672300004864,28.00998,64.62191,-0.53797,0.88294,-0.45028,0.03073,0.12931,
1787040672366672128,28.03856,64.73955,-0.52418,0.87826,-0.45469,0.02674,0.14561,
1787040672500005120,28.08459,64.97332,-0.53642,0.87508,-0.45603,0.01959,0.16093,
1787040672566673152,28.10773,65.08681,-0.55637,0.87405,-0.44994,0.00696,0.18316,
1787040672633338880,28.12909,65.21213,-0.57091,0.86295,-0.45138,-0.01483,0.22660,
1787040672833339904,28.14661,65.60020,-0.56121,0.79584,-0.45502,-0.07753,0.39189,
1787040672966676992,28.12092,65.85005,-0.55508,0.73935,-0.45056,-0.13407,0.48207,
1787040673166672896,28.06460,66.25425,-0.58891,0.67144,-0.42832,-0.18203,0.57670,
1787040673233339136,28.03840,66.37681,-0.58331,0.66684,-0.42038,-0.19802,0.58257,
1787040673500005888,27.95992,66.93024,-0.54466,0.67153,-0.42174,-0.19320,0.57780,
1787040673566672128,27.94335,67.07609,-0.56250,0.68997,-0.42251,-0.18374,0.55827,
1787040673766673152,27.87752,67.49820,-0.59596,0.77081,-0.41584,-0.14723,0.45962,
1787040673966674944,27.74145,67.86008,-0.54360,0.80579,-0.43106,-0.12339,0.38687,
1787040674033338112,27.69423,67.98369,-0.54987,0.82282,-0.43773,-0.11186,0.34475,
1787040674233339136,27.52914,68.35481,-0.58743,0.87544,-0.44528,-0.04990,0.18122,
1787040674366672128,27.39016,68.47985,-0.54915,0.88540,-0.44539,-0.02139,0.13127,
1787040674500006912,27.30490,68.69435,-0.51141,0.88770,-0.45272,0.00050,0.08385,
1787040674566673152,27.26639,68.80840,-0.51576,0.89120,-0.44874,0.02191,0.06254,
1787040674766673152,27.11276,69.20511,-0.51583,0.90187,-0.42645,0.06483,0.02393,
1787040674833339904,27.06669,69.33019,-0.50907,0.89391,-0.44119,0.07452,0.02713,
1787040675033339904,26.89396,69.69996,-0.43603,0.86594,-0.49333,0.05487,0.06142,
1787040675166672896,26.77771,69.94801,-0.45431,0.84242,-0.52488,0.04850,0.11169,
1787040675366673920,26.61686,70.32800,-0.47202,0.82460,-0.53824,0.07364,0.15785,
1787040675500005888,26.54540,70.56345,-0.42795,0.81963,-0.54389,0.09545,0.15257,
1787040675633341952,26.52008,70.75374,-0.40538,0.83875,-0.51780,0.10886,0.12861,
1787040675700005888,26.51184,70.84786,-0.41606,0.85388,-0.49444,0.11431,0.11555,
1787040675833338880,26.50760,71.03026,-0.44623,0.88135,-0.45037,0.11751,0.08114,
1787040675966678016,26.49009,71.23675,-0.43139,0.89813,-0.42486,0.10576,0.04081,
1787040676100006144,26.45648,71.44339,-0.39220,0.89264,-0.43706,0.10744,0.02513,
1787040676233339136,26.40938,71.66115,-0.39847,0.89935,-0.42338,0.10905,0.00596,
1787040676366673920,26.36525,71.89461,-0.42995,0.90432,-0.40980,0.11943,0.00346,
1787040676566673920,26.35914,72.22799,-0.44006,0.88116,-0.45046,0.14356,0.00480,
1787040676700006912,26.32917,72.49601,-0.41984,0.85288,-0.49803,0.15666,0.00352,
1787040676900006144,26.31128,72.86404,-0.47902,0.85649,-0.49427,0.14600,0.02828,
1787040676966674176,26.29794,73.00353,-0.48354,0.85667,-0.49752,0.11816,0.06798,
1787040677166671872,26.21788,73.43194,-0.45356,0.79786,-0.51001,-0.01517,0.32105,
1787040677233339136,26.18114,73.58830,-0.44109,0.76215,-0.50405,-0.04854,0.40337,
1787040677500006912,26.14585,74.12596,-0.50588,0.74590,-0.46962,-0.08059,0.46540,
1787040677566673152,26.15878,74.24432,-0.50510,0.75593,-0.48049,-0.06596,0.43972,
1787040677700012032,26.21270,74.47104,-0.48598,0.78955,-0.52677,0.00185,0.31484,
1787040677900006144,26.27311,74.85570,-0.51905,0.81221,-0.55582,0.07919,0.15845,
1787040678100008960,26.30595,75.27630,-0.54485,0.82083,-0.55999,0.08450,0.07423,
1787040678233339904,26.31035,75.55900,-0.51424,0.81002,-0.57876,0.07277,0.05999,
1787040678366672896,26.30349,75.85949,-0.51616,0.79809,-0.59774,0.05688,0.05015,
1787040678566673152,26.31141,76.29790,-0.58402,0.78177,-0.61789,0.07201,0.04316,
1787040678633338880,26.32044,76.44812,-0.58766,0.77875,-0.61986,0.09035,0.03404,
1787040678766673152,26.35782,76.72354,-0.56628,0.76753,-0.62894,0.12308,0.01375,
1787040678900006912,26.40816,76.96904,-0.56003,0.77391,-0.61272,0.15999,-0.00584,
1787040678966672896,26.42941,77.09690,-0.57497,0.78565,-0.59509,0.16833,-0.01691,
1787040679100007168,26.47290,77.36133,-0.59738,0.81439,-0.55710,0.16009,-0.02789,
1787040679233339904,26.50478,77.62154,-0.56588,0.83948,-0.52584,0.13530,-0.02127,
1787040679366672896,26.52010,77.85434,-0.51692,0.85172,-0.51128,0.11341,-0.01743,
1787040679500006912,26.52547,78.08940,-0.52394,0.87114,-0.48318,0.08391,-0.02458,
1787040679700007936,26.56032,78.45690,-0.55240,0.88125,-0.46084,0.10232,-0.02342,
1787040679766675968,26.57559,78.57761,-0.54042,0.88046,-0.46265,0.10371,-0.00055,
1787040679900006144,26.62459,78.78306,-0.50481,0.87159,-0.47602,0.10337,0.05524,
1787040680033339136,26.68655,79.00673,-0.52178,0.86790,-0.47471,0.11069,0.09563,
1787040680166672896,26.75523,79.23418,-0.56625,0.87270,-0.45809,0.10707,0.13068,
1787040680300005888,26.82533,79.45501,-0.57064,0.87601,-0.44426,0.09050,0.16448,
1787040680433340160,26.88025,79.68153,-0.54116,0.86379,-0.46772,0.11141,0.15063,
1787040680566673920,26.91415,79.90641,-0.55093,0.87079,-0.47512,0.09480,0.08367,
1787040680700006912,26.95317,80.14244,-0.58983,0.88259,-0.45623,0.08932,0.07003,
1787040680833338880,27.00635,80.39459,-0.58726,0.88989,-0.44085,0.10462,0.05296,
1787040680966672896,27.07918,80.61288,-0.54626,0.88234,-0.45335,0.12236,0.03135,
1787040681100009984,27.16157,80.82966,-0.54680,0.88292,-0.44664,0.14406,0.01441,
1787040681233339136,27.24907,81.03045,-0.58253,0.89345,-0.42386,0.14766,0.01677,
1787040681366672896,27.33967,81.26864,-0.58482,0.89964,-0.41302,0.13658,0.03759,
1787040681500008192,27.41410,81.50602,-0.54291,0.89239,-0.42749,0.13334,0.05587,
1787040681633338880,27.47213,81.73037,-0.53536,0.89621,-0.42726,0.11181,0.04183,
1787040681766671872,27.53949,81.96659,-0.56927,0.90251,-0.41569,0.10754,0.03321,
1787040681900006144,27.61530,82.21737,-0.56665,0.90212,-0.41328,0.12238,0.02015,
1787040682033339904,27.70580,82.43654,-0.53164,0.89544,-0.42398,0.13459,0.01766,
1787040682100004864,27.75807,82.54302,-0.52973,0.89211,-0.42544,0.15115,0.01697,
1787040682300004864,27.90623,82.85983,-0.58142,0.90240,-0.40109,0.15687,0.01405,
1787040682433339136,28.00753,83.09343,-0.58645,0.90718,-0.39502,0.14006,0.03706,
1787040682500008192,28.05079,83.20621,-0.57255,0.90541,-0.40006,0.12974,0.05794,
1787040682633342976,28.12261,83.45032,-0.54784,0.89013,-0.42908,0.09721,0.11879,
1787040682700005888,28.15155,83.56475,-0.55581,0.88651,-0.43217,0.07049,0.14952,
1787040682833338880,28.22156,83.83421,-0.58847,0.87723,-0.42155,0.03636,0.22683,
1787040683033339904,28.33029,84.18396,-0.58400,0.86473,-0.41783,0.01495,0.27828,
1787040683100007936,28.37352,84.29835,-0.56486,0.85559,-0.42619,0.01852,0.29324,
1787040683300004864,28.50747,84.59421,-0.58659,0.85120,-0.42744,0.03788,0.30218,
1787040683433340160,28.60445,84.80432,-0.61978,0.85360,-0.42402,0.03604,0.30044,
1787040683500005888,28.66065,84.85763,-0.59671,0.85851,-0.42935,0.02980,0.27880,
1787040683566673920,28.72125,84.99171,-0.58356,0.87187,-0.43118,0.03590,0.22944,
1787040683700007936,28.80847,85.23316,-0.54422,0.87197,-0.45818,0.06183,0.16099,
1787040683833338880,28.87391,85.44367,-0.55233,0.88317,-0.45187,0.05876,0.11120,
1787040683900005120,28.90369,85.54404,-0.56619,0.88977,-0.44170,0.06368,0.09569,
1787040684033339904,28.96173,85.74580,-0.56441,0.89720,-0.42792,0.07878,0.07553,
1787040684166675200,29.03884,85.95257,-0.52735,0.89497,-0.43306,0.08795,0.06119,
1787040684300007168,29.12745,86.12455,-0.51638,0.88942,-0.43670,0.12723,0.04515,
1787040684366672896,29.17406,86.20449,-0.53066,0.89031,-0.43278,0.13656,0.03756,
1787040684566672128,29.33213,86.49997,-0.55570,0.89940,-0.41642,0.12991,0.02816,
1787040684700005888,29.43148,86.68097,-0.51279,0.89394,-0.42828,0.12652,0.03801,
1787040684766671872,29.47414,86.79968,-0.49272,0.88724,-0.44377,0.12060,0.03649,
1787040684900005120,29.54349,87.01859,-0.49167,0.88905,-0.44915,0.08538,0.02380,
1787040685100006144,29.66082,87.32095,-0.51911,0.89556,-0.43793,0.07769,0.01195,
1787040685166672896,29.70498,87.42530,-0.50514,0.89186,-0.44419,0.08506,0.00674,
1787040685300004864,29.80631,87.61382,-0.46886,0.88282,-0.45827,0.10294,0.00547,
1787040685366672896,29.85976,87.71467,-0.46627,0.87859,-0.46229,0.11977,0.00568,
1787040685500005888,29.95980,87.90132,-0.49039,0.88001,-0.45662,0.13071,-0.00037,
1787040685633338880,30.07281,88.10090,-0.49820,0.88815,-0.44275,0.12312,-0.00221,
1787040685766671872,30.16901,88.34144,-0.47785,0.89008,-0.44321,0.10619,0.00602,
1787040685833339904,30.19254,88.43476,-0.46534,0.88153,-0.46046,0.10333,0.01416,
1787040685966674944,30.25552,88.63047,-0.46441,0.87613,-0.47374,0.08915,0.00489,
1787040686033338112,30.29343,88.76586,-0.48297,0.87137,-0.48241,0.08942,-0.00261,
1787040686166672896,30.36521,89.00404,-0.50913,0.86863,-0.48544,0.09819,-0.01356,
1787040686233338112,30.39802,89.11166,-0.50199,0.86506,-0.49026,0.10415,-0.02163,
1787040686300007168,30.43600,89.22095,-0.49071,0.85952,-0.49678,0.11698,-0.02751,
1787040686500008192,30.54362,89.53159,-0.47157,0.84816,-0.50998,0.14174,-0.02120,
1787040686633338880,30.60225,89.72182,-0.50056,0.86100,-0.49096,0.13226,-0.01213,
1787040686700006912,30.63227,89.82638,-0.50852,0.86584,-0.48490,0.12319,-0.00317,
1787040686766673152,30.65871,89.92917,-0.50527,0.87355,-0.47449,0.10843,0.00206,
1787040686900006144,30.69585,90.14441,-0.47075,0.87015,-0.48509,0.08302,0.02521,
1787040687033339136,30.71071,90.35548,-0.45782,0.87079,-0.48788,0.04823,0.03708,
1787040687166672896,30.72732,90.58360,-0.48983,0.87374,-0.48278,0.02394,0.05415,
1787040687366672896,30.75082,90.90720,-0.48303,0.87048,-0.48627,0.02296,0.07265,
1787040687433339136,30.75778,91.01666,-0.46652,0.86436,-0.49631,0.02030,0.07843,
1787040687500009984,30.76712,91.10773,-0.45395,0.85846,-0.50568,0.02487,0.08188,
1787040687700005120,30.79380,91.41820,-0.48807,0.86126,-0.49804,0.03072,0.09614,
1787040687766671872,30.79908,91.51940,-0.50425,0.86491,-0.49067,0.02396,0.10299,
1787040687900006144,30.80264,91.73480,-0.50132,0.86946,-0.47756,-0.00009,0.12641,
1787040688033341952,30.78353,91.95477,-0.46774,0.84873,-0.50154,-0.01445,0.16707,
1787040688100006144,30.76875,92.05796,-0.46220,0.84682,-0.49860,-0.02610,0.18333,
1787040688300007168,30.73007,92.36860,-0.50406,0.84267,-0.49182,-0.03302,0.21662,
1787040688500008192,30.68835,92.67144,-0.48913,0.83408,-0.49999,-0.04008,0.22961,
1787040688566673152,30.68253,92.77507,-0.47486,0.82331,-0.51234,-0.04145,0.24071,
1787040688700009216,30.65261,92.98552,-0.49445,0.81998,-0.50281,-0.03743,0.27095,
1787040688766673152,30.64600,93.06808,-0.51786,0.81413,-0.49616,-0.04547,0.29825,
1787040688833338880,30.63830,93.15804,-0.53066,0.80498,-0.48622,-0.06102,0.33446,
1787040689033339904,30.58580,93.46358,-0.50830,0.74939,-0.45820,-0.13066,0.45978,
1787040689166678016,30.52417,93.64744,-0.47353,0.69795,-0.45278,-0.16938,0.52836,
1787040689300004864,30.46358,93.84242,-0.49008,0.65420,-0.43786,-0.20197,0.58267,
1787040689500006912,30.37396,94.14053,-0.48704,0.65488,-0.42420,-0.19962,0.59274,
1787040689633338880,30.33811,94.31824,-0.44001,0.65734,-0.42913,-0.18238,0.59202,
1787040689700005888,30.32122,94.42197,-0.42958,0.66178,-0.42919,-0.16765,0.59139,
1787040689833338880,30.28967,94.60247,-0.43826,0.66382,-0.41613,-0.15821,0.60096,
1787040689966674944,30.24745,94.78304,-0.44941,0.60750,-0.37691,-0.19446,0.67161,
1787040690100006144,30.17731,94.97105,-0.41967,0.52472,-0.34835,-0.24244,0.73794,
1787040690233339136,30.09240,95.15057,-0.38259,0.47588,-0.33382,-0.28233,0.76315,
1787040690366672128,30.01861,95.31456,-0.38003,0.43513,-0.32183,-0.30395,0.78403,
1787040690500006912,29.94103,95.45417,-0.38076,0.42139,-0.31230,-0.31118,0.79250,
1787040690633337856,29.86684,95.58019,-0.36402,0.42819,-0.33467,-0.31912,0.77641,
1787040691033338112,29.69010,95.89239,-0.34715,0.42446,-0.33376,-0.30641,0.78393,
1787040691100007168,29.67087,95.91072,-0.34429,0.40553,-0.32629,-0.31137,0.79506,
1787040691166672896,29.63728,95.93107,-0.33637,0.38494,-0.31514,-0.32187,0.80555,
1787040691233339904,29.59857,95.93803,-0.33258,0.35862,-0.30884,-0.34136,0.81209,
1787040691366672128,29.50647,95.91975,-0.34072,0.30564,-0.29327,-0.39876,0.81337,
1787040691500005888,29.40509,95.86969,-0.35647,0.26820,-0.28145,-0.42314,0.81841,
1787040691566673152,29.35765,95.81793,-0.36616,0.25569,-0.26683,-0.41494,0.83142,
1787040691700005888,29.25839,95.70833,-0.36639,0.23698,-0.24245,-0.40232,0.85041,
1787040691833338880,29.14684,95.61466,-0.32741,0.22295,-0.23904,-0.40836,0.85229,
1787040691966674176,29.03525,95.48506,-0.29445,0.20527,-0.23888,-0.40938,0.85628,
1787040692166672896,28.86658,95.30361,-0.30200,0.19259,-0.23520,-0.39270,0.86797,
1787040692300004864,28.74821,95.17825,-0.30604,0.18988,-0.21966,-0.38006,0.87821,
1787040692433339136,28.63137,94.99738,-0.26758,0.17050,-0.20651,-0.38833,0.88175,
1787040692500005120,28.58825,94.89949,-0.24378,0.15832,-0.19666,-0.39752,0.88218,
1787040692633338880,28.51712,94.70286,-0.22725,0.13021,-0.17681,-0.43688,0.87231,
1787040692766673152,28.45087,94.50196,-0.26200,0.13111,-0.16309,-0.42895,0.87876,
1787040692900007936,28.37748,94.28607,-0.27315,0.12151,-0.18083,-0.40667,0.88722,
1787040692966672896,28.33926,94.16388,-0.26222,0.11551,-0.18818,-0.42353,0.87856,
1787040693166672896,28.21562,93.87406,-0.31141,0.11459,-0.23766,-0.50445,0.82214,
1787040693233339904,28.16579,93.74497,-0.33522,0.12167,-0.24564,-0.50385,0.81914,
1787040693366672896,28.06517,93.51948,-0.37526,0.12292,-0.25230,-0.49469,0.82251,
1787040693566672128,27.92977,93.19162,-0.33269,0.10585,-0.23792,-0.49846,0.82688,
1787040693633337856,27.90200,93.08212,-0.30550,0.10557,-0.22274,-0.49962,0.83043,
1787040693766673920,27.85378,92.88136,-0.29108,0.11193,-0.19213,-0.48853,0.84374,
1787040693966672896,27.77817,92.55972,-0.31281,0.11679,-0.17267,-0.43874,0.87410,
1787040694033338112,27.74378,92.43836,-0.29913,0.11869,-0.17796,-0.44644,0.86887,
1787040694300005888,27.56041,92.08916,-0.27068,0.13040,-0.20095,-0.43532,0.86782,
1787040694433339136,27.44585,91.90853,-0.30661,0.12683,-0.20236,-0.42247,0.87435,
1787040694566673920,27.31965,91.72978,-0.31322,0.11169,-0.18930,-0.42599,0.87762,
1787040694700006912,27.20728,91.54529,-0.29458,0.10579,-0.19032,-0.45103,0.86554,
1787040694833339904,27.10940,91.37404,-0.30178,0.10693,-0.17013,-0.46085,0.86443,
1787040694966671872,27.00470,91.20092,-0.33286,0.10758,-0.15665,-0.45551,0.86971,
1787040695100006144,26.89571,91.02165,-0.33394,0.11365,-0.16207,-0.45349,0.86900,
1787040695300004864,26.72839,90.79507,-0.31000,0.11935,-0.16481,-0.45791,0.86539,
1787040695500006912,26.54748,90.53804,-0.35886,0.11056,-0.16180,-0.44424,0.87421,
1787040695633338880,26.42988,90.34667,-0.37751,0.10223,-0.14704,-0.44160,0.87916,
1787040695766671872,26.34025,90.14421,-0.36878,0.04472,-0.10294,-0.48990,0.86452,
1787040695900006912,26.25728,89.92633,-0.36674,-0.00041,-0.07054,-0.51885,0.85195,
1787040696033339904,26.17106,89.73591,-0.39501,0.00269,-0.07058,-0.50528,0.86006,
1787040696233339136,26.05228,89.46582,-0.40405,0.06975,-0.12799,-0.45793,0.87696,
1787040696366672128,25.98820,89.29457,-0.39396,0.10181,-0.13859,-0.45613,0.87314,
1787040696566673152,25.86194,89.01708,-0.42173,0.13195,-0.17936,-0.44929,0.86519,
1787040696633338880,25.81375,88.89584,-0.44350,0.14117,-0.18576,-0.44681,0.86367,
1787040696833338112,25.68799,88.60274,-0.44833,0.22743,-0.20047,-0.41707,0.85682,
1787040697033339136,25.60082,88.30656,-0.42259,0.25978,-0.20508,-0.41778,0.84612,
1787040697166671872,25.54947,88.08936,-0.45196,0.25067,-0.19330,-0.42046,0.85030,
1787040697300007168,25.47758,87.78776,-0.46673,0.23975,-0.19129,-0.41991,0.85417,
1787040697500006912,25.37316,87.47531,-0.43814,0.21176,-0.19477,-0.45121,0.84476,
1787040697633338880,25.27129,87.23612,-0.46093,0.19846,-0.21100,-0.45171,0.84383,
1787040697833338880,25.11928,86.92268,-0.53063,0.17371,-0.20821,-0.43594,0.85815,
1787040697900006144,25.07213,86.79487,-0.53101,0.16579,-0.19534,-0.43236,0.86453,
1787040698033339136,24.98625,86.58599,-0.50646,0.16013,-0.18882,-0.44093,0.86272,
1787040698233339136,24.86798,86.27404,-0.51175,0.15882,-0.17542,-0.44795,0.86217,
1787040698433340160,24.75225,85.97467,-0.53571,0.16195,-0.18753,-0.43566,0.86533,
1787040698566673152,24.66965,85.75836,-0.51947,0.18029,-0.19658,-0.43872,0.85812,
1787040698633338880,24.61738,85.61500,-0.51279,0.19852,-0.20716,-0.44271,0.84952,
1787040698700007936,24.57618,85.54503,-0.50713,0.22808,-0.22794,-0.43638,0.84000,
1787040698900006144,24.42247,85.34503,-0.54813,0.43636,-0.31320,-0.36355,0.76114,
1787040699033339136,24.33214,85.21537,-0.54459,0.58528,-0.37067,-0.27945,0.66480,
1787040699166675200,24.23919,85.14710,-0.51376,0.65157,-0.40809,-0.23671,0.59404,
1787040699300007168,24.12908,85.11775,-0.51557,0.69095,-0.42149,-0.21686,0.54580,
1787040699433339136,23.98384,85.04438,-0.54076,0.71863,-0.43960,-0.19290,0.50310,
1787040699633338880,23.75184,85.03547,-0.58106,0.71847,-0.50691,-0.18792,0.43763,
1787040699700006912,23.67538,85.03650,-0.60029,0.72045,-0.51550,-0.17463,0.42979,
1787040699900012032,23.43964,85.10610,-0.63278,0.75536,-0.47118,-0.13356,0.43540,
1787040699966671872,23.35422,85.12781,-0.62574,0.76329,-0.45575,-0.13172,0.43856,
1787040700166672896,23.10066,85.21893,-0.58531,0.76392,-0.44594,-0.15079,0.44139,
1787040700233338112,23.05648,85.26737,-0.57857,0.76424,-0.43618,-0.15564,0.44884,
1787040700366674944,22.87922,85.34880,-0.60401,0.76295,-0.42673,-0.15691,0.45955,
1787040700500005888,22.74736,85.48113,-0.58877,0.76237,-0.42023,-0.14192,0.47122,
1787040700633338880,22.54498,85.61212,-0.55314,0.75626,-0.44269,-0.14127,0.46058,
1787040700766673920,22.37662,85.75011,-0.53060,0.75913,-0.45599,-0.12718,0.44680,
1787040700833338112,22.28913,85.81572,-0.54361,0.76053,-0.45923,-0.11250,0.44502,
1787040700966674944,22.12104,85.96802,-0.57521,0.76648,-0.44772,-0.09157,0.45129,
1787040701100007168,21.93545,86.12652,-0.55876,0.76191,-0.44746,-0.09961,0.45755,
1787040701233338112,21.74536,86.25662,-0.51252,0.75645,-0.46065,-0.10920,0.45128,
1787040701366672128,21.54950,86.37198,-0.51434,0.75944,-0.45130,-0.12934,0.45039,
1787040701500005888,21.34421,86.49130,-0.54618,0.76241,-0.43137,-0.13742,0.46235,
1787040701700005120,21.02155,86.69634,-0.51199,0.75528,-0.43877,-0.15595,0.46120,
1787040701833338112,20.83805,86.83754,-0.47823,0.75554,-0.45529,-0.14597,0.44784,
1787040701966671872,20.66914,86.97345,-0.49494,0.76241,-0.45666,-0.11654,0.44340,
1787040702100004864,20.48166,87.12731,-0.52172,0.76944,-0.43930,-0.10977,0.45048,
1787040702300005888,20.19413,87.34835,-0.46842,0.75320,-0.45280,-0.12720,0.45989,
1787040702433339136,20.00480,87.46672,-0.45559,0.75457,-0.44229,-0.14197,0.46352,
1787040702700007936,19.59868,87.74593,-0.48537,0.76220,-0.42845,-0.12920,0.46774,
1787040702766671872,19.49325,87.80379,-0.46554,0.75659,-0.44139,-0.13665,0.46268,
1787040702833338880,19.39517,87.86321,-0.44502,0.75062,-0.45586,-0.14693,0.45516,
1787040702966671872,19.22373,88.01094,-0.42738,0.74520,-0.47063,-0.12776,0.45482,
1787040703100006144,19.05005,88.16254,-0.44893,0.74600,-0.47219,-0.11197,0.45606,
1787040703233338112,18.86826,88.31853,-0.46241,0.75471,-0.46002,-0.11442,0.45355,
1787040703366672128,18.68812,88.46601,-0.42188,0.75111,-0.46097,-0.12863,0.45474,
1787040703566673920,18.40292,88.67153,-0.38737,0.75542,-0.44756,-0.15170,0.45388,
1787040703700005888,18.21142,88.79843,-0.41406,0.75884,-0.43276,-0.15516,0.46131,
1787040703833338880,18.00955,88.93805,-0.42092,0.76345,-0.42271,-0.13885,0.46816,
1787040703900006144,17.90504,89.00062,-0.40682,0.76407,-0.43168,-0.13242,0.46077,
1787040703966674944,17.82626,89.05407,-0.39207,0.76979,-0.43547,-0.13005,0.44818,
1787040704033339904,17.75402,89.11844,-0.37874,0.77418,-0.44989,-0.11615,0.42983,
1787040704100006144,17.67321,89.18924,-0.37646,0.78318,-0.46269,-0.09431,0.40454,
1787040704300005888,17.46364,89.42727,-0.41552,0.81488,-0.46218,-0.04806,0.34648,
1787040704433337856,17.41230,89.55685,-0.45444,0.82685,-0.45152,-0.05367,0.33102,
1787040704566673152,17.22866,89.76339,-0.43252,0.82407,-0.45492,-0.06704,0.33086,
1787040704766670848,16.97412,90.04183,-0.44876,0.82783,-0.44729,-0.08028,0.32891,
1787040704833339904,16.89273,90.12665,-0.46956,0.83960,-0.44750,-0.06291,0.30142,
1787040705033338112,16.59991,90.44479,-0.46490,0.88861,-0.44966,0.04522,0.07833,
1787040705166673920,16.51211,90.60087,-0.44463,0.88927,-0.44810,0.09135,-0.00773,
1787040705233339136,16.43573,90.68741,-0.44759,0.89126,-0.43638,0.11515,-0.04442,
1787040705366676992,16.23059,90.87921,-0.46635,0.88977,-0.41664,0.14591,-0.11591,
1787040705566672128,15.97045,91.21567,-0.49376,0.88963,-0.39949,0.16517,-0.14727,
1787040705700005888,15.79892,91.42077,-0.47154,0.87499,-0.42308,0.16374,-0.16907,
1787040705766673152,15.71735,91.49721,-0.47074,0.86672,-0.43017,0.16265,-0.19312,
1787040706100006144,15.26812,91.98823,-0.52430,0.85696,-0.42848,0.18316,-0.22017,
1787040706233340928,15.09423,92.16790,-0.51145,0.85753,-0.43200,0.18381,-0.21032,
1787040706300007936,15.02238,92.23189,-0.51172,0.85509,-0.44171,0.18120,-0.20219,
1787040706433337856,14.86551,92.40600,-0.53976,0.85489,-0.45076,0.18260,-0.18063,
1787040706500006912,14.78137,92.48266,-0.56404,0.85759,-0.45436,0.17833,-0.16219,
1787040706566673152,14.69801,92.56400,-0.58239,0.86310,-0.46345,0.16407,-0.11558,
1787040706700011008,14.52820,92.76273,-0.58228,0.86875,-0.48383,0.10574,0.00223,
1787040706766673152,14.44563,92.84626,-0.57204,0.86474,-0.49247,0.08804,0.04424,
1787040706966674176,14.18466,93.12214,-0.57004,0.84912,-0.48806,0.02649,0.20021,
1787040707033339136,14.08830,93.19746,-0.58768,0.84033,-0.47635,-0.00173,0.25871,
1787040707233339136,13.82822,93.49197,-0.59378,0.79948,-0.45266,-0.04280,0.39255,
1787040707566673920,13.49499,94.00053,-0.59303,0.78778,-0.44679,-0.03289,0.42273,
1787040707700005888,13.37098,94.20765,-0.62310,0.79758,-0.43621,-0.01996,0.41616,
1787040707966674176,13.07354,94.60537,-0.56622,0.79860,-0.43029,-0.05172,0.41762,
1787040708033339136,13.04219,94.76883,-0.51784,0.79448,-0.42652,-0.07134,0.42637,
1787040708100007168,12.95735,94.88753,-0.52881,0.79154,-0.42319,-0.08674,0.43226,
1787040708233340928,12.84238,95.07623,-0.55318,0.80431,-0.44155,-0.06853,0.39169,
1787040708300007168,12.77106,95.19191,-0.55372,0.82395,-0.44816,-0.04574,0.34375,
1787040708366673920,12.68460,95.31936,-0.53880,0.83327,-0.46615,-0.02785,0.29596,
1787040708433339136,12.61440,95.43681,-0.52561,0.83745,-0.48508,-0.01934,0.25101,
1787040708500006912,12.53567,95.57079,-0.51835,0.84408,-0.49406,0.01488,0.20787,
1787040708566672128,12.49385,95.66524,-0.52192,0.85264,-0.49557,0.05125,0.15747,
1787040708700005120,12.47246,95.81941,-0.54968,0.86545,-0.48416,0.11289,0.06195,
1787040708900006912,12.31794,96.22176,-0.55796,0.87378,-0.45427,0.16556,-0.05234,
1787040708966672896,12.29038,96.31648,-0.54375,0.86839,-0.45500,0.18195,-0.07597,
1787040709100007168,12.26853,96.48649,-0.39593,0.86389,-0.45164,0.18498,-0.12451,
1787040709233339136,12.19007,96.73490,-0.38484,0.86399,-0.43154,0.19213,-0.17428,
1787040709366675968,12.12836,96.97299,-0.37853,0.85768,-0.40692,0.21706,-0.22735,
1787040709500005120,12.08402,97.21220,-0.33011,0.83850,-0.39052,0.24621,-0.28945,
1787040709566673920,12.07172,97.32520,-0.29845,0.82308,-0.39338,0.25715,-0.31886,
1787040709700005888,12.06268,97.55412,-0.26596,0.80654,-0.37992,0.28317,-0.35352,
1787040709766673152,12.06285,97.66193,-0.26674,0.80323,-0.36782,0.29472,-0.36423,
1787040709900006912,12.06942,97.90655,-0.26537,0.80976,-0.33904,0.29401,-0.37803,
1787040710100006144,12.11038,98.28075,-0.20140,0.81252,-0.32248,0.29377,-0.38668,
1787040710233339136,12.14641,98.51398,-0.15604,0.80549,-0.32397,0.29507,-0.39897,
1787040710366672128,12.19012,98.76698,-0.15053,0.80294,-0.31285,0.29555,-0.41238,
1787040710500008192,12.25008,99.01505,-0.13920,0.78992,-0.30902,0.30378,-0.43389,
1787040710566674944,12.29298,99.11303,-0.11262,0.77721,-0.30679,0.31723,-0.44853,
1787040710633337856,12.40110,99.08322,-0.08423,0.76705,-0.30908,0.31836,-0.46342,
1787040710766673152,12.50536,99.31568,-0.02964,0.74395,-0.30574,0.33849,-0.48834,
1787040710833338880,12.56090,99.37829,-0.02087,0.73431,-0.30269,0.34723,-0.49859,
1787040710966674176,12.68028,99.54519,-0.02046,0.73053,-0.28605,0.34845,-0.51291,
1787040711100006144,12.81729,99.69241,0.00473,0.73754,-0.27402,0.33920,-0.51564,
1787040711233339136,12.95877,99.87805,0.07011,0.73663,-0.28402,0.34125,-0.51015,
1787040711300007936,13.02165,99.91862,0.09854,0.73899,-0.29270,0.33550,-0.50562,
1787040711566673152,13.29422,100.23358,0.12604,0.75064,-0.30244,0.32948,-0.48632,
1787040711700005888,13.44781,100.40425,0.15967,0.75674,-0.29047,0.33648,-0.47933,
1787040711833338880,13.61393,100.55545,0.21460,0.74288,-0.30839,0.34732,-0.48206,
1787040711900006144,13.70631,100.59849,0.22348,0.73354,-0.31269,0.36211,-0.48271,
1787040711966672896,13.80418,100.64977,0.21981,0.72864,-0.30341,0.37688,-0.48475,
1787040712100006144,14.00617,100.79317,0.20540,0.72335,-0.27542,0.38857,-0.49992,
1787040712233340928,14.20198,100.94334,0.22032,0.71983,-0.26229,0.38089,-0.51766,
1787040712366672128,14.40030,101.08148,0.26937,0.71535,-0.27614,0.39663,-0.50468,
1787040712566673152,14.72113,101.33716,0.31448,0.69450,-0.36792,0.42150,-0.45237,
1787040712700005888,14.93086,101.49441,0.29772,0.69324,-0.39111,0.42670,-0.42939,
1787040712833338880,15.14000,101.67357,0.32231,0.69170,-0.39858,0.43443,-0.41708,
1787040712966672896,15.35414,101.82552,0.37537,0.68535,-0.41370,0.44535,-0.40101,
1787040713100007168,15.57017,101.95697,0.39951,0.67571,-0.42366,0.46052,-0.38968,
1787040713300004864,15.89579,102.12602,0.36722,0.68276,-0.42112,0.44684,-0.39602,
1787040713366672128,16.01372,102.17974,0.36156,0.69096,-0.42123,0.43033,-0.39995,
1787040713433339136,16.12233,102.22513,0.36260,0.70208,-0.42435,0.41218,-0.39639,
1787040713500005120,16.22639,102.28058,0.37309,0.71390,-0.42172,0.39987,-0.39064,
1787040713566672128,16.33492,102.33768,0.38940,0.71638,-0.43072,0.39906,-0.37688,
1787040713766673152,16.64339,102.53347,0.41616,0.79495,-0.39480,0.33653,-0.31455,
1787040713900006144,16.85402,102.66928,0.37955,0.83870,-0.35554,0.29044,-0.29295,
1787040714100006144,17.22858,102.88490,0.37419,0.85808,-0.32818,0.26769,-0.29042,
1787040714166673920,17.36427,102.93999,0.39299,0.84869,-0.33001,0.28413,-0.30017,
1787040714233339136,17.50027,102.98365,0.40384,0.83049,-0.33445,0.31955,-0.31034,
1787040714366672128,17.76456,103.08569,0.38816,0.81164,-0.30571,0.34263,-0.36110,
1787040714500005888,18.04178,103.19864,0.35933,0.77871,-0.29494,0.35665,-0.42358,
1787040714633339904,18.33076,103.31841,0.36843,0.75664,-0.29916,0.36256,-0.45447,
1787040714700005888,18.45593,103.34179,0.38731,0.74460,-0.31157,0.37250,-0.45798,
1787040714833338880,18.72883,103.46646,0.41684,0.72398,-0.32652,0.36153,-0.48841,
1787040714966671872,18.98581,103.59414,0.38631,0.69681,-0.31063,0.35537,-0.54007,
1787040715100006144,19.24622,103.69697,0.37013,0.65462,-0.27983,0.37495,-0.59379,
1787040715166673920,19.37884,103.71761,0.38041,0.62673,-0.26335,0.38253,-0.62572,
1787040715300005888,19.67849,103.79279,0.42230,0.56998,-0.24592,0.40617,-0.67057,
1787040715500005888,20.10672,103.93833,0.38483,0.50838,-0.20036,0.42083,-0.72409,
1787040715700005888,20.54035,104.09039,0.36344,0.50963,-0.17810,0.41819,-0.73053,
1787040715766671872,20.66472,104.13253,0.38270,0.51036,-0.18756,0.42393,-0.72432,
1787040715900007936,20.87512,104.20648,0.41128,0.54589,-0.21513,0.41133,-0.69752,
1787040716100007168,21.29811,104.37436,0.36460,0.60254,-0.22204,0.40313,-0.65202,
1787040716300007168,21.65826,104.49047,0.38069,0.62333,-0.21903,0.40744,-0.63046,
1787040716366673920,21.79742,104.51325,0.39438,0.61175,-0.23608,0.42759,-0.62225,
1787040716633338880,22.31632,104.63199,0.32797,0.60774,-0.28088,0.47010,-0.57512,
1787040716766674944,22.56757,104.64725,0.30970,0.62452,-0.29761,0.46692,-0.55081,
1787040716900006912,22.86801,104.69031,0.33321,0.61502,-0.30601,0.48522,-0.54099,
1787040717033339136,22.94618,104.57368,0.32965,0.60322,-0.31733,0.48953,-0.54385,
1787040717300007936,23.54760,104.66523,0.25946,0.59954,-0.33519,0.47765,-0.54778,
1787040717366672896,23.67098,104.65594,0.27118,0.58973,-0.32958,0.47389,-0.56482,
1787040717633338880,24.21806,104.64360,0.29024,0.58164,-0.28315,0.48034,-0.59228,
1787040717833338880,24.63572,104.61747,0.23142,0.59730,-0.28198,0.46286,-0.59117,
1787040717900006144,24.71763,104.58049,0.23220,0.59702,-0.29483,0.46847,-0.58067,
1787040718033339136,24.96744,104.54591,0.25420,0.58231,-0.32470,0.49221,-0.55967,
1787040718300004864,25.47458,104.54496,0.21523,0.59349,-0.31545,0.47761,-0.56581,
1787040718366673920,25.58539,104.53641,0.20443,0.60223,-0.29799,0.46700,-0.57484,
1787040718566675968,25.96806,104.51713,0.22576,0.59486,-0.29599,0.47616,-0.57602,
1787040718700005888,26.21575,104.48784,0.21523,0.59111,-0.29026,0.49156,-0.56983,
1787040718966672896,26.69754,104.44363,0.15726,0.60393,-0.28708,0.46774,-0.57799,
1787040719100007168,26.93862,104.42250,0.17177,0.60424,-0.31355,0.48592,-0.54814,
1787040719300007168,27.22884,104.41081,0.17124,0.60211,-0.34539,0.48481,-0.53210,
1787040719366672128,27.37597,104.40285,0.15241,0.61254,-0.34126,0.47384,-0.53275,
1787040719500005888,27.60741,104.39606,0.13997,0.61436,-0.34420,0.48149,-0.52179,
1787040719633338880,27.86710,104.38465,0.14597,0.60915,-0.35055,0.49220,-0.51361,
1787040719833338880,28.18988,104.36463,0.12899,0.60987,-0.34056,0.49399,-0.51774,
1787040720100006144,28.59217,104.33541,0.09471,0.60881,-0.34477,0.50690,-0.50352,
1787040720166672896,28.72525,104.33492,0.09619,0.60523,-0.35304,0.51443,-0.49439,
1787040720433339136,29.12611,104.36237,0.06557,0.59151,-0.34525,0.52230,-0.50805,
1787040720500006912,29.19047,104.35482,0.05146,0.58627,-0.33417,0.52712,-0.51648,
1787040720566673152,29.26455,104.34791,0.04254,0.57941,-0.32085,0.53468,-0.52483,
1787040720633339904,29.32616,104.33184,0.04305,0.57349,-0.31146,0.54210,-0.52937,
1787040720700006912,29.45883,104.32801,0.04025,0.56114,-0.31307,0.55763,-0.52550,
1787040720833338880,29.60844,104.31212,0.03751,0.55591,-0.30523,0.56311,-0.52982,
1787040721100007168,29.92686,104.25539,-0.00424,0.56668,-0.29172,0.55512,-0.53443,
1787040721233339136,30.05634,104.18367,0.00210,0.57027,-0.30154,0.55903,-0.52091,
1787040721366672128,30.13232,104.12373,0.02369,0.55774,-0.30507,0.56231,-0.52884,
1787040721433337856,30.12433,104.08476,0.03227,0.54798,-0.30166,0.56157,-0.54162,
1787040721500006912,30.14090,104.05284,0.03387,0.53337,-0.29306,0.56519,-0.55695,
1787040721566672128,30.16332,104.02551,0.03562,0.51384,-0.27711,0.56481,-0.58324,
1787040721766673152,30.21032,103.98167,0.03328,-0.44507,0.22256,-0.56662,0.65675,
1787040721900006912,30.23308,103.97298,0.05005,-0.38049,0.16496,-0.55464,0.72138,
1787040722100006144,30.36597,103.97946,0.04614,-0.22043,0.06835,-0.52494,0.81925,
1787040722233339136,30.47572,103.97363,0.05530,-0.12012,-0.00098,-0.52967,0.83965,
1787040722366672128,30.54749,103.96626,0.06587,-0.05818,-0.03584,-0.51597,0.85388,
1787040722500006912,30.60322,103.95089,0.06090,-0.03173,-0.06429,-0.50186,0.86197,
1787040722633337856,30.64146,103.92828,0.05496,-0.02181,-0.07150,-0.49762,0.86417,
1787040722833338880,30.67002,103.88038,0.04200,-0.03973,-0.08243,-0.51002,0.85528,
1787040722966674176,30.68450,103.81755,0.03132,-0.05910,-0.08195,-0.51206,0.85299,
1787040723100006144,30.69373,103.72768,0.01694,-0.08349,-0.08672,-0.50805,0.85287,
1787040723166671872,30.69940,103.65713,0.00493,-0.09863,-0.08590,-0.49965,0.85630,
1787040723300005888,30.70437,103.52144,-0.00790,-0.12460,-0.08098,-0.46897,0.87062,
1787040723500006912,30.75008,103.32067,0.01221,-0.09726,-0.07690,-0.45790,0.88031,
1787040723566672128,30.76756,103.24440,0.00492,-0.07808,-0.06687,-0.45211,0.88602,
1787040723700005888,30.79851,103.10028,-0.00024,-0.05924,-0.05255,-0.45556,0.88668,
1787040723900006144,30.81643,102.86325,-0.03903,-0.04611,-0.06169,-0.45572,0.88679,
1787040723966674176,30.82334,102.75577,-0.04494,-0.03678,-0.08382,-0.46645,0.87980,
1787040724100008960,30.82048,102.56162,-0.03527,-0.01231,-0.12536,-0.49815,0.85790,
1787040724233339136,30.80022,102.38142,-0.03147,0.01856,-0.14876,-0.51302,0.84518,
1787040724366672128,30.77784,102.21723,-0.05465,0.04195,-0.16616,-0.47872,0.86108,
1787040724566673152,30.73718,101.94612,-0.07229,0.05425,-0.14452,-0.44610,0.88157,
1787040724766673920,30.72272,101.68637,-0.03095,0.05805,-0.14138,-0.45640,0.87655,
1787040724833338880,30.72836,101.58550,-0.03958,0.06270,-0.12472,-0.45233,0.88086,
1787040724966672896,30.73717,101.39307,-0.07041,0.06780,-0.10331,-0.45012,0.88438,
1787040725100006144,30.74388,101.19557,-0.09215,0.07442,-0.10586,-0.43497,0.89110,
1787040725166672896,30.74704,101.08128,-0.08854,0.08619,-0.10898,-0.43124,0.89147,
1787040725300005888,30.73708,100.86202,-0.07050,0.11233,-0.10446,-0.44677,0.88140,
1787040725500006912,30.64969,100.57659,-0.11233,0.06905,-0.19545,-0.47956,0.85268,
1787040725700005120,30.56539,100.29368,-0.14664,0.06891,-0.20554,-0.45382,0.86432,
1787040725766673152,30.54381,100.19179,-0.13751,0.07262,-0.19871,-0.43729,0.87408,
1787040725966676992,30.50119,99.91279,-0.10346,0.08784,-0.19410,-0.44627,0.86917,
1787040726100006144,30.47726,99.69636,-0.13068,0.10319,-0.19005,-0.47733,0.85170,
1787040726233339136,30.45808,99.48418,-0.16769,0.09379,-0.18442,-0.52212,0.82739,
1787040726366672896,30.42546,99.23473,-0.16038,0.12056,-0.19240,-0.54205,0.80909,
1787040726566672128,30.33951,98.95783,-0.13803,0.15029,-0.23086,-0.54044,0.79501,
1787040726766673920,30.23807,98.69097,-0.18139,0.18267,-0.25808,-0.53502,0.78344,
1787040726900006144,30.16412,98.47777,-0.17653,0.19877,-0.26454,-0.52153,0.78646,
1787040727100006144,30.08128,98.20632,-0.12670,0.20154,-0.26740,-0.51259,0.79065,
1787040727166672896,30.05764,98.10503,-0.12967,0.19583,-0.25842,-0.50531,0.79971,
1787040727300007168,30.00135,97.89502,-0.16177,0.17995,-0.24370,-0.49328,0.81541,
1787040727433339136,29.94297,97.68303,-0.17013,0.16689,-0.23605,-0.47518,0.83105,
1787040727566673920,29.86625,97.48095,-0.13603,0.16455,-0.22738,-0.44529,0.85026,
1787040727700005888,29.77263,97.28044,-0.12839,0.17448,-0.23451,-0.43375,0.85230,
1787040727833338880,29.66604,97.08396,-0.16344,0.18198,-0.23479,-0.42086,0.85711,
1787040727966676992,29.54989,96.88247,-0.15604,0.19035,-0.20657,-0.41773,0.86406,
1787040728166672896,29.39579,96.61371,-0.09858,0.18455,-0.19553,-0.43573,0.85898,
1787040728366674944,29.25951,96.32756,-0.12933,0.18413,-0.19271,-0.41757,0.86867,
1787040728500005888,29.15964,96.11331,-0.14055,0.18688,-0.19744,-0.42043,0.86564,
1787040728566674944,29.10715,96.00242,-0.12623,0.18841,-0.20853,-0.43991,0.85294,
1787040728633339904,29.05459,95.89843,-0.11140,0.18811,-0.20496,-0.47348,0.83572,
1787040728700006912,28.98714,95.77315,-0.09702,0.17954,-0.21161,-0.51081,0.81367,
1787040728833338880,28.87443,95.58001,-0.10084,0.17087,-0.22299,-0.50474,0.81628,
1787040728900006144,28.81471,95.48071,-0.10921,0.16915,-0.22048,-0.48431,0.82959,
1787040729033339904,28.69972,95.28531,-0.09641,0.15461,-0.19694,-0.45195,0.85618,
1787040729166672896,28.60099,95.07089,-0.04601,0.12696,-0.17824,-0.46464,0.85803,
1787040729300004864,28.53843,94.88714,-0.01248,0.11591,-0.16422,-0.46078,0.86445,
1787040729433337856,28.47911,94.68839,-0.03115,0.10878,-0.14728,-0.44971,0.87420,
1787040729566673152,28.41838,94.46172,-0.03924,0.12600,-0.15939,-0.43285,0.87827,
1787040729633339904,28.38687,94.34204,-0.01925,0.14926,-0.16858,-0.43193,0.87335,
1787040729833338880,28.29531,94.08763,0.03975,0.22604,-0.21738,-0.41207,0.85548,
1787040729966676992,28.22979,93.91184,0.02528,0.28055,-0.24581,-0.37774,0.84746,
1787040730100007168,28.15892,93.71985,0.00530,0.35446,-0.23708,-0.33848,0.83880,
1787040730233339136,28.07288,93.52250,0.02833,0.38741,-0.24192,-0.32341,0.82873,
1787040730433340160,27.97012,93.21219,0.07957,0.38374,-0.22868,-0.32774,0.83249,
1787040730500006912,27.93648,93.11256,0.07106,0.37927,-0.21796,-0.32433,0.83873,
1787040730633337856,27.85882,92.91780,0.03748,0.35738,-0.20930,-0.33623,0.84583,
1787040730766673152,27.76912,92.69454,0.04164,0.34375,-0.22784,-0.34343,0.84379,
1787040730900006144,27.67474,92.51085,0.07065,0.32760,-0.23172,-0.36245,0.84120,
1787040731033339136,27.56657,92.32026,0.06189,0.30849,-0.24880,-0.36703,0.84156,
1787040731166672896,27.45662,92.14380,0.01953,0.29277,-0.25514,-0.35786,0.84919,
1787040731233339136,27.39730,92.04396,0.00667,0.28108,-0.25295,-0.34789,0.85789,
1787040731366672896,27.28056,91.85068,0.02340,0.25629,-0.23482,-0.32732,0.87866,
1787040731500008192,27.18220,91.65851,0.05260,0.24219,-0.22930,-0.34518,0.87728,
1787040731700005888,27.03674,91.33014,0.01075,0.22680,-0.20425,-0.35225,0.88474,
1787040731833338880,26.93326,91.09806,-0.00828,0.21799,-0.20422,-0.35450,0.88606,
1787040731900007936,26.87949,90.98774,-0.00080,0.21444,-0.20694,-0.36560,0.88178,
1787040731966672896,26.82299,90.89027,0.01231,0.20972,-0.21330,-0.37480,0.87752,
1787040732166671872,26.63123,90.59209,0.00114,0.19307,-0.24569,-0.38553,0.86817,
1787040732300007168,26.50304,90.38872,-0.04206,0.18993,-0.25290,-0.36987,0.87359,
1787040732433337856,26.38096,90.18185,-0.04850,0.17405,-0.22919,-0.37187,0.88255,
1787040732500005120,26.32572,90.07219,-0.03579,0.16437,-0.22077,-0.37418,0.88557,
1787040732633338880,26.22601,89.84415,-0.01141,0.12861,-0.20517,-0.40452,0.88189,
1787040732766673152,26.12561,89.62112,-0.04291,0.09242,-0.19442,-0.39705,0.89219,
1787040732966676992,25.96696,89.27993,-0.06629,0.05374,-0.21182,-0.37779,0.89973,
1787040733100006144,25.86205,89.09240,-0.03181,0.04815,-0.21337,-0.39787,0.89099,
1787040733166671872,25.80697,88.99857,-0.02805,0.05574,-0.21774,-0.40124,0.88797,
1787040733366673920,25.64202,88.71147,-0.07112,0.09770,-0.22804,-0.39339,0.88527,
1787040733500005888,25.53442,88.55194,-0.09774,0.11426,-0.21298,-0.40212,0.88311,
1787040733566673152,25.47043,88.41914,-0.08999,0.11406,-0.20851,-0.41657,0.87749,
1787040733700006912,25.37601,88.20858,-0.06442,0.11355,-0.21001,-0.46734,0.85123,
1787040733833338880,25.28367,87.99643,-0.08544,0.11452,-0.19443,-0.48113,0.84711,
1787040734033339136,25.13231,87.66779,-0.12084,0.12947,-0.19921,-0.48259,0.84300,
1787040734100009984,25.07870,87.55614,-0.11001,0.14149,-0.20307,-0.48437,0.83913,
1787040734300005888,24.90700,87.27976,-0.07285,0.15418,-0.22424,-0.47196,0.83857,
1787040734366672896,24.85940,87.20664,-0.07847,0.15842,-0.22525,-0.45187,0.84851,
1787040734566672128,24.68920,86.92389,-0.11500,0.16060,-0.20051,-0.41651,0.87208,
1787040734700007936,24.58285,86.73717,-0.09582,0.16234,-0.18330,-0.40946,0.87886,
1787040734766671872,24.53062,86.62862,-0.07747,0.16056,-0.18840,-0.42429,0.87104,
1787040734900009984,24.44742,86.43341,-0.07445,0.16379,-0.16068,-0.42646,0.87492,
1787040735033339904,24.35737,86.23255,-0.10572,0.16028,-0.14063,-0.42568,0.87939,
1787040735166672896,24.26087,86.03213,-0.10722,0.17352,-0.15376,-0.41943,0.87768,
1787040735300005888,24.15225,85.82775,-0.07529,0.18986,-0.17346,-0.44648,0.85704,
1787040735433339136,24.02851,85.62908,-0.07564,0.18521,-0.22132,-0.48737,0.82413,
1787040735633339904,23.84583,85.33215,-0.11603,0.17853,-0.22135,-0.48084,0.82941,
1787040735700006912,23.78688,85.22675,-0.10963,0.18244,-0.21037,-0.47281,0.83601,
1787040735766673152,23.73429,85.13264,-0.09907,0.18628,-0.20096,-0.46362,0.84260,
1787040735900006144,23.62959,84.92016,-0.06871,0.18182,-0.20547,-0.48011,0.83320,
1787040736033339904,23.53592,84.69285,-0.08596,0.17805,-0.18888,-0.48941,0.83252,
1787040736166672896,23.44183,84.46146,-0.12771,0.16265,-0.18448,-0.50223,0.82902,
1787040736366672128,23.29280,84.11488,-0.11223,0.14974,-0.21048,-0.54148,0.80004,
1787040736666672896,23.05757,83.65684,-0.14961,0.12581,-0.23936,-0.54795,0.79160,
1787040736766673152,22.97420,83.48566,-0.16188,0.11397,-0.23286,-0.55047,0.79358,
1787040736966672896,22.83925,83.19080,-0.11502,0.09921,-0.22406,-0.56526,0.78768,
1787040737266671872,22.66565,82.72149,-0.15287,0.10378,-0.19984,-0.56183,0.79602,
1787040737366672896,22.59751,82.54222,-0.14234,0.10551,-0.20756,-0.55351,0.79963,
1787040737533340928,22.46658,82.29405,-0.11032,0.09827,-0.23074,-0.55815,0.79093,
1787040737733339136,22.30149,82.00382,-0.15845,0.10469,-0.25329,-0.53856,0.79677,
1787040737933337856,22.14210,81.69526,-0.14536,0.11727,-0.22607,-0.51843,0.81632,
1787040738133339904,22.01916,81.39001,-0.09977,0.12232,-0.20082,-0.52490,0.81804,
1787040738333338880,21.90452,81.11284,-0.12473,0.14578,-0.18302,-0.47833,0.84643,
1787040738533339136,21.76087,80.81188,-0.08504,0.17006,-0.20382,-0.45358,0.85076,
1787040738733339136,21.58934,80.53647,-0.07553,0.17819,-0.24704,-0.44483,0.84223,
1787040738933337856,21.41081,80.26696,-0.10839,0.17997,-0.24426,-0.42581,0.85243,
1787040739200006912,21.20140,79.88372,-0.05283,0.19209,-0.22344,-0.42785,0.85447,
1787040739300005888,21.13683,79.73473,-0.06798,0.20253,-0.20733,-0.42236,0.85884,
1787040739600006144,20.92372,79.29743,-0.09091,0.20515,-0.21211,-0.41628,0.86002,
1787040739666673920,20.86440,79.19625,-0.07937,0.20660,-0.21718,-0.43130,0.85096,
1787040739866673920,20.67257,78.88994,-0.10216,0.19915,-0.24940,-0.46429,0.82618,
1787040740066673920,20.47686,78.59099,-0.13685,0.19864,-0.24328,-0.44908,0.83647,
1787040740266674944,20.32992,78.30514,-0.07727,0.20478,-0.22836,-0.45552,0.83571,
1787040740466675968,20.20933,78.03059,-0.09635,0.21632,-0.18516,-0.43297,0.85525,
1787040740666673920,20.04643,77.71659,-0.09760,0.22569,-0.19569,-0.42401,0.85498,
1787040740833338112,19.90032,77.51147,-0.06048,0.21626,-0.22344,-0.42207,0.85157,
1787040741133341184,19.61994,77.10250,-0.10860,0.20229,-0.20748,-0.41071,0.86449,
1787040741200005120,19.54986,76.99819,-0.10544,0.18577,-0.18909,-0.40721,0.87402,
1787040741300004864,19.45942,76.87230,-0.07835,0.15875,-0.18594,-0.40560,0.88075,
1787040741500005888,19.28077,76.57729,-0.07751,0.12431,-0.18036,-0.42909,0.87630,
1787040741700005888,19.08395,76.24310,-0.12057,0.14200,-0.21949,-0.47489,0.84032,
1787040741866672896,18.91932,75.98459,-0.08842,0.17004,-0.25308,-0.49879,0.81132,
1787040742066673152,18.73997,75.74627,-0.09621,0.19919,-0.28746,-0.48428,0.80198,
1787040742366673920,18.48339,75.33379,-0.08413,0.24051,-0.23849,-0.43703,0.83324,
1787040742500006912,18.38057,75.13277,-0.05172,0.23128,-0.23247,-0.44381,0.83397,
1787040742866673920,18.11283,74.60287,-0.07332,0.23447,-0.20878,-0.42348,0.84976,
1787040743066674944,17.92851,74.35886,-0.04053,0.23574,-0.23934,-0.42225,0.84193,
1787040743233339136,17.76367,74.16273,-0.07977,0.24364,-0.26684,-0.41374,0.83561,
1787040743433339136,17.55310,73.89756,-0.08183,0.24174,-0.24905,-0.41576,0.84064,
1787040743500005120,17.48835,73.82825,-0.06693,0.23183,-0.25510,-0.42508,0.83695,
1787040743600007168,17.39294,73.69782,-0.05215,0.22595,-0.25737,-0.45476,0.82214,
1787040743800005888,17.20171,73.40429,-0.09039,0.22826,-0.23451,-0.43836,0.83711,
1787040743966672896,17.03667,73.18224,-0.07738,0.22661,-0.25245,-0.43737,0.83284,
1787040744166673920,16.81880,72.95598,-0.04074,0.22675,-0.27554,-0.43012,0.82925,
1787040744466672896,16.46041,72.56302,-0.08305,0.26047,-0.25988,-0.39584,0.84138,
1787040744666671872,16.24397,72.29513,-0.03515,0.25696,-0.25074,-0.42092,0.83302,
1787040744733338112,16.18409,72.20435,-0.03354,0.26770,-0.23424,-0.42184,0.83398,
1787040744933339136,15.96612,71.90125,-0.08068,0.27792,-0.22463,-0.41605,0.83619,
1787040745133339904,15.75962,71.65062,-0.04023,0.28474,-0.23971,-0.42410,0.82559,
1787040745400007936,15.45041,71.34257,-0.05702,0.28789,-0.25098,-0.41132,0.82762,
1787040745500005888,15.32291,71.18823,-0.06181,0.29013,-0.24195,-0.40569,0.83228,
1787040745666671872,15.14255,71.01820,-0.02405,0.26584,-0.23654,-0.41295,0.83836,
1787040745833339904,14.95865,70.78434,-0.00950,0.25615,-0.21802,-0.42313,0.84132,
1787040745933339136,14.85342,70.65424,-0.03940,0.24805,-0.20985,-0.41856,0.84808,
1787040746200006912,14.53027,70.27055,-0.05437,0.24699,-0.26042,-0.45924,0.81257,
1787040746300007168,14.39295,70.12384,-0.04133,0.24931,-0.28650,-0.47281,0.79512,
1787040746600007168,14.03654,69.75376,-0.08954,0.26366,-0.30160,-0.44824,0.79913,
1787040746700009984,13.92297,69.62052,-0.07404,0.25712,-0.28843,-0.44446,0.80818,
1787040747033339136,13.59569,69.15391,-0.06144,0.24115,-0.22738,-0.46776,0.81936,
1787040747200006912,13.41526,68.92549,-0.06832,0.26023,-0.25359,-0.45900,0.81074,
1787040747300005888,13.30500,68.79792,-0.04313,0.26934,-0.26321,-0.47452,0.79562,
1787040747500006912,13.06744,68.55272,-0.04024,0.27164,-0.30759,-0.45795,0.78859,
1787040747800005888,12.70818,68.18283,-0.04272,0.28159,-0.27952,-0.39652,0.82786,
1787040747900006144,12.58490,68.04260,-0.01754,0.26293,-0.29126,-0.40537,0.82566,
1787040748066673152,12.40088,67.81221,-0.03364,0.25704,-0.26721,-0.40081,0.83778,
1787040748266673152,12.17396,67.52137,-0.04377,0.29751,-0.26397,-0.36187,0.84312,
1787040748466672896,11.92703,67.25734,0.01229,0.32402,-0.27466,-0.38915,0.81739,
1787040748666672896,11.67929,67.02290,-0.01861,0.34349,-0.29031,-0.36667,0.81442,
1787040748933340160,11.32805,66.67349,0.01362,0.34860,-0.28127,-0.36967,0.81408,
1787040749066673152,11.16549,66.48071,0.02315,0.34837,-0.27383,-0.37720,0.81325,
1787040749433339136,10.71714,65.96076,0.01009,0.34157,-0.26329,-0.37120,0.82233,
1787040749533339136,10.59024,65.85514,0.03063,0.33163,-0.27634,-0.37781,0.81909,
1787040749633341184,10.45360,65.74114,0.01801,0.32966,-0.29751,-0.36912,0.81643,
1787040749800007168,10.23017,65.55552,-0.02161,0.34844,-0.30211,-0.35115,0.81487,
1787040750100008960,9.84303,65.17162,0.03494,0.35611,-0.28155,-0.38729,0.80245,
1787040750266671872,9.64646,64.93091,0.00710,0.35910,-0.25360,-0.41287,0.79767,
1787040750466674944,9.40009,64.67216,0.00452,0.36563,-0.25398,-0.40782,0.79718,
1787040750633338880,9.18582,64.48450,0.04478,0.37320,-0.27264,-0.41594,0.78319,
1787040750933339136,8.79424,64.16694,-0.00510,0.37276,-0.27429,-0.39261,0.79478,
1787040751033339136,8.65972,64.05109,0.00445,0.36155,-0.26669,-0.39747,0.80011,
1787040751200005888,8.46345,63.85357,0.03727,0.34569,-0.25374,-0.41999,0.79982,
1787040751533339136,8.07292,63.41965,-0.00399,0.34790,-0.24082,-0.40635,0.80985,
1787040751666672896,7.91095,63.25502,0.02914,0.35380,-0.25190,-0.41712,0.79836,
1787040751766676992,7.78972,63.14545,0.03619,0.35597,-0.27105,-0.41347,0.79300,
1787040751866672896,7.65922,63.01515,0.01888,0.35237,-0.27240,-0.40459,0.79871,
1787040752033338112,7.46388,62.83037,-0.00704,0.34286,-0.25133,-0.39205,0.81583,
1787040752233339136,7.21943,62.56384,0.03823,0.32674,-0.24343,-0.41225,0.81488,
1787040752566673152,6.85981,62.10596,-0.00059,0.31297,-0.23113,-0.41842,0.82070,
1787040752666672896,6.74873,61.97667,0.01265,0.31481,-0.26444,-0.41207,0.81312,
1787040752766673152,6.64157,61.86208,0.04002,0.31873,-0.27678,-0.40434,0.81137,
1787040752933339136,6.43050,61.61009,0.03425,0.32237,-0.29607,-0.38180,0.81403,
1787040753133337856,6.22060,61.38929,-0.00785,0.34380,-0.27643,-0.35053,0.82615,
1787040753333338880,6.00558,61.16637,0.04649,0.33672,-0.27790,-0.37126,0.81948,
1787040753600006144,5.71662,60.83022,0.00335,0.35697,-0.29351,-0.36691,0.80735,
1787040753700005120,5.60682,60.71786,0.00661,0.36635,-0.32127,-0.34626,0.80167,
1787040753866679040,5.40746,60.53124,0.04768,0.36896,-0.34150,-0.35349,0.78886,
1787040754066673152,5.16668,60.34242,0.02024,0.37275,-0.35417,-0.33634,0.78898,
1787040754233339136,4.93207,60.16248,0.00364,0.37620,-0.33767,-0.32041,0.80112,
1787040754433339136,4.68017,59.95334,0.05462,0.38308,-0.32920,-0.34048,0.79306,
1787040754733339136,4.29996,59.61041,0.01931,0.39476,-0.29980,-0.34167,0.79846,
1787040754900006144,4.06053,59.42414,0.05799,0.40351,-0.30676,-0.34927,0.78809,
1787040755000006912,3.93294,59.35835,0.07406,0.40935,-0.32794,-0.35057,0.77588,
1787040755200005888,3.63816,59.18659,0.03513,0.43955,-0.34186,-0.31990,0.76655,
1787040755466671872,3.23793,58.95958,0.06995,0.46312,-0.33538,-0.31890,0.75588,
1787040755666672896,2.94630,58.76667,0.06652,0.46311,-0.32386,-0.33841,0.75241,
1787040755766674944,2.80313,58.67471,0.04511,0.45645,-0.31022,-0.33551,0.76344,
1787040755966672896,2.48775,58.47042,0.07533,0.44484,-0.31625,-0.35618,0.75844,
1787040756200005888,2.12012,58.29343,0.08129,0.43020,-0.35053,-0.35303,0.75328,
1787040756300005888,1.96169,58.21713,0.05726,0.43371,-0.34141,-0.33342,0.76431,
1787040756500006912,1.64534,58.05457,0.07591,0.41162,-0.32069,-0.32116,0.79031,
1787040756800005888,1.21042,57.78135,0.06742,0.38048,-0.32682,-0.32991,0.79974,
1787040756966674176,0.94622,57.59376,0.06177,0.37465,-0.32694,-0.32782,0.80329,
1787040757166672896,0.65050,57.40439,0.10309,0.38130,-0.33284,-0.33455,0.79492,
1787040757333338112,0.38051,57.23923,0.06851,0.37646,-0.35112,-0.33134,0.79070,
1787040757533339136,0.05557,57.03844,0.04906,0.37631,-0.33059,-0.33469,0.79818,
1787040757700012032,-0.19642,56.86951,0.08640,0.36854,-0.33845,-0.34441,0.79436,
1787040757800005888,-0.32388,56.77020,0.08387,0.37194,-0.32692,-0.33879,0.80000,
1787040758000005888,-0.59945,56.56235,0.04776,0.37219,-0.31997,-0.33345,0.80493,
1787040758266673152,-0.96898,56.32044,0.09994,0.43969,-0.37878,-0.33233,0.74348,
1787040758566672128,-1.43821,56.08902,0.04901,0.52126,-0.40480,-0.29558,0.69069,
1787040758733339904,-1.69183,56.00053,0.07426,0.51854,-0.41335,-0.29923,0.68609,
1787040758933340160,-1.93756,55.93419,0.08930,0.57038,-0.41531,-0.27011,0.65515,
1787040759133338880,-2.22513,55.87002,0.06621,0.63924,-0.41142,-0.20900,0.61516,
1787040759300007168,-2.49720,55.83354,0.08045,0.68105,-0.44345,-0.17534,0.55569,
1787040759433340160,-2.68390,55.86087,0.08604,0.71053,-0.48543,-0.17025,0.48012,
1787040759633337856,-2.98977,55.91851,0.03439,0.74841,-0.50369,-0.13122,0.41106,
1787040759800005888,-3.21511,56.01678,0.04205,0.77809,-0.48820,-0.11230,0.37898,
1787040760000006912,-3.46294,56.16290,0.08786,0.81659,-0.48201,-0.07935,0.30749,
1787040760200005888,-3.72782,56.34251,0.06801,0.84287,-0.47669,-0.04289,0.24595,
1787040760366672896,-3.90330,56.53012,0.08460,0.85454,-0.48354,0.01101,0.18930,
1787040760566673152,-4.05028,56.79142,0.10378,0.86146,-0.49947,0.05754,0.07148,
1787040760666673920,-4.10692,56.92800,0.08106,0.86771,-0.48467,0.11030,0.00189,
1787040760933340160,-4.21944,57.31486,0.11060,0.84795,-0.47864,0.19190,-0.12273,
1787040761033339136,-4.24747,57.44387,0.13339,0.84297,-0.47047,0.20865,-0.15659,
1787040761433339136,-4.29176,58.01676,0.13339,0.82677,-0.42645,0.28246,-0.23412,
1787040761533339136,-4.26466,58.14808,0.16640,0.80993,-0.43586,0.29174,-0.26255,
1787040761933340160,-4.03219,58.62238,0.13109,0.81406,-0.42072,0.28487,-0.28133,
1787040762200007936,-3.87355,58.94879,0.16663,0.81164,-0.42031,0.26832,-0.30427,
1787040762300005888,-3.80238,59.07503,0.14381,0.81335,-0.41323,0.26008,-0.31632,
1787040762433341952,-3.70109,59.26289,0.13083,0.81799,-0.39416,0.26334,-0.32586,
1787040762600006144,-3.54441,59.50408,0.17010,0.79166,-0.42018,0.28528,-0.33961,
1787040762766671872,-3.36967,59.68898,0.16074,0.77453,-0.42819,0.32655,-0.33184,
1787040762933337856,-3.18391,59.87419,0.11859,0.77467,-0.41698,0.34601,-0.32604,
1787040763100006144,-3.00526,60.07228,0.13805,0.79687,-0.40722,0.30848,-0.32249,
1787040763233339904,-2.86983,60.22655,0.16811,0.79191,-0.41363,0.31963,-0.31564,
1787040763500006912,-2.60184,60.56174,0.13346,0.80044,-0.39629,0.30314,-0.33220,
1787040763666672896,-2.40885,60.78345,0.15814,0.78867,-0.39358,0.33133,-0.33662,
1787040763866679808,-2.17691,61.00962,0.17535,0.77117,-0.39390,0.36111,-0.34603,
1787040764033339136,-1.97383,61.20876,0.14052,0.77616,-0.36785,0.36184,-0.36240,
1787040764233339904,-1.74295,61.43918,0.15710,0.79461,-0.33942,0.32366,-0.38552,
1787040764500005888,-1.42883,61.77769,0.15947,0.78918,-0.35956,0.32125,-0.38041,
1787040764666675968,-1.22771,61.96750,0.13042,0.78019,-0.36369,0.33829,-0.38026,
1787040764733339136,-1.12974,62.06361,0.13343,0.76870,-0.36788,0.35281,-0.38639,
1787040764933339136,-0.85708,62.27227,0.16293,0.73891,-0.38015,0.38930,-0.39742,
1787040765133341184,-0.59018,62.44209,0.12470,0.74114,-0.34978,0.39066,-0.41922,
1787040765333338880,-0.29840,62.61983,0.12902,0.74998,-0.33549,0.38595,-0.41954,
1787040765633339904,0.09197,62.89613,0.13961,0.73669,-0.34765,0.37564,-0.44195,
1787040765800005888,0.33563,63.07000,0.11482,0.74162,-0.32592,0.37311,-0.45229,
1787040765966676992,0.56457,63.21544,0.14056,0.74574,-0.29373,0.36480,-0.47384,
1787040766166675200,0.87394,63.37891,0.13579,0.75154,-0.30023,0.36151,-0.46299,
1787040766466672896,1.36496,63.60134,0.07539,0.77600,-0.31566,0.32355,-0.43989,
1787040766933339136,2.10752,63.95687,0.03029,0.75865,-0.33900,0.33511,-0.44411,
1787040767000005888,2.21507,64.00514,0.03325,0.75317,-0.33410,0.34228,-0.45161,
1787040767100006144,2.36817,64.06461,0.05354,0.74457,-0.33093,0.34586,-0.46529,
1787040767300005888,2.70687,64.18581,0.04908,0.72497,-0.30943,0.37727,-0.48614,
1787040767466671872,2.98795,64.27487,0.00968,0.71899,-0.30183,0.38037,-0.49726,
1787040767633339904,3.29265,64.36693,0.02682,0.70076,-0.31187,0.40316,-0.49913,
1787040767833338112,3.59279,64.44760,0.04553,0.66036,-0.31293,0.43534,-0.52581,
1787040768033339136,3.91409,64.51327,0.00330,0.62744,-0.26679,0.46516,-0.56460,
1787040768300007168,4.36353,64.54417,0.03908,0.55164,-0.21191,0.50606,-0.62824,
1787040768600007168,4.75906,64.44087,-0.00887,0.50099,-0.14440,0.49229,-0.69700,
1787040768800007168,5.00606,64.31885,0.00144,-0.48521,0.09543,-0.49148,0.71688,
1787040769033339904,5.28975,64.15872,-0.01420,-0.40476,0.06192,-0.52053,0.74926,
1787040769200005888,5.47438,64.01646,-0.05703,-0.32743,0.00418,-0.52347,0.78661,
1787040769366672896,5.64420,63.83731,-0.03820,-0.22566,-0.04121,-0.54656,0.80539,
1787040769533339136,5.77041,63.64050,-0.03961,-0.13598,-0.08658,-0.54899,0.82014,
1787040769600006144,5.81610,63.55836,-0.05591,-0.10297,-0.09939,-0.53552,0.83231,
1787040769833338880,5.92508,63.24752,-0.07022,-0.01796,-0.14749,-0.50720,0.84892,
1787040770000006912,5.97945,63.03416,-0.04165,0.05479,-0.16525,-0.49029,0.85400,
1787040770166672896,6.01373,62.81870,-0.06293,0.09167,-0.20772,-0.46775,0.85420,
1787040770333338880,6.01985,62.59635,-0.06460,0.14640,-0.24462,-0.42389,0.85967,
1787040770633339904,5.88152,62.21843,-0.05540,0.23174,-0.29885,-0.41143,0.82929,
1787040770900006912,5.63338,61.86766,-0.09421,0.20913,-0.30806,-0.47984,0.79443,
1787040771166671872,5.42895,61.53896,-0.06776,0.21772,-0.28239,-0.51112,0.78206,
1787040771300005888,5.31417,61.36997,-0.09065,0.22685,-0.27267,-0.49059,0.79593,
1787040771533339136,5.08821,61.11932,-0.06260,0.26578,-0.29953,-0.46518,0.78946,
1787040771666672896,4.94145,60.97633,-0.05317,0.29013,-0.32490,-0.44754,0.78101,
1787040771833342976,4.76362,60.80666,-0.09175,0.31797,-0.33070,-0.42358,0.78110,
1787040771966674176,4.61647,60.64562,-0.09938,0.32600,-0.31007,-0.43015,0.78266,
1787040772200005888,4.39402,60.36113,-0.04847,0.32018,-0.25941,-0.44731,0.79379,
1787040772266673152,4.33292,60.28035,-0.05624,0.31677,-0.24677,-0.45113,0.79702,
1787040772400006144,4.18432,60.10922,-0.08771,0.30465,-0.23520,-0.46012,0.80010,
1787040772633338880,3.93795,59.81202,-0.06533,0.29637,-0.22539,-0.47397,0.79794,
1787040772800004864,3.74522,59.63080,-0.05177,0.30040,-0.24065,-0.46181,0.79911,
1787040772966671872,3.55375,59.46613,-0.08814,0.32543,-0.25478,-0.44400,0.79501,
1787040773266673920,3.20427,59.18261,-0.04728,0.32805,-0.28115,-0.42764,0.79402,
1787040773366672896,3.10226,59.10014,-0.04948,0.33172,-0.29044,-0.41127,0.79778,
1787040773733339136,2.66845,58.70256,-0.04685,0.34214,-0.29861,-0.39493,0.79862,
1787040773800005888,2.59109,58.65138,-0.02993,0.34759,-0.30878,-0.39359,0.79305,
1787040773900007936,2.45895,58.56019,-0.03179,0.34662,-0.31819,-0.37827,0.79720,
1787040774033339136,2.26813,58.41384,-0.06230,0.35956,-0.31160,-0.35619,0.80421,
1787040774333338880,1.86758,58.10183,-0.03531,0.35067,-0.30061,-0.36476,0.80846,
1787040774566673152,1.59033,57.83818,-0.06521,0.36157,-0.27542,-0.34573,0.82090,
1787040774733339904,1.39441,57.65759,-0.06584,0.36658,-0.27546,-0.32741,0.82616,
1787040774933342976,1.12848,57.45566,-0.02759,0.37302,-0.29645,-0.34457,0.80886,
1787040775133338880,0.85855,57.28912,-0.07040,0.37759,-0.30342,-0.31770,0.81513,
1787040775500006912,0.33066,56.91206,-0.02522,0.36424,-0.28178,-0.33828,0.82067,
1787040775700006912,0.05654,56.69358,-0.05690,0.35405,-0.25777,-0.33770,0.83317,
1787040775866672128,-0.20871,56.50557,-0.05146,0.34715,-0.26677,-0.33273,0.83523,
1787040776166672896,-0.66697,56.25276,-0.04252,0.32365,-0.30653,-0.33711,0.82925,
1787040776266673152,-0.82893,56.16356,-0.06502,0.31737,-0.30273,-0.32769,0.83681,
1787040776500006912,-1.19745,55.93316,-0.03064,0.29341,-0.29539,-0.35070,0.83884,
1787040776633338880,-1.37435,55.78936,-0.02649,0.29592,-0.28675,-0.39784,0.81971,
1787040776866672896,-1.71862,55.53096,-0.06918,0.29102,-0.28209,-0.40395,0.82009,
1787040777033344000,-1.96953,55.36266,-0.02613,0.30712,-0.28551,-0.40874,0.81061,
1787040777166673920,-2.18344,55.25517,-0.01115,0.30826,-0.30704,-0.39191,0.81062,
1787040777433339136,-2.63277,55.01468,-0.05163,0.31439,-0.30171,-0.35385,0.82760,
1787040777533338112,-2.79445,54.90831,-0.03665,0.31183,-0.29167,-0.35553,0.83144,
1787040777800007168,-3.18779,54.61226,-0.02182,0.31827,-0.28079,-0.38159,0.82113,
1787040777966676992,-3.42793,54.44398,-0.05445,0.31298,-0.27316,-0.36425,0.83351,
1787040778166673920,-3.74684,54.24366,-0.00682,0.30986,-0.28133,-0.37560,0.82690,
1787040778433339136,-4.15428,54.04653,-0.05638,0.31136,-0.30324,-0.35292,0.82858,
1787040778533339136,-4.31993,53.95736,-0.07176,0.30943,-0.29294,-0.34732,0.83535,
1787040778700005888,-4.55998,53.81396,-0.03768,0.32172,-0.29455,-0.34683,0.83033,
1787040778833338880,-4.75224,53.66395,-0.02838,0.34832,-0.27812,-0.35417,0.82213,
1787040779200005888,-5.27100,53.29519,-0.04768,0.34576,-0.25780,-0.34472,0.83376,
1787040779500005888,-5.75964,53.08772,-0.06002,0.30713,-0.30782,-0.33705,0.83505,
1787040779566673152,-5.86977,53.03895,-0.07549,0.29441,-0.30069,-0.33720,0.84214,
1787040779866673920,-6.34752,52.76571,-0.03165,0.17838,-0.26489,-0.38916,0.86404,
1787040780066672128,-6.63964,52.58202,-0.07183,0.14921,-0.25124,-0.39787,0.86966,
1787040780200005888,-6.84015,52.46391,-0.08161,0.15232,-0.25496,-0.40907,0.86282,
1787040780333339904,-7.06045,52.33829,-0.04925,0.19336,-0.26144,-0.42534,0.84460,
1787040780600006144,-7.45078,52.14682,-0.05992,0.11353,-0.19603,-0.42548,0.87616,
1787040780800007168,-7.75221,52.02489,-0.07003,0.11453,-0.15029,-0.40301,0.89548,
1787040781000005888,-8.05146,51.88592,-0.02470,0.11764,-0.15176,-0.40654,0.89323,
1787040781366673920,-8.59037,51.65705,-0.05448,0.29801,-0.21956,-0.36331,0.85498,
1787040781533339904,-8.87959,51.55159,-0.01339,0.33575,-0.27291,-0.35723,0.82776,
1787040781833338112,-9.37212,51.38361,-0.04581,0.40585,-0.28584,-0.31937,0.80721,
1787040781966672896,-9.58813,51.29833,-0.01842,0.41096,-0.27491,-0.31140,0.81152,
1787040782166673920,-9.86980,51.16522,0.01433,0.40481,-0.26177,-0.32615,0.81316,
1787040782300007936,-10.07441,51.06863,-0.01068,0.41387,-0.25437,-0.31987,0.81344,
1787040782433339136,-10.27302,50.97675,-0.01390,0.43271,-0.27110,-0.31401,0.80041,
1787040782633338880,-10.63614,50.82673,0.02682,0.42840,-0.34324,-0.37812,0.74544,
1787040782766673152,-10.86057,50.74208,0.00608,0.43777,-0.35812,-0.35451,0.74460,
1787040783000008192,-11.22185,50.60236,-0.00317,0.46579,-0.30270,-0.32514,0.76531,
1787040783133338880,-11.42472,50.51376,0.03808,0.46170,-0.30528,-0.33928,0.76061,
1787040783300007168,-11.65338,50.40443,0.02581,0.47221,-0.28441,-0.33809,0.76277,
1787040783566673920,-12.06101,50.21788,0.00283,0.52278,-0.32166,-0.32062,0.72141,
1787040783800007936,-12.41311,50.10323,0.02053,0.54469,-0.35835,-0.30259,0.69523,
1787040783866672896,-12.52669,50.06141,0.00185,0.54972,-0.35827,-0.29242,0.69566,
1787040784133338880,-12.95758,49.92097,-0.01458,0.54494,-0.34043,-0.29432,0.70747,
1787040784366672896,-13.30209,49.77880,0.00846,0.53056,-0.33894,-0.30769,0.71341,
1787040784533339904,-13.54694,49.67521,-0.02651,0.52648,-0.33251,-0.31079,0.71810,
1787040784666671872,-13.75243,49.59479,-0.01665,0.52666,-0.34184,-0.30287,0.71697,
1787040784833340928,-13.99813,49.52186,0.01954,0.52235,-0.36765,-0.31737,0.70090,
1787040785000008192,-14.26838,49.44800,-0.01401,0.50078,-0.36742,-0.30487,0.72200,
1787040785166671872,-14.52568,49.39073,-0.01952,0.48208,-0.34260,-0.30402,0.74685,
1787040785266676992,-14.68821,49.34934,0.00395,0.46791,-0.33057,-0.29861,0.76329,
1787040785566672128,-15.17134,49.17202,0.00230,0.44316,-0.31120,-0.32761,0.77423,
1787040785700009216,-15.37758,49.09239,-0.00437,0.43516,-0.30551,-0.31613,0.78572,
1787040785900006144,-15.67498,48.99844,0.04454,0.44920,-0.31368,-0.31644,0.77440,
1787040786333338880,-16.38667,48.77444,0.00271,0.45696,-0.29906,-0.28914,0.78622,
1787040786433339136,-16.54008,48.71283,0.02635,0.43581,-0.30859,-0.30733,0.78765,
1787040786800007168,-17.10380,48.46647,-0.02124,0.39458,-0.28303,-0.32658,0.81089,
1787040786866672128,-17.21525,48.42290,-0.01265,0.39066,-0.29224,-0.33190,0.80736,
1787040787233338112,-17.77207,48.25974,-0.02945,0.38064,-0.32943,-0.32756,0.79956,
1787040787366672896,-17.97535,48.20574,-0.03426,0.40925,-0.32085,-0.32143,0.79136,
1787040787600007936,-18.31455,48.08293,0.00568,0.45342,-0.32647,-0.31788,0.76602,
1787040787733338112,-18.49352,47.99958,-0.01433,0.47332,-0.30946,-0.31777,0.76107,
1787040787933339136,-18.79037,47.85125,-0.03885,0.48682,-0.29699,-0.30179,0.76402,
1787040788066673152,-18.97628,47.77381,-0.01023,0.49878,-0.29648,-0.31052,0.75292,
1787040788533339136,-19.71228,47.57201,-0.05666,0.49423,-0.31672,-0.29626,0.75343,
1787040788666671872,-19.92178,47.50517,-0.01950,0.46757,-0.32353,-0.31133,0.76144,
1787040788733339136,-20.00976,47.47794,-0.00784,0.45454,-0.32276,-0.32323,0.76469,
1787040788833338112,-20.15669,47.42629,-0.01498,0.44360,-0.31354,-0.33745,0.76879,
1787040788966672896,-20.37280,47.35332,-0.04196,0.41748,-0.30880,-0.34431,0.78218,
1787040789200009984,-20.73107,47.25695,-0.00869,0.37721,-0.30925,-0.35385,0.79804,
1787040789400005120,-21.05570,47.20594,-0.02091,0.37330,-0.35343,-0.34666,0.78457,
1787040789666672896,-21.49857,47.15015,-0.04335,0.41106,-0.38709,-0.36167,0.74188,
1787040789766673152,-21.65476,47.11811,-0.01581,0.42352,-0.39756,-0.36529,0.72742,
1787040790200006912,-22.32143,46.93090,-0.03102,0.46269,-0.35714,-0.34535,0.73424,
1787040790266673152,-22.42424,46.90659,-0.01896,0.46793,-0.35578,-0.33585,0.73598,
1787040790500005888,-22.76705,46.87677,0.00309,0.45805,-0.38729,-0.31651,0.73486,
1787040790600006144,-22.92518,46.86256,-0.02056,0.46602,-0.37961,-0.29856,0.74134,
1787040791066673920,-23.66561,46.76444,0.02921,0.47061,-0.33528,-0.30743,0.75604,
1787040791233339136,-23.96184,46.69788,-0.00677,0.46388,-0.32249,-0.30367,0.76721,
1787040791433337856,-24.29003,46.63474,0.01844,0.45214,-0.32365,-0.30857,0.77176,
1787040791500006912,-24.41055,46.60598,0.02777,0.43801,-0.33849,-0.32641,0.76618,
1787040791666672896,-24.67124,46.56448,-0.00185,0.41986,-0.34338,-0.31636,0.77828,
1787040791900006144,-25.02252,46.48890,-0.01851,0.36782,-0.30274,-0.32500,0.81697,
1787040792066673152,-25.30239,46.38742,0.01604,0.31395,-0.30721,-0.36250,0.82198,
1787040792500006912,-26.01306,46.11107,0.00317,0.28483,-0.28454,-0.38833,0.82892,
1787040792566673152,-26.09017,46.08912,0.01126,0.27401,-0.29562,-0.38886,0.82844,
1787040792700006912,-26.28479,46.02860,0.00020,0.25513,-0.29309,-0.37502,0.84165,
1787040792766673152,-26.36268,46.00108,-0.01511,0.24199,-0.28182,-0.36675,0.85294,
1787040793100006144,-26.85193,45.79072,0.01162,0.15862,-0.25464,-0.38991,0.87062,
1787040793233339904,-26.98394,45.74362,0.07085,0.16039,-0.22263,-0.39795,0.87541,
1787040793400007936,-27.21660,45.61944,0.00270,0.19540,-0.21988,-0.39200,0.87167,
1787040793733339136,-27.65704,45.44161,0.02382,0.34877,-0.29440,-0.37567,0.80657,
1787040794000006912,-28.02322,45.32323,-0.01867,0.41838,-0.29224,-0.33230,0.79318,
1787040794066672128,-28.11188,45.29585,-0.00762,0.42799,-0.29304,-0.32401,0.79119,
1787040794500005120,-28.70682,45.01677,-0.02425,0.48101,-0.28642,-0.31813,0.76511,
1787040794566672128,-28.79227,44.98176,-0.02418,0.48677,-0.29315,-0.30988,0.76229,
1787040794766671872,-29.06039,44.91352,0.01329,0.51159,-0.32629,-0.30864,0.73250,
1787040794933339136,-29.29247,44.88344,-0.01829,0.53185,-0.34689,-0.28726,0.71714,
1787040795133337856,-29.59912,44.84394,-0.03703,0.55022,-0.32981,-0.27410,0.71648,
1787040795266671872,-29.77840,44.81709,0.00403,0.55213,-0.33659,-0.27825,0.71024,
1787040795400006144,-29.95672,44.77730,0.01093,0.56233,-0.31964,-0.28220,0.70851,
1787040795633338880,-30.29097,44.71882,-0.02977,0.56957,-0.31017,-0.27189,0.71096,
1787040795700007936,-30.40385,44.70653,-0.01755,0.57137,-0.31960,-0.27123,0.70557,
1787040795833338880,-30.58844,44.70162,0.01862,0.57657,-0.33034,-0.26950,0.69701,
1787040796033339136,-30.86548,44.71107,-0.01190,0.58177,-0.33965,-0.24191,0.69833,
1787040796333338880,-31.35024,44.69572,-0.00770,0.57249,-0.32854,-0.23124,0.71473,
1787040796600007168,-31.78973,44.62062,-0.03668,0.55921,-0.32950,-0.28253,0.70633,
1787040796766673920,-32.06435,44.58092,-0.04008,0.54976,-0.33275,-0.28774,0.71010,
1787040797033339136,-32.47902,44.58333,0.00040,0.54566,-0.36809,-0.28073,0.69854,
1787040797366672896,-33.00742,44.61357,-0.01135,0.54933,-0.35832,-0.26065,0.70845,
1787040797433339136,-33.11259,44.60671,0.01048,0.54155,-0.36910,-0.27082,0.70509,
1787040797633338880,-33.41524,44.58133,0.00464,0.54452,-0.34775,-0.28760,0.70700,
1787040797900006144,-33.79912,44.57444,0.01314,0.54565,-0.35459,-0.28970,0.70185,
1787040797966672896,-33.90243,44.58286,0.03663,0.54329,-0.36374,-0.29878,0.69517,
1787040798433339136,-34.59299,44.67262,0.03523,0.53069,-0.37650,-0.28427,0.70414,
1787040798500005888,-34.70355,44.67100,0.06374,0.51908,-0.38680,-0.29298,0.70364,
1787040798633338880,-34.90210,44.65641,0.07687,0.51927,-0.36346,-0.31415,0.70680,
1787040798866672128,-35.27742,44.64484,0.04947,0.52902,-0.36354,-0.31043,0.70115,
1787040798933337856,-35.38942,44.64040,0.06162,0.53647,-0.37125,-0.30822,0.69237,
1787040799066672128,-35.60325,44.64503,0.09546,0.53953,-0.39058,-0.30906,0.67885,
1787040799466672896,-36.22760,44.68466,0.05437,0.54932,-0.39599,-0.29875,0.67245,
1787040799533339136,-36.34435,44.67544,0.06442,0.53682,-0.41525,-0.31560,0.66317,
1787040799600007936,-36.43875,44.66951,0.08077,0.52639,-0.43274,-0.33213,0.65218,
1787040799733339136,-36.64939,44.64915,0.07575,0.53172,-0.41514,-0.34384,0.65323,
1787040800066673152,-37.17019,44.62785,0.08280,0.51538,-0.39344,-0.30643,0.69691,
1787040800200006912,-37.35556,44.64366,0.10591,0.48980,-0.39639,-0.30179,0.71547,
1787040800433340160,-37.71234,44.66466,0.05841,0.47057,-0.37712,-0.30817,0.73579,
1787040800600008960,-37.98539,44.66448,0.08350,0.49907,-0.36192,-0.31642,0.72099,
1787040800900006144,-38.47489,44.61469,0.07379,0.52862,-0.35857,-0.32435,0.69770,
1787040801033339136,-38.70938,44.57569,0.07856,0.53967,-0.36343,-0.30973,0.69336,
1787040801166672896,-38.90150,44.58442,0.10590,0.54045,-0.37949,-0.32934,0.67486,
1787040801300005888,-39.07969,44.58744,0.11247,0.54857,-0.39613,-0.31174,0.66706,
1787040801433339136,-39.27134,44.58768,0.08565,0.55949,-0.39466,-0.29589,0.66608,
1787040801566673152,-39.46045,44.58837,0.07994,0.56641,-0.37603,-0.29483,0.67146,
1787040801866673920,-39.89348,44.54780,0.10875,0.56747,-0.35957,-0.31255,0.67156,
1787040802100006144,-40.24467,44.51173,0.07082,0.57308,-0.35814,-0.30572,0.67071,
1787040802200006912,-40.38633,44.50954,0.08621,0.57913,-0.36393,-0.30645,0.66201,
1787040802266673152,-40.49132,44.51360,0.10117,0.58233,-0.37677,-0.30492,0.65266,
1787040802466672896,-40.77956,44.52957,0.07740,0.60769,-0.39764,-0.26690,0.63353,
1787040802666673920,-41.06703,44.53903,0.05791,0.63733,-0.38572,-0.25805,0.61517,
1787040802833338880,-41.33080,44.52957,0.09664,0.62959,-0.39726,-0.26779,0.61162,
1787040803100007168,-41.72492,44.49921,0.05517,0.64939,-0.38625,-0.26672,0.59831,
1787040803533339136,-42.36794,44.52205,0.07789,0.66788,-0.41659,-0.24157,0.56748,
1787040803700005888,-42.60724,44.55327,0.06076,0.66991,-0.40436,-0.24045,0.57437,
1787040803766673920,-42.70145,44.56368,0.06842,0.66460,-0.39802,-0.24606,0.58253,
1787040804133339904,-43.28977,44.55861,0.06581,0.63894,-0.38505,-0.28587,0.60147,
1787040804266673152,-43.51933,44.55048,0.06577,0.62849,-0.38926,-0.28841,0.60853,
1787040804600011008,-44.03132,44.58344,0.08223,0.62096,-0.40311,-0.28641,0.60818,
1787040804666675968,-44.16494,44.58678,0.06745,0.62033,-0.39538,-0.27972,0.61695,
1787040804833338880,-44.44550,44.59933,0.06511,0.60235,-0.38293,-0.30053,0.63263,
1787040804900006912,-44.54480,44.59678,0.08473,0.59426,-0.37484,-0.30228,0.64418,
1787040805066673152,-44.79932,44.58080,0.10240,0.56513,-0.36634,-0.32381,0.66451,
1787040805200009216,-45.02139,44.55935,0.06910,0.54029,-0.34978,-0.33535,0.68795,
1787040805400006144,-45.33919,44.53316,0.06404,0.50935,-0.35984,-0.34175,0.70306,
1787040805466674176,-45.43123,44.53132,0.07951,0.50737,-0.36179,-0.35591,0.69643,
1787040805633338880,-45.68906,44.53912,0.08436,0.49823,-0.37511,-0.35042,0.69876,
1787040805933340160,-46.17335,44.56114,0.05778,0.52728,-0.37598,-0.32360,0.68985,
1787040806133338880,-46.42296,44.59833,0.12447,0.53778,-0.41942,-0.32237,0.65647,
1787040806400006144,-46.97158,44.56916,0.09510,0.57728,-0.40752,-0.29694,0.64227,
1787040806733338112,-47.46860,44.60144,0.13129,0.60869,-0.44397,-0.28115,0.59442,
1787040806900005120,-47.69355,44.64024,0.09926,0.65257,-0.43434,-0.25404,0.56653,
1787040807333338880,-48.33887,44.67259,0.11750,0.70077,-0.42858,-0.27372,0.50032,
1787040807466672896,-48.55152,44.68014,0.10189,0.70191,-0.42649,-0.26104,0.50723,
1787040807700005888,-48.89024,44.73507,0.14120,0.70434,-0.45128,-0.23979,0.49271,
1787040807900006144,-49.16799,44.78940,0.10788,0.70011,-0.45181,-0.22848,0.50350,
1787040808033339136,-49.37731,44.83337,0.08789,0.69816,-0.43816,-0.23244,0.51629,
1787040808166671872,-49.52388,44.89002,0.11132,0.69323,-0.43022,-0.23418,0.52868,
1787040808233339136,-49.62116,44.92053,0.12638,0.68385,-0.44414,-0.24290,0.52544,
1787040808366672896,-49.81249,44.96084,0.12235,0.69362,-0.44619,-0.24074,0.51172,
1787040808500005888,-50.00024,45.00426,0.09406,0.71966,-0.43530,-0.22215,0.49320,
1787040808733339136,-50.39647,45.06310,0.11827,0.75167,-0.43139,-0.20061,0.45677,
1787040808866672896,-50.59997,45.10555,0.13070,0.75202,-0.44364,-0.19538,0.44663,
1787040809233339136,-51.16478,45.23701,0.08689,0.73638,-0.43868,-0.20453,0.47273,
1787040809500005888,-51.60659,45.32018,0.08525,0.68759,-0.47607,-0.23695,0.49440,
1787040809700005888,-51.94544,45.36914,0.05168,0.67490,-0.48632,-0.23305,0.50367,
1787040809833339904,-52.16374,45.41131,0.07901,0.66889,-0.49884,-0.24493,0.49372,
1787040810100007168,-52.57206,45.51657,0.05653,0.66694,-0.51283,-0.22608,0.49100,
1787040810233339136,-52.79652,45.56869,0.04488,0.66866,-0.49899,-0.22912,0.50140,
1787040810566672128,-53.37001,45.65101,0.07951,0.66424,-0.49332,-0.25715,0.49930,
1787040810800005888,-53.72225,45.70247,0.04966,0.66945,-0.50100,-0.24661,0.48991,
1787040810866672896,-53.83497,45.71650,0.06790,0.66460,-0.50782,-0.25959,0.48275,
1787040810933339136,-53.94159,45.73784,0.09091,0.65725,-0.51506,-0.27115,0.47876,
1787040811066675968,-54.12235,45.79579,0.09827,0.65090,-0.52646,-0.26063,0.48087,
1787040811200006912,-54.30576,45.86046,0.07348,0.65500,-0.52692,-0.24740,0.48179,
1787040811466672896,-54.64859,45.98364,0.10298,0.64626,-0.53768,-0.25118,0.47975,
1787040811633338880,-54.86462,46.04001,0.10747,0.65560,-0.53298,-0.24868,0.47359,
1787040811833338112,-55.18539,46.11352,0.08440,0.68032,-0.52357,-0.22337,0.46168,
1787040811933339136,-55.31503,46.15755,0.09597,0.69429,-0.52535,-0.20748,0.44600,
1787040812200005888,-55.72367,46.31026,0.09501,0.69107,-0.56654,-0.18622,0.40837,
1787040812266673152,-55.83803,46.35098,0.07706,0.69577,-0.56666,-0.17815,0.40380,
1787040812566673152,-56.19684,46.54545,0.11145,0.71716,-0.58226,-0.13505,0.35836,
1787040812766673920,-56.37655,46.66412,0.12754,0.77919,-0.54844,-0.06469,0.29646,
1787040812966674176,-56.54534,46.79527,0.11391,0.82887,-0.51513,0.01603,0.21760,
1787040813133338880,-56.68728,46.93945,0.15082,0.84754,-0.50764,0.05185,0.14591,
1787040813333338880,-56.84639,47.14889,0.14253,0.86925,-0.48033,0.08798,0.07715,
1787040813466672896,-56.92190,47.31605,0.14629,0.87874,-0.46565,0.09595,0.04224,
1787040813600008960,-56.97663,47.48979,0.17474,0.87962,-0.46252,0.11070,0.00990,
1787040813733339136,-57.01329,47.66471,0.19148,0.88016,-0.46133,0.11144,-0.00903,
1787040813866672128,-57.04549,47.86248,0.17290,0.88278,-0.45465,0.11503,-0.02754,
1787040814000008192,-57.06943,48.08324,0.15678,0.88278,-0.44968,0.13015,-0.03939,
1787040814066672128,-57.08012,48.20371,0.16598,0.87931,-0.45073,0.14529,-0.05049,
1787040814200005888,-57.07100,48.43468,0.18861,0.85180,-0.49299,0.16182,-0.07214,
1787040814466672896,-57.01126,48.87701,0.13690,0.83932,-0.50102,0.18767,-0.09644,
1787040814566673152,-56.98677,49.06336,0.13104,0.84190,-0.50188,0.17445,-0.09431,
1787040814633338880,-56.97055,49.18835,0.13676,0.84292,-0.50728,0.15641,-0.08775,
1787040814833338112,-56.92859,49.55394,0.16621,0.82888,-0.53233,0.15306,-0.07847,
1787040815033339136,-56.88924,49.91529,0.12376,0.83759,-0.51933,0.14854,-0.08174,
1787040815200006912,-56.85976,50.22712,0.15692,0.85547,-0.48333,0.15909,-0.09619,
1787040815500006912,-56.78703,50.75193,0.16508,0.86356,-0.46941,0.16425,-0.08331,
1787040815600006144,-56.79572,50.97631,0.16282,0.87656,-0.45137,0.14866,-0.07617,
1787040816100006144,-56.75923,51.90691,0.18120,0.88138,-0.45831,0.11029,-0.03104,
1787040816300005888,-56.76739,52.31063,0.22150,0.87910,-0.45997,0.11892,-0.03837,
1787040816533339136,-56.72914,52.78358,0.20224,0.86739,-0.47509,0.14121,-0.04460,
1787040816666672896,-56.69968,53.00523,0.16888,0.87474,-0.46328,0.13709,-0.03760,
1787040816866672896,-56.69165,53.38073,0.20833,0.86302,-0.49201,0.11451,0.00119,
1787040817000008960,-56.71421,53.64390,0.22017,0.86624,-0.49261,0.08216,0.01479,
1787040817266674944,-56.74604,54.20505,0.17815,0.86869,-0.49082,0.05811,0.03311,
1787040817333339904,-56.74785,54.33174,0.19428,0.85905,-0.50717,0.06362,0.02752,
1787040817533340928,-56.73162,54.70671,0.22329,0.84279,-0.53037,0.08802,0.02578,
1787040817600006144,-56.72825,54.82801,0.20868,0.84702,-0.52156,0.09952,0.02501,
1787040817800005888,-56.72433,55.22164,0.18439,0.86333,-0.49494,0.09065,0.03849,
1787040817966671872,-56.73758,55.54236,0.22500,0.85722,-0.50593,0.08107,0.05144,
1787040818233339904,-56.78514,56.08564,0.17331,0.85670,-0.50870,0.07790,0.03508,
1787040818366672896,-56.81259,56.33865,0.18240,0.84480,-0.52536,0.09952,0.02020,
1787040818633339904,-56.83896,56.87762,0.19746,0.85230,-0.50672,0.12932,-0.01011,
1787040818900006912,-56.85093,57.36786,0.18031,0.87288,-0.47415,0.11346,-0.01975,
1787040819033339136,-56.88609,57.63412,0.21998,0.86673,-0.48745,0.10517,-0.01005,
1787040819100006144,-56.90837,57.75238,0.22504,0.87262,-0.47944,0.09279,-0.00778,
1787040819466671872,-57.01838,58.47597,0.20002,0.87194,-0.48204,0.08543,0.00751,
1787040819533339136,-57.03956,58.61505,0.21882,0.85958,-0.50489,0.07777,0.01314,
1787040819633337856,-57.05325,58.79168,0.22245,0.85465,-0.51139,0.08495,0.02900,
1787040819766671872,-57.07853,59.05082,0.18412,0.86135,-0.49780,0.08972,0.04711,
1787040819833338880,-57.09297,59.16810,0.16981,0.86605,-0.48975,0.08419,0.05490,
1787040820033339136,-57.13007,59.51196,0.19806,0.86881,-0.48378,0.06541,0.08275,
1787040820300007168,-57.23815,59.96721,0.19770,0.87835,-0.47077,0.02760,0.07817,
1787040820466672896,-57.29758,60.23461,0.18758,0.88537,-0.45875,0.04822,0.05788,
1787040820766671872,-57.40521,60.72523,0.22707,0.89399,-0.44373,0.05020,0.03691,
1787040820900006912,-57.45497,60.93451,0.19386,0.90082,-0.42821,0.04693,0.05441,
1787040821000008192,-57.49591,61.09468,0.18761,0.89833,-0.43233,0.03719,0.06859,
1787040821233338112,-57.63203,61.46531,0.20716,0.85575,-0.49737,-0.00995,0.14216,
1787040821333338880,-57.70491,61.63583,0.18658,0.84094,-0.51072,-0.02975,0.17637,
1787040821633338880,-58.13560,62.39221,0.15819,0.82041,-0.53035,-0.04527,0.20883,
1787040821700006912,-58.08607,62.36288,0.18804,0.81267,-0.53852,-0.05000,0.21695,
1787040821866672128,-58.15090,62.57986,0.18442,0.80399,-0.53007,-0.04595,0.26554,
1787040822033339136,-58.33481,62.89933,0.15138,0.80820,-0.48008,-0.06430,0.33496,
1787040822200005888,-58.50334,63.17575,0.17503,0.79987,-0.44438,-0.10122,0.39051,
1787040822433339136,-58.75608,63.48697,0.17484,0.76977,-0.45323,-0.15171,0.42310,
1787040822666671872,-59.03043,63.77960,0.15250,0.76289,-0.43543,-0.14674,0.45483,
1787040822766671872,-59.13158,63.86849,0.17636,0.75902,-0.42582,-0.15784,0.46653,
1787040822933339136,-59.30820,64.01324,0.18022,0.73036,-0.42943,-0.16766,0.50404,
1787040823166672896,-59.61780,64.22210,0.13473,0.69625,-0.42499,-0.20665,0.54029,
1787040823400007936,-59.94196,64.33943,0.15857,0.62756,-0.44333,-0.28643,0.57235,
1787040823633339904,-60.34300,64.41753,0.09767,0.58445,-0.44991,-0.36415,0.56868,
1787040823800005888,-60.62751,64.45444,0.11257,0.56529,-0.45793,-0.38796,0.56589,
1787040824133338880,-61.17115,64.51282,0.10075,0.48407,-0.45672,-0.42985,0.61017,
1787040824266673152,-61.43605,64.51173,0.09519,0.44240,-0.41987,-0.43559,0.66201,
1787040824500008192,-61.76604,64.48190,0.12129,0.37879,-0.41572,-0.49130,0.66508,
1787040824766671872,-62.23687,64.40028,0.07398,0.35788,-0.39754,-0.51498,0.66983,
1787040824900007936,-62.46165,64.35314,0.09655,0.34841,-0.40016,-0.50895,0.67782,
1787040825033339136,-62.66659,64.31292,0.11757,0.33097,-0.40278,-0.50791,0.68575,
1787040825300004864,-63.09234,64.20551,0.07401,0.31407,-0.37879,-0.50760,0.70726,
1787040825366672896,-63.18951,64.17092,0.07976,0.30823,-0.36249,-0.51338,0.71417,
1787040825500005888,-63.38898,64.07650,0.10918,0.27940,-0.34779,-0.53841,0.71491,
1787040825633339904,-63.56148,63.97816,0.11031,0.24184,-0.32879,-0.54050,0.73571,
1787040825766671872,-63.73840,63.86070,0.08213,0.22289,-0.30932,-0.53891,0.75114,
1787040825900006144,-63.91919,63.71877,0.08265,0.20223,-0.30398,-0.55741,0.74565,
1787040826033339136,-64.09537,63.59252,0.11439,0.18049,-0.30036,-0.56574,0.74642,
1787040826166672896,-64.27562,63.47680,0.11469,0.16294,-0.30927,-0.56306,0.74885,
1787040826366672896,-64.54345,63.29125,0.07615,0.12669,-0.27602,-0.55027,0.77780,
1787040826633338880,-64.86485,63.01655,0.13133,0.04848,-0.21304,-0.55446,0.80302,
1787040826933339136,-65.20544,62.67543,0.09209,0.02770,-0.17211,-0.53672,0.82556,
1787040827300004864,-65.61220,62.22885,0.09564,0.05372,-0.19638,-0.57510,0.79235,
1787040827466671872,-65.79859,61.99231,0.05391,0.05288,-0.18222,-0.57980,0.79236,
1787040827833338112,-66.09390,61.40499,0.09763,-0.03697,-0.09150,-0.60266,0.79188,
1787040827900006144,-66.14132,61.28361,0.07530,-0.06015,-0.07995,-0.59569,0.79696,
1787040828233338112,-66.33043,60.70837,0.11461,-0.12521,-0.05058,-0.57754,0.80512,
1787040828366675968,-66.39527,60.46775,0.10434,-0.15002,-0.04613,-0.57515,0.80285,
1787040828500005888,-66.44559,60.24960,0.06970,-0.17218,-0.03846,-0.56835,0.80365,
1787040828566672128,-66.46534,60.13718,0.06442,-0.18627,-0.03136,-0.56384,0.80399,
1787040828800007168,-66.48740,59.73270,0.10767,-0.21934,-0.00747,-0.56349,0.79644,
1787040829066672128,-66.42685,59.25971,0.05573,-0.22718,0.01843,-0.54520,0.80672,
1787040829266671872,-66.35953,58.95169,0.08299,-0.20496,0.02051,-0.55334,0.80709,
1787040829366672896,-66.31361,58.83220,0.09339,-0.19332,0.00779,-0.55610,0.80828,
1787040829633337856,-66.16836,58.42755,0.04285,-0.19979,0.01206,-0.55677,0.80619,
1787040829933337856,-65.93590,58.09961,0.07408,-0.24360,0.06400,-0.58530,0.77070,
1787040830000008960,-65.88127,58.01295,0.06500,-0.25261,0.07535,-0.58177,0.76945,
1787040830333338880,-65.58306,57.55964,0.06353,-0.26667,0.07860,-0.54864,0.78848,
1787040830466672896,-65.48767,57.38779,0.07858,-0.28335,0.06552,-0.54621,0.78554,
1787040830633337856,-65.33772,57.14734,0.03722,-0.31394,0.05369,-0.52005,0.79253,
1787040830766673152,-65.21835,56.95430,0.01419,-0.34188,0.07225,-0.50954,0.78630,
1787040830966672896,-64.96409,56.63935,0.03524,-0.36361,0.11113,-0.52452,0.76179,
1787040831133339904,-64.69937,56.36597,-0.00865,-0.35824,0.12713,-0.52106,0.76420,
1787040831466672896,-64.32566,55.93078,0.00517,-0.31190,0.11208,-0.56927,0.75239,
1787040831633338880,-64.14064,55.69058,-0.02242,-0.29956,0.08992,-0.57393,0.75682,
1787040831800005888,-63.94816,55.45285,-0.06534,-0.30895,0.09914,-0.56629,0.75765,
1787040832033339136,-63.66749,55.15983,-0.03327,-0.32738,0.12397,-0.57673,0.73813,
1787040832166673920,-63.51808,55.00607,-0.05467,-0.33644,0.13505,-0.55269,0.75040,
1787040832433340160,-63.17618,54.67374,-0.09077,-0.32571,0.11548,-0.54982,0.76044,
1787040832533339136,-63.06655,54.54552,-0.07428,-0.31300,0.11351,-0.56799,0.75269,
1787040832766673152,-62.83075,54.24802,-0.10857,-0.30445,0.08908,-0.56149,0.76427,
1787040832900006144,-62.70753,54.07376,-0.11980,-0.30927,0.09500,-0.55362,0.76736,
1787040833166672896,-62.45310,53.77092,-0.07998,-0.30313,0.11231,-0.56404,0.75984,
1787040833300005888,-62.33622,53.61240,-0.10701,-0.28615,0.09528,-0.54520,0.78218,
1787040833533338112,-62.07822,53.30198,-0.10209,-0.24220,0.04328,-0.53841,0.80596,
1787040833766673152,-61.88743,53.02122,-0.09548,-0.23632,0.01767,-0.55635,0.79644,
1787040833933339136,-61.71541,52.76403,-0.13476,-0.24343,0.01124,-0.55453,0.79568,
1787040834066673152,-61.58427,52.56236,-0.11832,-0.26043,0.02717,-0.55661,0.78843,
1787040834400006144,-61.21506,52.10507,-0.13533,-0.25487,0.04770,-0.58567,0.76796,
1787040834466671104,-61.14843,52.01712,-0.14452,-0.25232,0.03566,-0.58151,0.77260,
1787040834600006144,-60.98280,51.81513,-0.12899,-0.23754,0.02954,-0.58315,0.77629,
1787040834833338880,-60.80382,51.50313,-0.11934,-0.22155,0.00696,-0.60850,0.76196,
1787040834900006912,-60.76980,51.42475,-0.13265,-0.22061,-0.00085,-0.58974,0.77688,
1787040835166672896,-60.55836,51.04450,-0.13815,-0.20311,-0.01046,-0.53509,0.81995,
1787040835266671872,-60.48240,50.91730,-0.10132,-0.18786,-0.01735,-0.55706,0.80876,
1787040835533338112,-60.26603,50.55749,-0.15276,-0.20091,-0.04256,-0.55846,0.80370,
1787040835800005888,-60.07287,50.16026,-0.13075,-0.28779,-0.03876,-0.53407,0.79400,
1787040835966672896,-59.98060,49.91476,-0.14940,-0.29626,-0.04744,-0.52670,0.79534,
1787040836166671872,-59.88556,49.60874,-0.19076,-0.33066,-0.02000,-0.49752,0.80171,
1787040836333338880,-59.80998,49.35936,-0.16095,-0.32796,-0.01211,-0.52913,0.78250,
1787040836500008960,-59.76396,49.12764,-0.15489,-0.19940,-0.01824,-0.52781,0.82543,
1787040836666671872,-59.72017,48.87442,-0.18320,-0.06774,-0.06360,-0.50011,0.86096,
1787040836933337856,-59.67855,48.43485,-0.15019,0.06411,-0.14282,-0.49757,0.85318,
1787040837200005888,-59.69518,47.94372,-0.25582,0.05648,-0.16512,-0.49201,0.85292,
1787040837300005888,-59.71249,47.76539,-0.26760,0.02227,-0.14527,-0.51615,0.84379,
1787040837533339136,-59.73792,47.37008,-0.23783,-0.07455,-0.11832,-0.54291,0.82807,
1787040837700005888,-59.74609,47.06305,-0.28379,-0.26372,-0.03634,-0.49972,0.82426,
1787040837966674944,-59.80710,46.60322,-0.28173,-0.38093,0.00496,-0.48328,0.78823,
1787040838100006144,-59.86319,46.42092,-0.29191,-0.37531,-0.00612,-0.48747,0.78833,
1787040838233339136,-59.92446,46.20598,-0.36026,-0.30462,-0.02385,-0.50686,0.80606,
1787040838400007936,-60.00331,45.98095,-0.41924,-0.13388,-0.04408,-0.48254,0.86446,
1787040838633337856,-60.09253,45.54465,-0.40238,0.04692,-0.11038,-0.49968,0.85787,
1787040838866674944,-60.13466,45.09686,-0.50365,0.15615,-0.18082,-0.44781,0.86162,
1787040839066673920,-60.20237,44.73767,-0.49044,0.21991,-0.22938,-0.44680,0.83630,
1787040839300007168,-60.28669,44.31458,-0.53716,0.34090,-0.25823,-0.38633,0.81723,
1787040839466674944,-60.32946,43.98124,-0.49584,0.41805,-0.27347,-0.38759,0.77474,
1787040839600007936,-60.34034,43.71036,-0.48442,0.41705,-0.25994,-0.39936,0.77396,
1787040839733338112,-60.35056,43.46444,-0.52709,0.32592,-0.23646,-0.44424,0.80032,
1787040839866672128,-60.36384,43.19685,-0.53543,0.20340,-0.21886,-0.47687,0.82663,
1787040840133338880,-60.44901,42.82395,-0.49060,0.03332,-0.19864,-0.48228,0.85255,
1787040840200006912,-60.47781,42.77461,-0.48408,0.00326,-0.18842,-0.47249,0.86095,
1787040840500005120,-60.57058,42.23456,-0.44607,-0.09924,-0.14639,-0.46944,0.86507,
1787040840600007168,-60.56639,42.03834,-0.41890,-0.11210,-0.13044,-0.48809,0.85568,
1787040840933339136,-60.58838,41.50049,-0.47613,-0.09790,-0.12108,-0.45277,0.87793,
1787040841000005888,-60.60051,41.40814,-0.45738,-0.08402,-0.12273,-0.45435,0.87832,
1787040841300005888,-60.68688,40.93515,-0.47097,-0.04740,-0.15670,-0.44355,0.88117,
1787040841466672896,-60.73652,40.64351,-0.47606,-0.01089,-0.14969,-0.43335,0.88864,
1787040841533339136,-60.75493,40.54143,-0.45907,0.00521,-0.15124,-0.43116,0.88949,
1787040841733339136,-60.78036,40.20781,-0.43775,0.03147,-0.13778,-0.45222,0.88064,
1787040841866672896,-60.78624,39.97225,-0.47296,0.02726,-0.11513,-0.45901,0.88052,
1787040842033339136,-60.81141,39.67392,-0.47975,0.00330,-0.12496,-0.49307,0.86096,
1787040842200007936,-60.86642,39.40272,-0.44815,-0.02831,-0.13206,-0.52697,0.83909,
1787040842333338880,-60.92030,39.18978,-0.46704,-0.05694,-0.15069,-0.51234,0.84354,
1787040842466672896,-60.96999,38.99499,-0.48821,-0.08880,-0.13880,-0.48538,0.85864,
1787040842566673920,-61.00132,38.84845,-0.48164,-0.11872,-0.10867,-0.45855,0.87397,
1787040842833338880,-61.04913,38.41158,-0.44201,-0.17185,-0.06611,-0.46307,0.86699,
1787040843033338112,-61.07450,38.07267,-0.48331,-0.15646,-0.06776,-0.46631,0.86804,
1787040843233339136,-61.10823,37.71928,-0.45629,-0.08526,-0.09505,-0.46119,0.87807,
1787040843500008960,-61.18910,37.30583,-0.47030,-0.03189,-0.13529,-0.45426,0.87996,
1787040843800007936,-61.23568,36.78002,-0.46576,-0.05080,-0.10863,-0.49176,0.86243,
1787040843900007936,-61.23027,36.60793,-0.45536,-0.05843,-0.08058,-0.50268,0.85872,
1787040844233338112,-61.24159,36.08896,-0.49347,-0.08253,-0.06092,-0.47414,0.87445,
1787040844400006144,-61.26445,35.81794,-0.45519,-0.05831,-0.07083,-0.47573,0.87479,
1787040844466672896,-61.28090,35.71586,-0.45216,-0.04653,-0.08330,-0.46837,0.87836,
1787040844633338880,-61.32634,35.47692,-0.48256,-0.01238,-0.10853,-0.45563,0.88344,
1787040844866672896,-61.37973,35.10597,-0.47725,0.00820,-0.11300,-0.43349,0.89401,
1787040845100007168,-61.37883,34.71345,-0.45649,-0.08491,-0.06109,-0.45552,0.88406,
1787040845266673920,-61.38337,34.43425,-0.48883,-0.16306,-0.04133,-0.44452,0.87983,
1787040845533339136,-61.36158,33.96493,-0.46084,-0.21711,0.00379,-0.52328,0.82403,
1787040845633338880,-61.36035,33.79427,-0.46527,-0.25275,0.00259,-0.52261,0.81424,
1787040845900007936,-61.34966,33.34148,-0.48484,-0.35913,0.03681,-0.48642,0.79565,
1787040846066673920,-61.31240,33.05110,-0.44424,-0.39681,0.06035,-0.48008,0.78001,
1787040846200005120,-61.24783,32.81891,-0.42964,-0.41263,0.07216,-0.48727,0.76622,
1787040846366672896,-61.16148,32.54463,-0.45078,-0.42982,0.07703,-0.48359,0.75860,
1787040846500006912,-61.07332,32.33539,-0.40827,-0.40820,0.07112,-0.52608,0.74266,
1787040846566673152,-61.03811,32.23939,-0.37592,-0.39297,0.06830,-0.55558,0.72954,
1787040846966674176,-60.85499,31.76097,-0.35885,-0.34317,0.07219,-0.57731,0.73738,
1787040847033340928,-60.77930,31.63509,-0.35050,-0.34767,0.09470,-0.57444,0.73497,
1787040847133337856,-60.70680,31.54733,-0.32885,-0.36431,0.13936,-0.55372,0.73570,
1787040847400008960,-60.47754,31.31628,-0.31532,-0.43273,0.19292,-0.53236,0.70151,
1787040847566672128,-60.29530,31.14913,-0.32416,-0.48013,0.18401,-0.48598,0.70671,
1787040847933339136,-59.96695,30.84470,-0.26668,0.54428,-0.16041,0.46516,-0.67945,
1787040848033339136,-59.86952,30.75236,-0.29065,0.56376,-0.15601,0.45706,-0.67002,
1787040848233340928,-59.64689,30.56518,-0.29963,0.58808,-0.16984,0.44466,-0.65391,
1787040848500008960,-59.29460,30.38743,-0.28049,0.54187,-0.21518,0.49903,-0.64113,
1787040848666672896,-59.06033,30.29220,-0.31422,0.55787,-0.21884,0.48506,-0.63688,
1787040848866673920,-58.79432,30.19678,-0.27095,0.58773,-0.23110,0.46516,-0.62032,
1787040849033339136,-58.59500,30.10203,-0.25150,0.61608,-0.22506,0.45810,-0.59995,
1787040849200009984,-58.37300,30.00294,-0.27745,0.62390,-0.20977,0.44962,-0.60381,
1787040849566673152,-57.84211,29.84957,-0.20573,0.62523,-0.22394,0.42163,-0.61739,
1787040849633337856,-57.72377,29.82808,-0.20329,0.62579,-0.23744,0.40661,-0.62184,
1787040849933340160,-57.24572,29.75306,-0.23344,0.61996,-0.24898,0.41693,-0.61630,
1787040850000005888,-57.13504,29.72411,-0.22084,0.61374,-0.24403,0.42684,-0.61772,
1787040850300005888,-56.63777,29.59797,-0.22323,0.59544,-0.19652,0.45735,-0.63060,
1787040850566673920,-56.19643,29.51438,-0.21551,0.61755,-0.18938,0.43367,-0.62825,
1787040850666676992,-56.02513,29.50510,-0.18924,0.61964,-0.20856,0.44530,-0.61177,
1787040850933339136,-55.53753,29.49342,-0.22638,0.61403,-0.25812,0.44506,-0.59855,
1787040851133341184,-55.17519,29.45959,-0.21456,0.58120,-0.26328,0.49251,-0.59189,
1787040851233339136,-55.05674,29.40201,-0.20991,0.55923,-0.27204,0.52241,-0.58339,
1787040851500005120,-54.52393,29.31382,-0.25197,0.53810,-0.28738,0.53679,-0.58285,
1787040851666675200,-54.25518,29.25193,-0.24448,0.53664,-0.32524,0.52742,-0.57277,
1787040851866673920,-53.96298,29.19375,-0.16920,0.55019,-0.35508,0.51914,-0.54928,
1787040852133339904,-53.41471,29.16092,-0.18078,0.57197,-0.32467,0.47551,-0.58423,
1787040852333338880,-53.05550,29.11321,-0.12797,0.57126,-0.28791,0.47743,-0.60236,
1787040852600004864,-52.55997,29.01622,-0.12852,0.58736,-0.23559,0.47142,-0.61423,
1787040852700005888,-52.37100,28.97535,-0.14173,0.59806,-0.22778,0.45770,-0.61722,
1787040853066676992,-51.69219,28.86651,-0.08453,0.62034,-0.23558,0.41919,-0.61965,
1787040853266676992,-51.30293,28.81087,-0.12529,0.62401,-0.24413,0.41079,-0.61827,
1787040853400006912,-51.03308,28.77337,-0.11607,0.61402,-0.24066,0.43012,-0.61650,
1787040853600007936,-50.64859,28.69828,-0.08725,0.61383,-0.23689,0.44421,-0.60810,
1787040853766673152,-50.33835,28.62787,-0.11645,0.62019,-0.22064,0.44179,-0.60951,
1787040853933337856,-50.02263,28.55217,-0.13591,0.62651,-0.22060,0.42573,-0.61447,
1787040854100007168,-49.66777,28.50435,-0.10633,0.60374,-0.24843,0.46299,-0.59952,
1787040854333338112,-49.16116,28.48742,-0.12781,0.59468,-0.27802,0.44298,-0.61059,
1787040854866672896,-48.01936,28.40336,-0.08955,0.59936,-0.22620,0.42881,-0.63696,
1787040855033339136,-47.64437,28.35364,-0.11663,0.59717,-0.20983,0.41559,-0.65318,
1787040855133339904,-47.44430,28.32941,-0.11915,0.60442,-0.20809,0.40133,-0.65598,
1787040855233339136,-47.20238,28.31529,-0.10330,0.60971,-0.21422,0.40792,-0.64496,
1787040855666671872,-46.20934,28.32171,-0.17978,0.62510,-0.24748,0.42056,-0.60921,
1787040855833338880,-45.87540,28.30615,-0.15552,0.61690,-0.25543,0.43044,-0.60738,
1787040855966672896,-45.57089,28.29295,-0.16278,0.61662,-0.25454,0.44371,-0.59843,
1787040856266673920,-44.89796,28.27025,-0.20224,0.63776,-0.25569,0.41820,-0.59413,
1787040856400007936,-44.51553,28.29686,-0.17860,0.63550,-0.26866,0.42765,-0.58402,
1787040856533339136,-44.27739,28.31054,-0.18506,0.63261,-0.28527,0.41375,-0.58926,
1787040856733339136,-43.79107,28.34231,-0.23066,0.63363,-0.26179,0.41275,-0.59968,
1787040856933339136,-43.26781,28.36889,-0.20011,0.61154,-0.25917,0.43351,-0.60903,
1787040857033339904,-43.05424,28.35994,-0.19693,0.60414,-0.24843,0.44786,-0.61051,
1787040857433339136,-42.19032,28.29791,-0.22416,0.60682,-0.23816,0.45025,-0.61018,
1787040857666671872,-41.64830,28.30925,-0.20284,0.60448,-0.25362,0.43441,-0.61772,
1787040857833340928,-41.39340,28.28380,-0.22435,0.60483,-0.24195,0.42557,-0.62811,
1787040858000005888,-41.04813,28.25934,-0.18863,0.59937,-0.23455,0.43042,-0.63284,
1787040858100006144,-40.81971,28.23116,-0.16255,0.58429,-0.22562,0.45047,-0.63622,
1787040858333339904,-40.46295,28.10799,-0.18145,0.54869,-0.18630,0.47730,-0.66062,
1787040858500005888,-40.19284,28.02903,-0.17841,0.54745,-0.18308,0.46607,-0.67049,
1787040858700005888,-39.84384,27.97100,-0.12194,0.55659,-0.21578,0.46071,-0.65680,
1787040859033339136,-39.21361,27.89958,-0.12863,0.59155,-0.22118,0.40385,-0.66186,
1787040859166672896,-38.98459,27.87352,-0.09230,0.58370,-0.21211,0.40075,-0.67358,
1787040859333338880,-38.67400,27.82948,-0.06769,0.57623,-0.20704,0.41545,-0.67267,
1787040859600007168,-38.18408,27.75925,-0.10545,0.58962,-0.19572,0.39812,-0.67494,
1787040859833341952,-37.72578,27.70934,-0.06921,0.62899,-0.22423,0.39061,-0.63366,
1787040859900005120,-37.52362,27.70453,-0.07009,0.64376,-0.21808,0.39504,-0.61803,
1787040860233339904,-36.80181,27.69022,-0.09894,0.68994,-0.20285,0.40186,-0.56687,
1787040860433339136,-36.35216,27.66728,-0.06568,0.66203,-0.21162,0.43920,-0.56924,
1787040860666672896,-35.75077,27.65371,-0.11965,0.63015,-0.20683,0.45630,-0.59324,
1787040860933337856,-35.18374,27.64980,-0.08123,0.61602,-0.27450,0.47159,-0.56813,
1787040861100006144,-34.78875,27.67893,-0.09372,0.61285,-0.29358,0.46314,-0.56897,
1787040861400007936,-34.10652,27.72688,-0.08119,0.60282,-0.27778,0.45588,-0.59298,
1787040861566672128,-33.79586,27.71898,-0.05332,0.59903,-0.26853,0.44698,-0.60768,
1787040861833338880,-33.33136,27.67203,-0.10505,0.60561,-0.23790,0.42408,-0.62992,
1787040861966675968,-33.06222,27.66460,-0.08859,0.60943,-0.25500,0.42967,-0.61560,
1787040862300007168,-32.36233,27.68286,-0.13031,0.59955,-0.27257,0.42838,-0.61866,
1787040862400005120,-32.18162,27.67173,-0.12874,0.59880,-0.24293,0.42139,-0.63629,
1787040862566673152,-31.81953,27.65306,-0.09156,0.57970,-0.22654,0.42472,-0.65746,
1787040862800004864,-31.43147,27.60002,-0.10897,0.56883,-0.17949,0.42422,-0.68136,
1787040863000008960,-31.02462,27.54975,-0.10658,0.57004,-0.18095,0.43473,-0.67328,
1787040863066674944,-30.87309,27.53979,-0.08866,0.55972,-0.19643,0.46664,-0.65603,
1787040863400006144,-30.22878,27.50729,-0.12847,0.56252,-0.23279,0.46331,-0.64399,
1787040863466671872,-30.08006,27.49327,-0.13094,0.56153,-0.21879,0.47086,-0.64428,
1787040863900006912,-29.44055,27.28340,-0.13620,0.51925,-0.18658,0.52027,-0.65183,
1787040863966672896,-29.35863,27.24738,-0.13555,0.52053,-0.18022,0.49324,-0.67326,
1787040864366672128,-28.70655,27.06365,-0.08155,0.53742,-0.17705,0.41805,-0.71068,
1787040864433339136,-28.58460,27.03117,-0.09607,0.54037,-0.17156,0.40611,-0.71668,
1787040864566673152,-28.33973,26.95617,-0.08905,0.54311,-0.15419,0.39802,-0.72307,
1787040864700009216,-28.13355,26.87227,-0.04031,0.53248,-0.15719,0.40895,-0.72423,
1787040864933339136,-27.77420,26.69011,-0.03145,0.52950,-0.11555,0.40096,-0.73859,
1787040865066673920,-27.64878,26.57520,-0.05646,0.52883,-0.10817,0.38772,-0.74720,
1787040865200015104,-27.43160,26.46266,-0.02161,0.52505,-0.11459,0.39709,-0.74398,
1787040865366672896,-27.18282,26.32902,0.00114,0.50663,-0.13090,0.42367,-0.73939,
1787040865600006144,-26.82616,26.12740,-0.04784,-0.48507,0.14684,-0.42952,0.74744,
1787040865833339904,-26.50994,25.89524,-0.03018,-0.43514,0.13447,-0.49648,0.73897,
1787040866033339136,-26.23300,25.66649,-0.04821,-0.40691,0.09932,-0.52035,0.74417,
1787040866200005120,-26.07242,25.46724,-0.08427,-0.40607,0.09254,-0.51102,0.75193,
1787040866333338880,-25.88159,25.30799,-0.04871,-0.41561,0.09792,-0.50413,0.75068,
1787040866500005120,-25.63306,25.12640,-0.05644,-0.42670,0.12490,-0.48762,0.75136,
1787040866733339904,-25.20551,24.87872,-0.04440,-0.43132,0.12138,-0.44662,0.77444,
1787040866933339136,-24.96536,24.67716,0.01219,-0.40592,0.10906,-0.46305,0.78033,
1787040867100007936,-24.74769,24.47803,0.00221,-0.40291,0.07587,-0.47775,0.77696,
1787040867233339136,-24.56011,24.31203,-0.03395,-0.40822,0.06575,-0.46823,0.78089,
1787040867500006912,-24.21520,24.00029,0.00555,-0.41237,0.07644,-0.47522,0.77348,
1787040867833338880,-23.73541,23.63318,-0.02493,-0.40802,0.07944,-0.45336,0.78846,
1787040867966672896,-23.51346,23.47244,0.01383,-0.40381,0.09180,-0.45866,0.78622,
1787040868300007168,-23.10141,23.07547,0.00432,-0.41730,0.10295,-0.48634,0.76075,
1787040868433339136,-22.93312,22.89656,-0.01809,-0.43159,0.11149,-0.47047,0.76155,
1787040868500006912,-22.84464,22.80406,-0.00939,-0.44018,0.11829,-0.47130,0.75506,
1787040868766671872,-22.49517,22.49220,0.02274,-0.46682,0.15569,-0.46334,0.73699,
1787040868900006144,-22.30568,22.33767,-0.00437,-0.47221,0.15683,-0.44290,0.74583,
1787040869033339136,-22.10854,22.18017,0.00432,-0.46094,0.14892,-0.44631,0.75244,
1787040869300007936,-21.73576,21.85564,0.03754,-0.44542,0.12560,-0.47981,0.74539,
1787040869566673152,-21.36480,21.53801,0.00709,-0.45014,0.13656,-0.47865,0.74136,
1787040869633341184,-21.26806,21.46684,0.02118,-0.45352,0.14504,-0.48583,0.73298,
1787040869700006912,-21.17416,21.40249,0.03898,-0.45584,0.15712,-0.49423,0.72337,
1787040870100014848,-20.47970,20.96251,0.00389,-0.46770,0.15365,-0.45354,0.74293,
1787040870266671872,-20.22425,20.77578,0.04273,-0.45570,0.14941,-0.47823,0.73574,
1787040870333338112,-20.12493,20.70053,0.04343,-0.44985,0.14606,-0.49464,0.72913,
1787040870666671872,-19.59329,20.30791,0.00374,-0.46113,0.14695,-0.49819,0.71942,
1787040870800004864,-19.38012,20.17703,0.03652,-0.47376,0.15292,-0.50809,0.70286,
1787040870933340160,-19.14787,20.05001,0.04033,-0.47629,0.15798,-0.48961,0.71308,
1787040871166672896,-18.76013,19.84814,0.00574,-0.49269,0.13388,-0.43916,0.73924,
1787040871400006144,-18.38164,19.61373,0.04671,-0.47732,0.13156,-0.45742,0.73866,
1787040871533339136,-18.15579,19.46570,0.02084,-0.46710,0.12245,-0.46787,0.74021,
1787040871866672896,-17.57132,19.09539,0.02737,-0.48560,0.14042,-0.45564,0.73271,
1787040872000008192,-17.35545,18.97994,0.04228,-0.48729,0.15222,-0.44292,0.73702,
1787040872400006144,-16.66461,18.60669,0.04056,0.51560,-0.16298,0.40771,-0.73578,
1787040872533339136,-16.52375,18.47069,0.04165,0.52550,-0.15630,0.41843,-0.72411,
1787040872800005888,-16.00696,18.19408,0.00154,0.54161,-0.14616,0.41070,-0.71877,
1787040872866672128,-15.93078,18.11506,0.00866,0.54684,-0.15333,0.41465,-0.71100,
1787040872933339136,-15.74854,18.06623,0.02751,0.54425,-0.16609,0.42419,-0.70447,
1787040873066672128,-15.48747,17.97258,0.05216,0.53683,-0.20515,0.44400,-0.68745,
1787040873333339904,-14.97249,17.78889,0.00022,0.55691,-0.19861,0.42163,-0.68749,
1787040873466675968,-14.73085,17.69427,0.02774,0.56708,-0.18551,0.42526,-0.68056,
1787040873733339136,-14.25960,17.49082,0.01362,0.59261,-0.16244,0.42206,-0.66655,
1787040873866672896,-14.00108,17.39348,-0.01095,0.61029,-0.16107,0.40626,-0.66073,
1787040874066672128,-13.60698,17.27102,0.02838,0.63040,-0.18390,0.41207,-0.63165,
1787040874333338880,-13.06959,17.13878,-0.01451,0.60946,-0.19202,0.38860,-0.66384,
1787040874400005120,-12.93612,17.08521,-0.03870,0.57968,-0.16454,0.40073,-0.69015,
1787040874600006144,-12.56344,16.94039,-0.02545,0.52827,-0.11885,0.43659,-0.71847,
1787040874800005888,-12.21762,16.87915,-0.04154,0.51474,-0.09492,0.45363,-0.72129,
1787040874866672896,-12.07052,16.84502,-0.06609,0.51914,-0.08809,0.44175,-0.72636,
1787040875000005888,-11.79038,16.76789,-0.09068,0.52755,-0.09864,0.43388,-0.72368,
1787040875266671872,-11.20170,16.62871,-0.07205,-0.49666,0.21925,-0.53978,0.64335,
1787040875533340928,-10.62308,16.52300,-0.15120,-0.47471,0.26054,-0.56641,0.62125,
1787040875600006144,-10.46062,16.48801,-0.15562,-0.46113,0.26072,-0.58124,0.61769,
1787040875800007168,-10.06807,16.37388,-0.12533,0.43559,-0.25466,0.61626,-0.60468,
1787040876066672128,-9.56714,16.21463,-0.17116,0.44830,-0.22967,0.61637,-0.60528,
1787040876133338880,-9.43734,16.17769,-0.16719,0.45710,-0.23783,0.60830,-0.60371,
1787040876333338880,-9.02031,16.07524,-0.12760,0.47388,-0.25204,0.61447,-0.57821,
1787040876466672896,-8.68529,16.03500,-0.12391,0.47479,-0.26176,0.60104,-0.58720,
1787040876666673920,-8.42822,15.91884,-0.14030,-0.47861,0.25196,-0.58496,0.60437,
1787040876733339904,-8.31877,15.87270,-0.12569,-0.47250,0.23933,-0.58963,0.60975,
1787040877000006912,-7.85835,15.67946,-0.09225,-0.45887,0.19308,-0.59222,0.63359,
1787040877133339904,-7.65834,15.58245,-0.11100,-0.46652,0.17571,-0.56956,0.65352,
1787040877266673152,-7.43988,15.48421,-0.09943,0.50490,-0.17365,0.51188,-0.67299,
1787040877466671872,-7.14291,15.29623,-0.01449,0.54008,-0.18179,0.47276,-0.67213,
1787040877600006144,-6.90346,15.22691,-0.01356,0.57129,-0.19329,0.42982,-0.67195,
1787040877800005888,-6.54563,15.14938,-0.00457,0.59200,-0.17996,0.39121,-0.68126,
1787040877866672896,-6.43769,15.10700,0.01307,0.57930,-0.17113,0.39854,-0.69014,
1787040878000006912,-6.20935,15.01492,0.05265,0.55417,-0.16852,0.40666,-0.70649,
1787040878266673152,-5.77017,14.80555,0.01941,0.55292,-0.14302,0.40661,-0.71309,
1787040878400006912,-5.54610,14.69986,0.02612,0.55354,-0.14710,0.38953,-0.72127,
1787040878533338112,-5.31824,14.60876,0.06593,0.54186,-0.15645,0.41009,-0.71676,
1787040878666672896,-5.07654,14.53745,0.06394,0.53207,-0.17100,0.39815,-0.72742,
1787040878866672128,-4.69956,14.42521,0.03393,0.53421,-0.16446,0.38880,-0.73239,
1787040878933339136,-4.57936,14.37907,0.04030,0.52723,-0.16080,0.39825,-0.73319,
1787040879000005120,-4.46613,14.33394,0.05463,0.51763,-0.16805,0.40809,-0.73299,
1787040879200005888,-4.12190,14.18455,0.06944,0.51846,-0.15685,0.43405,-0.71986,
1787040879333338112,-3.89200,14.09020,0.03112,0.53540,-0.14965,0.42246,-0.71588,
1787040879600007168,-3.35226,13.90837,0.04236,0.55810,-0.19288,0.43072,-0.68249,
1787040879733339136,-3.09682,13.83982,0.04385,0.55741,-0.21917,0.43330,-0.67343,
1787040879933339136,-2.67843,13.74795,0.00691,0.58641,-0.23115,0.38713,-0.67292,
1787040880200005888,-2.14074,13.59859,0.05463,0.58371,-0.21297,0.39380,-0.67739,
1787040880333338880,-1.88747,13.50986,0.03630,0.59263,-0.18636,0.40572,-0.67041,
1787040880533339136,-1.46461,13.39573,-0.00065,0.59241,-0.18975,0.38709,-0.68059,
1787040880666672896,-1.17790,13.31812,0.02209,0.59792,-0.20012,0.38661,-0.67303,
1787040880800005888,-0.88435,13.24653,0.03261,0.61011,-0.21771,0.39219,-0.65311,
1787040881000005120,-0.47652,13.14810,-0.01764,0.61439,-0.20641,0.37691,-0.66171,
1787040881066673920,-0.32383,13.11324,-0.03344,0.60770,-0.19324,0.37837,-0.67097,
1787040881200005120,-0.04793,13.03987,-0.01500,0.58448,-0.18155,0.39202,-0.68684,
1787040881333339904,0.22019,12.95497,-0.00731,0.57345,-0.14798,0.41952,-0.68794,
1787040881466671872,0.47479,12.86508,-0.04240,0.58777,-0.12161,0.41955,-0.68097,
1787040881600007168,0.75898,12.77724,-0.07053,0.61448,-0.11200,0.40779,-0.66601,
1787040881733339136,1.04507,12.70404,-0.05795,0.65402,-0.13394,0.38592,-0.63670,
1787040881866672128,1.35579,12.64536,-0.03097,0.68364,-0.18145,0.38844,-0.59062,
1787040882000005888,1.68169,12.58977,-0.05713,0.68917,-0.21869,0.37984,-0.57701,
1787040882266673152,2.30227,12.46442,-0.08664,0.67364,-0.22296,0.40332,-0.57778,
1787040882333338880,2.46663,12.42645,-0.07110,0.65059,-0.22983,0.42107,-0.58875,
1787040882466674176,2.76639,12.34143,-0.06930,0.60549,-0.20789,0.45074,-0.62209,
1787040882800005888,3.54500,12.11270,-0.10344,0.56060,-0.19970,0.43212,-0.67758,
1787040882866672896,3.70534,12.06759,-0.08566,0.55623,-0.20484,0.44176,-0.67342,
1787040883066672128,4.09171,11.93803,-0.08292,0.53561,-0.23017,0.46705,-0.66483,
1787040883200005888,4.36432,11.83791,-0.11594,0.53409,-0.21900,0.46532,-0.67101,
1787040883466672896,4.88704,11.57863,-0.07425,-0.48974,0.16556,-0.49327,0.69959,
1787040883666671872,5.25078,11.37246,-0.08906,-0.44772,0.11134,-0.47906,0.74677,
1787040883800004864,5.46022,11.22881,-0.09503,-0.44052,0.09326,-0.45170,0.77020,
1787040883933339136,5.71129,11.08090,-0.06636,-0.43361,0.08568,-0.44101,0.78112,
1787040884133338880,6.07901,10.87689,-0.04907,-0.41875,0.09710,-0.43654,0.79035,
1787040884266671872,6.33056,10.73324,-0.08475,-0.42046,0.10016,-0.41720,0.79945,
1787040884400006144,6.58433,10.56851,-0.08387,-0.40157,0.09350,-0.43679,0.79951,
1787040884733339136,7.14090,10.11609,-0.09686,-0.38984,0.07281,-0.47213,0.78729,
1787040884866672896,7.36664,9.92735,-0.11886,-0.40345,0.07723,-0.45684,0.78903,
1787040884933337856,7.45788,9.83890,-0.11294,-0.41523,0.08540,-0.45767,0.78156,
1787040885133337856,7.81804,9.58807,-0.09370,-0.42108,0.13872,-0.48354,0.75475,
1787040885466671872,8.44522,9.17591,-0.13837,-0.40220,0.15300,-0.48428,0.76178,
1787040885600006144,8.64374,9.01093,-0.09537,-0.39446,0.14090,-0.48619,0.76693,
1787040885666671872,8.78215,8.91281,-0.09563,-0.39814,0.12439,-0.48403,0.76924,
1787040885933339136,9.18048,8.60486,-0.14933,-0.43749,0.09971,-0.46527,0.76301,
1787040886000005888,9.29614,8.52279,-0.14440,-0.44976,0.11500,-0.46488,0.75391,
1787040886466672896,10.14605,7.99356,-0.15938,-0.45072,0.15324,-0.46215,0.74819,
1787040886666672896,10.47523,7.75485,-0.10319,-0.44996,0.13642,-0.47768,0.74213,
1787040886733338112,10.57783,7.67716,-0.09302,-0.45485,0.11949,-0.47790,0.74192,
1787040886800007168,10.65936,7.61389,-0.09222,-0.45945,0.10635,-0.46853,0.74705,
1787040886933337856,10.86758,7.47502,-0.11792,-0.47980,0.08976,-0.44435,0.75119,
1787040887200005888,11.35584,7.18435,-0.08221,-0.49218,0.11163,-0.44888,0.73743,
1787040887400005120,11.71353,6.98835,-0.08068,-0.48515,0.14450,-0.45684,0.73147,
1787040887600006144,12.07648,6.79263,-0.10534,-0.46221,0.13277,-0.44939,0.75285,
1787040887800005888,12.40978,6.58421,-0.05712,-0.43485,0.13379,-0.47615,0.75252,
1787040888200005888,13.04910,6.14774,-0.08563,-0.43764,0.10398,-0.47628,0.75553,
1787040888466672896,13.52227,5.88502,-0.04519,-0.43757,0.10950,-0.46266,0.76321,
1787040888600007168,13.75752,5.75738,-0.06974,-0.42789,0.10734,-0.44767,0.77781,
1787040888666671872,13.84615,5.70312,-0.06566,-0.42412,0.09418,-0.44275,0.78437,
1787040888733338112,13.98009,5.62630,-0.05438,-0.41314,0.09008,-0.44849,0.78743,
1787040888866672128,14.24286,5.46138,-0.02393,-0.38562,0.10310,-0.48851,0.77590,
1787040889133338880,14.65580,5.15468,-0.05194,-0.38413,0.08918,-0.51551,0.76075,
1787040889200005120,14.77296,5.07107,-0.05435,-0.38873,0.08799,-0.50501,0.76558,
1787040889600006144,15.38674,4.62208,-0.00649,-0.38780,0.10775,-0.47456,0.78281,
1787040889800005888,15.74214,4.37431,-0.03465,-0.37827,0.10420,-0.48463,0.78178,
1787040889866672896,15.85545,4.28699,-0.02973,-0.36709,0.10082,-0.50185,0.77668,
1787040890133338880,16.29212,3.92148,-0.03477,-0.34128,0.10839,-0.56413,0.74400,
1787040890266673152,16.46248,3.74254,-0.07107,-0.34758,0.11599,-0.57636,0.73044,
1787040890533339136,16.76906,3.39320,-0.03596,-0.36739,0.16206,-0.59509,0.69616,
1787040890666675200,16.95751,3.23012,-0.03184,-0.36323,0.18034,-0.58827,0.69963,
1787040890933339136,17.31583,2.89069,-0.03644,-0.35349,0.13226,-0.57283,0.72760,
1787040891133337856,17.54994,2.65466,0.02485,-0.34210,0.09079,-0.55469,0.75302,
1787040891200005888,17.62697,2.57511,0.02608,-0.33664,0.07458,-0.54980,0.76081,
1787040891400006144,17.87656,2.32719,-0.00400,-0.32220,0.05006,-0.53771,0.77752,
1787040891533339904,18.02813,2.17308,0.00856,-0.32495,0.05954,-0.51402,0.79161,
1787040891733338112,18.31200,1.93554,0.05445,-0.32491,0.07053,-0.50323,0.79763,
1787040891933339136,18.58272,1.72844,0.02777,-0.31535,0.08395,-0.46952,0.82040,
1787040892000006912,18.62448,1.68676,0.02231,-0.31238,0.07069,-0.46656,0.82447,
1787040892333338112,19.03760,1.30933,0.06882,-0.26559,0.02383,-0.52512,0.80817,
1787040892533339136,19.25100,1.06701,0.03599,-0.25006,0.00142,-0.53652,0.80598,
1787040892733338112,19.46672,0.81573,0.06652,-0.25092,-0.00267,-0.54567,0.79954,
1787040892800005888,19.55068,0.73883,0.08242,-0.25662,0.01051,-0.55324,0.79244,
1787040893066672128,19.88953,0.45089,0.07212,-0.41007,0.09385,-0.50749,0.75199,
1787040893266671872,20.13150,0.20482,0.07832,-0.41994,0.08303,-0.51926,0.73968,
1787040893466672896,20.27751,-0.03511,0.08949,-0.28728,0.01085,-0.55581,0.78002,
1787040893600007168,20.39634,-0.20617,0.06439,-0.22624,-0.04175,-0.55717,0.79789,
1787040893933339136,20.72702,-0.65453,0.06683,-0.17403,-0.08774,-0.55648,0.80768,
1787040894066673152,20.88557,-0.83971,0.06394,-0.15034,-0.08808,-0.56560,0.80606,
1787040894200006912,21.03434,-1.02241,0.03817,-0.12872,-0.10141,-0.57216,0.80360,
1787040894333339904,21.19014,-1.20635,0.02562,-0.10780,-0.12717,-0.56576,0.80754,
1787040894666671872,21.47392,-1.63456,0.04043,-0.01298,-0.22483,-0.56952,0.79053,
1787040894866672128,21.53286,-1.81290,0.01331,0.02889,-0.28006,-0.55411,0.78338,
1787040895066673152,21.62759,-2.05294,0.00831,0.02255,-0.30305,-0.54565,0.78097,
1787040895200005120,21.68109,-2.20047,0.01813,0.03404,-0.31316,-0.55757,0.76804,
1787040895533339136,21.74370,-2.53561,-0.02466,0.17795,-0.39831,-0.54847,0.71334,
1787040895600004864,21.75417,-2.59482,-0.02579,0.20919,-0.42379,-0.53099,0.70335,
1787040895933337856,21.77061,-2.86462,-0.01213,0.36760,-0.51763,-0.45554,0.62403,
1787040896000006912,21.75827,-2.89836,-0.01511,0.38691,-0.53187,-0.44272,0.60944,
1787040896333338880,21.61442,-2.97938,-0.02471,-0.44666,0.57644,0.39920,-0.55575,
1787040896533338112,21.53563,-3.02860,-0.03170,-0.48353,0.59119,0.39421,-0.51117,
1787040896733339136,21.44737,-3.11798,-0.04518,0.52864,-0.60764,-0.37806,0.45650,
1787040896933337856,21.37800,-3.17440,-0.03467,0.56320,-0.61861,-0.36130,0.41180,
1787040897133338880,21.30283,-3.22771,-0.03676,0.56604,-0.63780,-0.35127,0.38654,
1787040897266671872,21.27155,-3.23592,-0.04138,0.57048,-0.64353,-0.34798,0.37326,
1787040897666671872,21.20260,-3.14965,-0.05095,0.54977,-0.65152,-0.35148,0.38695,
1787040897733339904,21.19038,-3.11727,-0.05345,0.53708,-0.65475,-0.35659,0.39458,
1787040897800007936,21.18139,-3.08388,-0.05235,0.52673,-0.65346,-0.36246,0.40517,
1787040897866672896,21.15792,-3.06207,-0.05652,0.51531,-0.65322,-0.36996,0.41338,
1787040897933339136,21.14520,-3.03577,-0.05591,0.50402,-0.65468,-0.37592,0.41958,
1787040898066673152,21.11166,-3.00165,-0.06059,-0.48553,0.65840,0.38533,-0.42696,
1787040898400006144,21.07490,-2.97501,-0.06658,-0.47428,0.67103,0.37994,-0.42476,
1787040898466672896,21.07823,-2.97982,-0.06084,-0.48581,0.66802,0.37097,-0.42441,
1787040898666671872,21.08942,-3.03232,-0.03245,0.53513,-0.64090,-0.33657,0.43543,
1787040898866672896,21.11993,-3.05381,0.01192,0.57865,-0.58062,-0.30228,0.48649,
1787040898933339136,21.13257,-3.05629,0.02488,0.59222,-0.55304,-0.29235,0.50789,
1787040899200005888,21.18091,-3.04034,0.05292,0.62242,-0.47422,-0.26295,0.56442,
1787040899400006912,21.21181,-3.04097,0.06135,0.63521,-0.45142,-0.22087,0.58647,
1787040899533339136,21.22284,-3.04706,0.06551,0.64548,-0.43063,-0.20320,0.59718,
1787040899733339136,21.23624,-3.06026,0.04258,0.67383,-0.41518,-0.17360,0.58604,
1787040899866672128,21.23774,-3.05630,0.04326,0.68532,-0.41255,-0.15990,0.57843,
1787040900133339904,21.25195,-3.06022,0.03711,0.70103,-0.38193,-0.13349,0.58725,
1787040900733338112,21.28068,-3.02418,0.01202,0.69512,-0.38976,-0.14045,0.58750,
1787040900866672896,21.28961,-3.01084,0.00982,0.68958,-0.39815,-0.15098,0.58580,
1787040901000005888,21.29687,-3.01707,-0.01018,0.68793,-0.40770,-0.15720,0.57950,
1787040901133338880,21.30445,-3.02335,-0.01903,0.68414,-0.40938,-0.17513,0.57766,
1787040901266673920,21.31354,-3.02985,-0.02932,0.67831,-0.40820,-0.19275,0.57975,
1787040901400006912,21.31874,-3.02950,-0.03842,0.67273,-0.41450,-0.21216,0.57499,
1787040901600006144,21.33656,-3.02056,-0.05024,0.66474,-0.42418,-0.22039,0.57412,
1787040902333339904,21.43207,-2.98890,-0.04639,0.65385,-0.43116,-0.22459,0.57977,
